ISO-10303-21;
HEADER;
FILE_DESCRIPTION (( 'STEP AP203' ),
    '1' );
FILE_NAME ('K3D-ST1W008S4E-V1_JAE_Proprietary.STEP',
    '2012-03-02T07:43:31',
    ( '' ),
    ( '' ),
    'SwSTEP 2.0',
    'SolidWorks 2008',
    '' );
FILE_SCHEMA (( 'CONFIG_CONTROL_DESIGN' ));
ENDSEC;

DATA;
#1 = DIRECTION ( 'NONE',  ( 0.0000000000000000000, 0.0000000000000000000, 1.000000000000000000 ) ) ;
#2 = DIRECTION ( 'NONE',  ( -4.982546748554710400E-017, -4.982546748554704800E-017, 1.000000000000000000 ) ) ;
#3 = VECTOR ( 'NONE', #28, 1000.000000000000000 ) ;
#4 = DIRECTION ( 'NONE',  ( 4.982546748554710400E-017, 4.982546748554704800E-017, -1.000000000000000000 ) ) ;
#5 = LINE ( 'NONE', #15, #3 ) ;
#6 = VECTOR ( 'NONE', #10, 1000.000000000000000 ) ;
#7 = DIRECTION ( 'NONE',  ( 1.232595164407830900E-032, 1.000000000000000000, 4.982546748554704800E-017 ) ) ;
#8 = PLANE ( 'NONE',  #24 ) ;
#9 = CARTESIAN_POINT ( 'NONE',  ( -7.502978098234931000, -0.1000000000000002600, 5.779999999999998500 ) ) ;
#10 = DIRECTION ( 'NONE',  ( 1.000000000000000000, -1.232595164407831200E-032, -4.982546748554703600E-017 ) ) ;
#11 = DIRECTION ( 'NONE',  ( -1.232595164407830900E-032, -1.000000000000000000, -4.982546748554704800E-017 ) ) ;
#12 = CARTESIAN_POINT ( 'NONE',  ( -7.502978098234929200, -1.340000000000000100, 8.500000000000000000 ) ) ;
#13 = CARTESIAN_POINT ( 'NONE',  ( -7.502978098234931000, -1.340000000000001000, 2.279999999999999400 ) ) ;
#14 = AXIS2_PLACEMENT_3D ( 'NONE', #12, #11, #4 ) ;
#15 = CARTESIAN_POINT ( 'NONE',  ( 6.199999999999995700, -1.340000000000001000, 8.499999999999998200 ) ) ;
#16 = FACE_OUTER_BOUND ( 'NONE', #5414, .T. ) ;
#17 = DIRECTION ( 'NONE',  ( 0.0000000000000000000, 0.0000000000000000000, 1.000000000000000000 ) ) ;
#18 = DIRECTION ( 'NONE',  ( 0.0000000000000000000, 1.000000000000000000, 0.0000000000000000000 ) ) ;
#19 = CARTESIAN_POINT ( 'NONE',  ( -6.799999999999998000, 0.0000000000000000000, 5.630000000000003400 ) ) ;
#20 = FACE_OUTER_BOUND ( 'NONE', #5418, .T. ) ;
#21 = PLANE ( 'NONE',  #14 ) ;
#22 = LINE ( 'NONE', #27, #10367 ) ;
#23 = LINE ( 'NONE', #13, #6 ) ;
#24 = AXIS2_PLACEMENT_3D ( 'NONE', #9, #7, #2 ) ;
#25 = AXIS2_PLACEMENT_3D ( 'NONE', #19, #18, #17 ) ;
#26 = CIRCLE ( 'NONE', #25, 0.1499999999999999700 ) ;
#27 = CARTESIAN_POINT ( 'NONE',  ( 6.199999999999994800, -0.1000000000000002600, 5.779999999999998500 ) ) ;
#28 = DIRECTION ( 'NONE',  ( -4.982546748554703600E-017, 4.982546748554703000E-017, -1.000000000000000000 ) ) ;
#29 = PLANE ( 'NONE',  #59 ) ;
#30 = DIRECTION ( 'NONE',  ( 1.000000000000000000, -0.0000000000000000000, 0.0000000000000000000 ) ) ;
#31 = VECTOR ( 'NONE', #30, 1000.000000000000000 ) ;
#32 = CARTESIAN_POINT ( 'NONE',  ( -6.799999999999998900, 0.2000000000000011800, 15.79999999999999500 ) ) ;
#33 = LINE ( 'NONE', #32, #31 ) ;
#34 = DIRECTION ( 'NONE',  ( -1.000000000000000000, 0.0000000000000000000, -0.0000000000000000000 ) ) ;
#35 = DIRECTION ( 'NONE',  ( 0.0000000000000000000, 0.0000000000000000000, -1.000000000000000000 ) ) ;
#36 = AXIS2_PLACEMENT_3D ( 'NONE', #63, #35, #34 ) ;
#37 = LINE ( 'NONE', #58, #57 ) ;
#38 = CARTESIAN_POINT ( 'NONE',  ( -4.200000000000000200, -1.649999999999999700, 15.49999999999999500 ) ) ;
#39 = DIRECTION ( 'NONE',  ( -1.000000000000000000, 0.0000000000000000000, 1.621236893436268400E-016 ) ) ;
#40 = VECTOR ( 'NONE', #39, 1000.000000000000000 ) ;
#41 = CARTESIAN_POINT ( 'NONE',  ( 5.349999999999998800, -1.649999999999999700, 15.49999999999999300 ) ) ;
#42 = LINE ( 'NONE', #41, #40 ) ;
#43 = DIRECTION ( 'NONE',  ( -0.0000000000000000000, 1.000000000000000000, 0.0000000000000000000 ) ) ;
#44 = VECTOR ( 'NONE', #43, 1000.000000000000000 ) ;
#45 = CARTESIAN_POINT ( 'NONE',  ( 3.999999999999999100, 0.2000000000000011800, 15.79999999999999500 ) ) ;
#46 = LINE ( 'NONE', #45, #44 ) ;
#47 = CARTESIAN_POINT ( 'NONE',  ( -5.800000000000000700, -21.27065238466855800, 15.29686269665968200 ) ) ;
#48 = LINE ( 'NONE', #47, #85 ) ;
#49 = CARTESIAN_POINT ( 'NONE',  ( -5.800000000000000700, -1.649999999999999700, 15.29686269665968200 ) ) ;
#50 = DIRECTION ( 'NONE',  ( 0.0000000000000000000, -5.246139544284700100E-016, 1.000000000000000000 ) ) ;
#51 = DIRECTION ( 'NONE',  ( -1.000000000000000000, -1.232595164407830900E-032, 3.781782119853306200E-016 ) ) ;
#52 = CARTESIAN_POINT ( 'NONE',  ( 6.752978098234927500, -0.7200000000000002000, 2.279999999999997100 ) ) ;
#53 = AXIS2_PLACEMENT_3D ( 'NONE', #52, #51, #50 ) ;
#54 = CYLINDRICAL_SURFACE ( 'NONE', #53, 0.6199999999999998800 ) ;
#55 = FACE_OUTER_BOUND ( 'NONE', #5532, .T. ) ;
#56 = DIRECTION ( 'NONE',  ( 0.0000000000000000000, 1.000000000000000000, 0.0000000000000000000 ) ) ;
#57 = VECTOR ( 'NONE', #56, 1000.000000000000000 ) ;
#58 = CARTESIAN_POINT ( 'NONE',  ( -4.200000000000000200, 0.2000000000000011800, 15.49999999999999500 ) ) ;
#59 = AXIS2_PLACEMENT_3D ( 'NONE', #76, #75, #74 ) ;
#60 = FACE_OUTER_BOUND ( 'NONE', #5589, .T. ) ;
#61 = DIRECTION ( 'NONE',  ( -1.000000000000000000, -1.232595164407830900E-032, 3.781782119853306200E-016 ) ) ;
#62 = VECTOR ( 'NONE', #61, 1000.000000000000000 ) ;
#63 = CARTESIAN_POINT ( 'NONE',  ( -6.799999999999998000, 20.04522618641298200, 15.79999999999999500 ) ) ;
#64 = PLANE ( 'NONE',  #36 ) ;
#65 = FACE_OUTER_BOUND ( 'NONE', #5614, .T. ) ;
#66 = DIRECTION ( 'NONE',  ( 0.7071067811865444600, -0.0000000000000000000, 0.7071067811865505700 ) ) ;
#67 = VECTOR ( 'NONE', #66, 1000.000000000000000 ) ;
#68 = CARTESIAN_POINT ( 'NONE',  ( -9.900000000000016300, 0.2000000000000003200, 9.899999999999925700 ) ) ;
#69 = LINE ( 'NONE', #68, #67 ) ;
#70 = LINE ( 'NONE', #102, #101 ) ;
#71 = DIRECTION ( 'NONE',  ( 0.0000000000000000000, 0.0000000000000000000, 1.000000000000000000 ) ) ;
#72 = DIRECTION ( 'NONE',  ( 0.0000000000000000000, 1.000000000000000000, 0.0000000000000000000 ) ) ;
#73 = AXIS2_PLACEMENT_3D ( 'NONE', #82, #72, #71 ) ;
#74 = DIRECTION ( 'NONE',  ( -1.000000000000000000, 0.0000000000000000000, -0.0000000000000000000 ) ) ;
#75 = DIRECTION ( 'NONE',  ( 0.0000000000000000000, 0.0000000000000000000, -1.000000000000000000 ) ) ;
#76 = CARTESIAN_POINT ( 'NONE',  ( -5.650000000000000400, -0.8999999999999991300, -0.5000000000000054400 ) ) ;
#77 = CARTESIAN_POINT ( 'NONE',  ( -3.999999999999998200, 0.2000000000000007300, 15.79999999999999500 ) ) ;
#78 = DIRECTION ( 'NONE',  ( 1.000000000000000000, 0.0000000000000000000, -1.621236893436268400E-016 ) ) ;
#79 = DIRECTION ( 'NONE',  ( 1.621236893436268400E-016, -0.0000000000000000000, 1.000000000000000000 ) ) ;
#80 = AXIS2_PLACEMENT_3D ( 'NONE', #112, #79, #78 ) ;
#81 = CYLINDRICAL_SURFACE ( 'NONE', #73, 0.5999999999999998700 ) ;
#82 = CARTESIAN_POINT ( 'NONE',  ( -5.349999999999999600, -21.27065238466855800, 14.89999999999999500 ) ) ;
#83 = FACE_OUTER_BOUND ( 'NONE', #5599, .T. ) ;
#84 = DIRECTION ( 'NONE',  ( -0.0000000000000000000, -1.000000000000000000, -0.0000000000000000000 ) ) ;
#85 = VECTOR ( 'NONE', #84, 1000.000000000000000 ) ;
#86 = DIRECTION ( 'NONE',  ( 1.000000000000000000, 0.0000000000000000000, 0.0000000000000000000 ) ) ;
#87 = VECTOR ( 'NONE', #86, 1000.000000000000000 ) ;
#88 = CARTESIAN_POINT ( 'NONE',  ( -6.950000000000000200, -1.649999999999999700, -0.5000000000000054400 ) ) ;
#89 = CARTESIAN_POINT ( 'NONE',  ( 3.999999999999999100, -1.649999999999999700, 15.79999999999999500 ) ) ;
#90 = DIRECTION ( 'NONE',  ( 1.000000000000000000, 0.0000000000000000000, 0.0000000000000000000 ) ) ;
#91 = VECTOR ( 'NONE', #90, 1000.000000000000000 ) ;
#92 = CARTESIAN_POINT ( 'NONE',  ( -6.799999999999998000, -1.649999999999999700, 15.79999999999999500 ) ) ;
#93 = LINE ( 'NONE', #92, #91 ) ;
#94 = CARTESIAN_POINT ( 'NONE',  ( 3.999999999999991600, 0.2000000000000007300, 15.79999999999999500 ) ) ;
#95 = LINE ( 'NONE', #88, #87 ) ;
#96 = CARTESIAN_POINT ( 'NONE',  ( -6.450000000000001100, -1.649999999999999700, -0.5000000000000054400 ) ) ;
#97 = CARTESIAN_POINT ( 'NONE',  ( 6.752978098234927500, -0.7200000000000009700, 1.659999999999997300 ) ) ;
#98 = LINE ( 'NONE', #97, #62 ) ;
#99 = LINE ( 'NONE', #107, #106 ) ;
#100 = DIRECTION ( 'NONE',  ( 0.0000000000000000000, -1.000000000000000000, 0.0000000000000000000 ) ) ;
#101 = VECTOR ( 'NONE', #100, 1000.000000000000000 ) ;
#102 = CARTESIAN_POINT ( 'NONE',  ( -4.200000000000000200, 0.2000000000000011800, 15.59999999999999600 ) ) ;
#103 = LINE ( 'NONE', #117, #116 ) ;
#104 = CARTESIAN_POINT ( 'NONE',  ( -3.999999999999999100, -1.649999999999999700, 15.79999999999999500 ) ) ;
#105 = DIRECTION ( 'NONE',  ( -0.7071067811865444600, 0.0000000000000000000, -0.7071067811865505700 ) ) ;
#106 = VECTOR ( 'NONE', #105, 1000.000000000000000 ) ;
#107 = CARTESIAN_POINT ( 'NONE',  ( -3.999999999999999100, -1.649999999999999700, 15.79999999999999500 ) ) ;
#108 = DIRECTION ( 'NONE',  ( -0.0000000000000000000, 1.000000000000000000, -0.0000000000000000000 ) ) ;
#109 = VECTOR ( 'NONE', #108, 1000.000000000000000 ) ;
#110 = CARTESIAN_POINT ( 'NONE',  ( -6.450000000000001100, -0.7013878188659946600, -0.5000000000000054400 ) ) ;
#111 = LINE ( 'NONE', #110, #109 ) ;
#112 = CARTESIAN_POINT ( 'NONE',  ( 5.349999999999998800, -21.27065238466855800, 15.49999999999999300 ) ) ;
#113 = PLANE ( 'NONE',  #80 ) ;
#114 = FACE_OUTER_BOUND ( 'NONE', #5609, .T. ) ;
#115 = DIRECTION ( 'NONE',  ( 0.0000000000000000000, 1.000000000000000000, 0.0000000000000000000 ) ) ;
#116 = VECTOR ( 'NONE', #115, 1000.000000000000000 ) ;
#117 = CARTESIAN_POINT ( 'NONE',  ( -5.349999999999999600, -21.27065238466855800, 15.49999999999999500 ) ) ;
#118 = DIRECTION ( 'NONE',  ( 1.000000000000000000, -0.0000000000000000000, 0.0000000000000000000 ) ) ;
#119 = DIRECTION ( 'NONE',  ( -1.000000000000000000, 0.0000000000000000000, -0.0000000000000000000 ) ) ;
#120 = DIRECTION ( 'NONE',  ( 0.0000000000000000000, 0.0000000000000000000, -1.000000000000000000 ) ) ;
#121 = CARTESIAN_POINT ( 'NONE',  ( 5.900000000000000400, 0.2000000000000011800, 8.299999999999995400 ) ) ;
#122 = DIRECTION ( 'NONE',  ( 0.0000000000000000000, 0.0000000000000000000, -1.000000000000000000 ) ) ;
#123 = DIRECTION ( 'NONE',  ( 1.000000000000000000, 0.0000000000000000000, 0.0000000000000000000 ) ) ;
#124 = AXIS2_PLACEMENT_3D ( 'NONE', #125, #123, #122 ) ;
#125 = CARTESIAN_POINT ( 'NONE',  ( 6.100000000000000500, 0.2000000000000011800, 9.499999999999998200 ) ) ;
#126 = PLANE ( 'NONE',  #124 ) ;
#127 = FACE_OUTER_BOUND ( 'NONE', #5746, .T. ) ;
#128 = DIRECTION ( 'NONE',  ( 1.000000000000000000, -0.0000000000000000000, -0.0000000000000000000 ) ) ;
#129 = CARTESIAN_POINT ( 'NONE',  ( 2.950000000000000600, -1.649999999999999500, 12.74999999999999600 ) ) ;
#130 = LINE ( 'NONE', #129, #232 ) ;
#131 = DIRECTION ( 'NONE',  ( -0.7071067811865505700, 0.0000000000000000000, 0.7071067811865444600 ) ) ;
#132 = CARTESIAN_POINT ( 'NONE',  ( 5.899999999999999500, 0.2000000000000011800, 8.299999999999995400 ) ) ;
#133 = VECTOR ( 'NONE', #118, 1000.000000000000000 ) ;
#134 = CARTESIAN_POINT ( 'NONE',  ( -3.649999999999999000, -1.649999999999999700, 12.29999999999999400 ) ) ;
#135 = LINE ( 'NONE', #134, #133 ) ;
#136 = VECTOR ( 'NONE', #239, 1000.000000000000000 ) ;
#137 = CARTESIAN_POINT ( 'NONE',  ( 2.950000000000000600, -1.649999999999999700, 12.29999999999999400 ) ) ;
#138 = LINE ( 'NONE', #137, #136 ) ;
#139 = CARTESIAN_POINT ( 'NONE',  ( 5.550000000000000700, -1.649999999999999700, 8.299999999999995400 ) ) ;
#140 = FACE_OUTER_BOUND ( 'NONE', #5764, .T. ) ;
#141 = FACE_BOUND ( 'NONE', #5667, .T. ) ;
#142 = FACE_BOUND ( 'NONE', #5757, .T. ) ;
#143 = FACE_BOUND ( 'NONE', #5760, .T. ) ;
#144 = FACE_BOUND ( 'NONE', #5738, .T. ) ;
#145 = DIRECTION ( 'NONE',  ( -1.000000000000000000, -0.0000000000000000000, -0.0000000000000000000 ) ) ;
#146 = VECTOR ( 'NONE', #145, 1000.000000000000000 ) ;
#147 = CARTESIAN_POINT ( 'NONE',  ( 5.900000000000000400, -1.649999999999999700, 6.199999999999994800 ) ) ;
#148 = LINE ( 'NONE', #147, #146 ) ;
#149 = CARTESIAN_POINT ( 'NONE',  ( 2.550000000000000700, -1.649999999999999700, 12.29999999999999400 ) ) ;
#150 = CARTESIAN_POINT ( 'NONE',  ( 0.3500000000000008700, -1.649999999999999900, 11.30635083268962400 ) ) ;
#151 = DIRECTION ( 'NONE',  ( 0.0000000000000000000, -1.000000000000000000, 0.0000000000000000000 ) ) ;
#152 = VECTOR ( 'NONE', #151, 1000.000000000000000 ) ;
#153 = CARTESIAN_POINT ( 'NONE',  ( 5.899999999999999500, 0.2000000000000011800, 8.299999999999995400 ) ) ;
#154 = VECTOR ( 'NONE', #10386, 1000.000000000000000 ) ;
#155 = CARTESIAN_POINT ( 'NONE',  ( 6.950000000000000200, -1.649999999999999700, 9.499999999999996400 ) ) ;
#156 = LINE ( 'NONE', #155, #154 ) ;
#157 = DIRECTION ( 'NONE',  ( -1.000000000000000000, -0.0000000000000000000, -0.0000000000000000000 ) ) ;
#158 = VECTOR ( 'NONE', #157, 1000.000000000000000 ) ;
#159 = CARTESIAN_POINT ( 'NONE',  ( 5.549999999999998900, 0.2000000000000003200, 13.09999999999999600 ) ) ;
#160 = LINE ( 'NONE', #159, #158 ) ;
#161 = FACE_OUTER_BOUND ( 'NONE', #5639, .T. ) ;
#162 = DIRECTION ( 'NONE',  ( 1.000000000000000000, -0.0000000000000000000, 0.0000000000000000000 ) ) ;
#163 = AXIS2_PLACEMENT_3D ( 'NONE', #243, #242, #241 ) ;
#164 = PLANE ( 'NONE',  #163 ) ;
#165 = FACE_OUTER_BOUND ( 'NONE', #5646, .T. ) ;
#166 = CARTESIAN_POINT ( 'NONE',  ( 5.899999999999999500, -1.649999999999999700, 8.299999999999995400 ) ) ;
#167 = VECTOR ( 'NONE', #128, 1000.000000000000000 ) ;
#168 = CARTESIAN_POINT ( 'NONE',  ( 5.950000000000000200, -1.649999999999999700, 13.09999999999999600 ) ) ;
#169 = LINE ( 'NONE', #168, #167 ) ;
#170 = DIRECTION ( 'NONE',  ( 0.0000000000000000000, -0.0000000000000000000, 1.000000000000000000 ) ) ;
#171 = DIRECTION ( 'NONE',  ( 0.0000000000000000000, 1.000000000000000000, 0.0000000000000000000 ) ) ;
#172 = AXIS2_PLACEMENT_3D ( 'NONE', #182, #171, #170 ) ;
#173 = VECTOR ( 'NONE', #205, 1000.000000000000000 ) ;
#174 = CARTESIAN_POINT ( 'NONE',  ( -1.849999999999999400, -1.649999999999999700, 12.29999999999999400 ) ) ;
#175 = CARTESIAN_POINT ( 'NONE',  ( -1.849999999999999400, -1.649999999999999500, 12.74999999999999600 ) ) ;
#176 = LINE ( 'NONE', #175, #236 ) ;
#177 = DIRECTION ( 'NONE',  ( 0.0000000000000000000, 0.0000000000000000000, -1.000000000000000000 ) ) ;
#178 = VECTOR ( 'NONE', #177, 1000.000000000000000 ) ;
#179 = CARTESIAN_POINT ( 'NONE',  ( -1.449999999999999300, -1.649999999999999500, 12.74999999999999600 ) ) ;
#180 = LINE ( 'NONE', #179, #178 ) ;
#181 = PLANE ( 'NONE',  #214 ) ;
#182 = CARTESIAN_POINT ( 'NONE',  ( 6.800000000000001600, -1.649999999999999700, 15.79999999999999500 ) ) ;
#183 = PLANE ( 'NONE',  #172 ) ;
#184 = FACE_BOUND ( 'NONE', #5902, .T. ) ;
#185 = FACE_BOUND ( 'NONE', #5829, .T. ) ;
#186 = FACE_BOUND ( 'NONE', #5860, .T. ) ;
#187 = FACE_BOUND ( 'NONE', #5865, .T. ) ;
#188 = FACE_BOUND ( 'NONE', #5828, .T. ) ;
#189 = FACE_BOUND ( 'NONE', #5908, .T. ) ;
#190 = DIRECTION ( 'NONE',  ( 0.0000000000000000000, 1.000000000000000000, 0.0000000000000000000 ) ) ;
#191 = VECTOR ( 'NONE', #190, 1000.000000000000000 ) ;
#192 = CARTESIAN_POINT ( 'NONE',  ( 6.100000000000000500, 0.2000000000000011800, 9.499999999999996400 ) ) ;
#193 = LINE ( 'NONE', #192, #191 ) ;
#194 = CARTESIAN_POINT ( 'NONE',  ( 0.7500000000000008900, -1.649999999999999900, 11.30635083268962400 ) ) ;
#195 = DIRECTION ( 'NONE',  ( 0.0000000000000000000, 0.0000000000000000000, -1.000000000000000000 ) ) ;
#196 = VECTOR ( 'NONE', #195, 1000.000000000000000 ) ;
#197 = CARTESIAN_POINT ( 'NONE',  ( 0.7500000000000008900, -1.649999999999999500, 12.74999999999999600 ) ) ;
#198 = LINE ( 'NONE', #197, #196 ) ;
#199 = LINE ( 'NONE', #153, #152 ) ;
#200 = DIRECTION ( 'NONE',  ( 0.7071067811865444600, 0.0000000000000000000, 0.7071067811865505700 ) ) ;
#201 = VECTOR ( 'NONE', #162, 1000.000000000000000 ) ;
#202 = CARTESIAN_POINT ( 'NONE',  ( -1.449999999999999500, -1.649999999999999700, 12.29999999999999400 ) ) ;
#203 = LINE ( 'NONE', #202, #201 ) ;
#204 = CARTESIAN_POINT ( 'NONE',  ( -1.449999999999999500, -1.649999999999999700, 12.29999999999999400 ) ) ;
#205 = DIRECTION ( 'NONE',  ( 0.0000000000000000000, -1.000000000000000000, 0.0000000000000000000 ) ) ;
#206 = CARTESIAN_POINT ( 'NONE',  ( 5.900000000000000400, 0.2000000000000011800, 8.299999999999995400 ) ) ;
#207 = DIRECTION ( 'NONE',  ( 1.000000000000000000, -0.0000000000000000000, 0.0000000000000000000 ) ) ;
#208 = VECTOR ( 'NONE', #207, 1000.000000000000000 ) ;
#209 = CARTESIAN_POINT ( 'NONE',  ( 0.7500000000000008900, -1.649999999999999700, 12.29999999999999400 ) ) ;
#210 = LINE ( 'NONE', #209, #208 ) ;
#211 = CARTESIAN_POINT ( 'NONE',  ( 0.7500000000000008900, -1.649999999999999700, 12.29999999999999400 ) ) ;
#212 = CARTESIAN_POINT ( 'NONE',  ( 6.100000000000000500, -1.649999999999999700, 9.499999999999998200 ) ) ;
#213 = LINE ( 'NONE', #206, #173 ) ;
#214 = AXIS2_PLACEMENT_3D ( 'NONE', #132, #131, #200 ) ;
#215 = DIRECTION ( 'NONE',  ( 0.0000000000000000000, -1.000000000000000000, 0.0000000000000000000 ) ) ;
#216 = VECTOR ( 'NONE', #215, 1000.000000000000000 ) ;
#217 = CARTESIAN_POINT ( 'NONE',  ( 5.550000000000000700, 0.2000000000000011800, 8.299999999999995400 ) ) ;
#218 = LINE ( 'NONE', #217, #216 ) ;
#219 = LINE ( 'NONE', #223, #222 ) ;
#220 = CARTESIAN_POINT ( 'NONE',  ( 0.3500000000000008700, -1.649999999999999700, 12.29999999999999400 ) ) ;
#221 = DIRECTION ( 'NONE',  ( -1.000000000000000000, -0.0000000000000000000, 0.0000000000000000000 ) ) ;
#222 = VECTOR ( 'NONE', #221, 1000.000000000000000 ) ;
#223 = CARTESIAN_POINT ( 'NONE',  ( 0.7500000000000008900, -1.649999999999999700, 11.30635083268962400 ) ) ;
#224 = CARTESIAN_POINT ( 'NONE',  ( -4.049999999999999800, -1.649999999999999700, 12.29999999999999400 ) ) ;
#225 = CARTESIAN_POINT ( 'NONE',  ( 6.100000000000000500, -1.649999999999999700, 8.499999999999996400 ) ) ;
#226 = DIRECTION ( 'NONE',  ( -0.0000000000000000000, -0.0000000000000000000, 1.000000000000000000 ) ) ;
#227 = VECTOR ( 'NONE', #226, 1000.000000000000000 ) ;
#228 = CARTESIAN_POINT ( 'NONE',  ( 6.100000000000000500, -1.649999999999999700, 9.499999999999998200 ) ) ;
#229 = LINE ( 'NONE', #228, #227 ) ;
#230 = CARTESIAN_POINT ( 'NONE',  ( 2.950000000000000600, -1.649999999999999900, 11.30635083268962400 ) ) ;
#231 = DIRECTION ( 'NONE',  ( 0.0000000000000000000, 0.0000000000000000000, -1.000000000000000000 ) ) ;
#232 = VECTOR ( 'NONE', #231, 1000.000000000000000 ) ;
#233 = CARTESIAN_POINT ( 'NONE',  ( -3.649999999999999000, -1.649999999999999900, 11.30635083268962400 ) ) ;
#234 = CARTESIAN_POINT ( 'NONE',  ( -1.849999999999999400, -1.649999999999999900, 11.30635083268962400 ) ) ;
#235 = DIRECTION ( 'NONE',  ( 0.0000000000000000000, 0.0000000000000000000, 1.000000000000000000 ) ) ;
#236 = VECTOR ( 'NONE', #235, 1000.000000000000000 ) ;
#237 = CARTESIAN_POINT ( 'NONE',  ( -3.649999999999999500, -1.699999999999998200, 13.59999999999999600 ) ) ;
#238 = CARTESIAN_POINT ( 'NONE',  ( 2.950000000000000600, -1.649999999999999700, 12.29999999999999400 ) ) ;
#239 = DIRECTION ( 'NONE',  ( 1.000000000000000000, -0.0000000000000000000, 0.0000000000000000000 ) ) ;
#240 = AXIS2_PLACEMENT_3D ( 'NONE', #121, #120, #119 ) ;
#241 = DIRECTION ( 'NONE',  ( -1.000000000000000000, 0.0000000000000000000, -0.0000000000000000000 ) ) ;
#242 = DIRECTION ( 'NONE',  ( 0.0000000000000000000, 0.0000000000000000000, -1.000000000000000000 ) ) ;
#243 = CARTESIAN_POINT ( 'NONE',  ( 5.449999999999994800, 4.539308700703375400, 6.199999999999994800 ) ) ;
#244 = PLANE ( 'NONE',  #240 ) ;
#245 = FACE_OUTER_BOUND ( 'NONE', #5675, .T. ) ;
#246 = CARTESIAN_POINT ( 'NONE',  ( -4.049999999999999800, -1.649999999999999900, 11.30635083268962400 ) ) ;
#247 = DIRECTION ( 'NONE',  ( -1.000000000000000000, -0.0000000000000000000, 0.0000000000000000000 ) ) ;
#248 = VECTOR ( 'NONE', #247, 1000.000000000000000 ) ;
#249 = CARTESIAN_POINT ( 'NONE',  ( -1.449999999999999500, -1.649999999999999700, 11.30635083268962400 ) ) ;
#250 = LINE ( 'NONE', #249, #248 ) ;
#251 = CARTESIAN_POINT ( 'NONE',  ( 6.100000000000000500, 0.2000000000000011800, 8.499999999999996400 ) ) ;
#252 = LINE ( 'NONE', #251, #269 ) ;
#253 = DIRECTION ( 'NONE',  ( -1.000000000000000000, -0.0000000000000000000, 0.0000000000000000000 ) ) ;
#254 = VECTOR ( 'NONE', #253, 1000.000000000000000 ) ;
#255 = CARTESIAN_POINT ( 'NONE',  ( -3.649999999999999000, -1.649999999999999700, 11.30635083268962400 ) ) ;
#256 = LINE ( 'NONE', #255, #254 ) ;
#257 = CARTESIAN_POINT ( 'NONE',  ( -3.649999999999999000, -1.649999999999999700, 12.29999999999999400 ) ) ;
#258 = DIRECTION ( 'NONE',  ( 0.0000000000000000000, 0.0000000000000000000, 1.000000000000000000 ) ) ;
#259 = VECTOR ( 'NONE', #258, 1000.000000000000000 ) ;
#260 = CARTESIAN_POINT ( 'NONE',  ( -4.049999999999999800, -1.649999999999998600, 13.24999999999999600 ) ) ;
#261 = LINE ( 'NONE', #260, #259 ) ;
#262 = LINE ( 'NONE', #10395, #10390 ) ;
#263 = DIRECTION ( 'NONE',  ( -1.000000000000000000, -0.0000000000000000000, 0.0000000000000000000 ) ) ;
#264 = VECTOR ( 'NONE', #263, 1000.000000000000000 ) ;
#265 = CARTESIAN_POINT ( 'NONE',  ( 2.950000000000000600, -1.649999999999999700, 11.30635083268962400 ) ) ;
#266 = LINE ( 'NONE', #265, #264 ) ;
#267 = CARTESIAN_POINT ( 'NONE',  ( -1.449999999999999500, -1.649999999999999900, 11.30635083268962400 ) ) ;
#268 = DIRECTION ( 'NONE',  ( 0.0000000000000000000, 1.000000000000000000, 0.0000000000000000000 ) ) ;
#269 = VECTOR ( 'NONE', #268, 1000.000000000000000 ) ;
#270 = DIRECTION ( 'NONE',  ( 0.0000000000000000000, 1.000000000000000000, 0.0000000000000000000 ) ) ;
#271 = VECTOR ( 'NONE', #270, 1000.000000000000000 ) ;
#272 = CARTESIAN_POINT ( 'NONE',  ( -5.250000000000000000, 0.2000000000000011800, -0.3000000000000057100 ) ) ;
#273 = LINE ( 'NONE', #272, #271 ) ;
#274 = DIRECTION ( 'NONE',  ( -3.665029011462713600E-016, 0.0000000000000000000, 1.000000000000000000 ) ) ;
#275 = VECTOR ( 'NONE', #274, 1000.000000000000000 ) ;
#276 = CARTESIAN_POINT ( 'NONE',  ( 5.549999999999998900, -1.649999999999999700, 13.09999999999999600 ) ) ;
#277 = CARTESIAN_POINT ( 'NONE',  ( 5.550000000000001600, -1.649999999999999700, 6.199999999999995700 ) ) ;
#278 = FACE_OUTER_BOUND ( 'NONE', #5553, .T. ) ;
#279 = DIRECTION ( 'NONE',  ( 3.665029011462713600E-016, 0.0000000000000000000, -1.000000000000000000 ) ) ;
#280 = DIRECTION ( 'NONE',  ( 1.000000000000000000, -0.0000000000000000000, 3.665029011462713600E-016 ) ) ;
#281 = PLANE ( 'NONE',  #288 ) ;
#282 = LINE ( 'NONE', #276, #275 ) ;
#283 = VECTOR ( 'NONE', #284, 1000.000000000000000 ) ;
#284 = DIRECTION ( 'NONE',  ( 0.0000000000000000000, -1.000000000000000000, 0.0000000000000000000 ) ) ;
#285 = CARTESIAN_POINT ( 'NONE',  ( 5.550000000000001600, 4.539308700703375400, 6.199999999999994800 ) ) ;
#286 = LINE ( 'NONE', #285, #283 ) ;
#287 = CARTESIAN_POINT ( 'NONE',  ( 5.549999999999998900, -21.27065238466855800, 13.09999999999999600 ) ) ;
#288 = AXIS2_PLACEMENT_3D ( 'NONE', #287, #280, #279 ) ;
#289 = DIRECTION ( 'NONE',  ( -1.000000000000000000, -0.0000000000000000000, 0.0000000000000000000 ) ) ;
#290 = VECTOR ( 'NONE', #289, 1000.000000000000000 ) ;
#291 = CARTESIAN_POINT ( 'NONE',  ( 2.950000000000000600, -1.700000000000000000, 12.29999999999999400 ) ) ;
#292 = LINE ( 'NONE', #291, #290 ) ;
#293 = CARTESIAN_POINT ( 'NONE',  ( 5.500000000000000000, -1.299999999999999800, 15.59999999999999600 ) ) ;
#294 = DIRECTION ( 'NONE',  ( 0.0000000000000000000, 0.0000000000000000000, -1.000000000000000000 ) ) ;
#295 = VECTOR ( 'NONE', #322, 1000.000000000000000 ) ;
#296 = PLANE ( 'NONE',  #304 ) ;
#297 = DIRECTION ( 'NONE',  ( -0.0000000000000000000, -1.000000000000000000, 0.0000000000000000000 ) ) ;
#298 = CARTESIAN_POINT ( 'NONE',  ( 2.950000000000000600, -1.700000000000000000, 12.29999999999999400 ) ) ;
#299 = LINE ( 'NONE', #298, #312 ) ;
#300 = CARTESIAN_POINT ( 'NONE',  ( 10.00000000000000000, -1.299999999999999800, 15.59999999999999600 ) ) ;
#301 = LINE ( 'NONE', #300, #302 ) ;
#302 = VECTOR ( 'NONE', #309, 1000.000000000000000 ) ;
#303 = CARTESIAN_POINT ( 'NONE',  ( 5.900000000000000400, 0.2000000000000011800, 6.199999999999994800 ) ) ;
#304 = AXIS2_PLACEMENT_3D ( 'NONE', #303, #319, #318 ) ;
#305 = CARTESIAN_POINT ( 'NONE',  ( -3.649999999999999000, -1.649999999999999700, 13.60000000000000000 ) ) ;
#306 = LINE ( 'NONE', #305, #326 ) ;
#307 = VECTOR ( 'NONE', #294, 1000.000000000000000 ) ;
#308 = FACE_OUTER_BOUND ( 'NONE', #6014, .T. ) ;
#309 = DIRECTION ( 'NONE',  ( -1.000000000000000000, 0.0000000000000000000, 0.0000000000000000000 ) ) ;
#310 = LINE ( 'NONE', #320, #307 ) ;
#311 = FACE_OUTER_BOUND ( 'NONE', #5807, .T. ) ;
#312 = VECTOR ( 'NONE', #297, 1000.000000000000000 ) ;
#313 = LINE ( 'NONE', #327, #295 ) ;
#314 = DIRECTION ( 'NONE',  ( 0.0000000000000000000, 0.0000000000000000000, 1.000000000000000000 ) ) ;
#315 = DIRECTION ( 'NONE',  ( -1.000000000000000000, 0.0000000000000000000, 0.0000000000000000000 ) ) ;
#316 = CARTESIAN_POINT ( 'NONE',  ( 2.950000000000000600, 5.270007610345668800, 12.74999999999999600 ) ) ;
#317 = AXIS2_PLACEMENT_3D ( 'NONE', #316, #315, #314 ) ;
#318 = DIRECTION ( 'NONE',  ( -0.0000000000000000000, 0.0000000000000000000, -1.000000000000000000 ) ) ;
#319 = DIRECTION ( 'NONE',  ( 1.000000000000000000, 0.0000000000000000000, -0.0000000000000000000 ) ) ;
#320 = CARTESIAN_POINT ( 'NONE',  ( -3.649999999999999000, -1.649999999999999500, 12.74999999999999600 ) ) ;
#321 = PLANE ( 'NONE',  #317 ) ;
#322 = DIRECTION ( 'NONE',  ( 0.0000000000000000000, 0.0000000000000000000, 1.000000000000000000 ) ) ;
#323 = CARTESIAN_POINT ( 'NONE',  ( -0.7499999999999994400, -1.649999999999999700, 12.29999999999999400 ) ) ;
#324 = CARTESIAN_POINT ( 'NONE',  ( -3.843649167310334100, -1.650000000000018300, 13.60000000000000000 ) ) ;
#325 = DIRECTION ( 'NONE',  ( 1.000000000000000000, -0.0000000000000000000, -2.602085213965230400E-016 ) ) ;
#326 = VECTOR ( 'NONE', #325, 1000.000000000000000 ) ;
#327 = CARTESIAN_POINT ( 'NONE',  ( 0.3500000000000007500, -1.649999999999999500, 12.74999999999999600 ) ) ;
#328 = CARTESIAN_POINT ( 'NONE',  ( 2.550000000000000700, -1.649999999999999900, 11.30635083268962400 ) ) ;
#329 = CARTESIAN_POINT ( 'NONE',  ( 2.550000000000000700, -1.699999999999999300, 11.49999999999999300 ) ) ;
#330 = LINE ( 'NONE', #383, #382 ) ;
#331 = DIRECTION ( 'NONE',  ( 1.000000000000000000, -0.0000000000000000000, 0.0000000000000000000 ) ) ;
#332 = VECTOR ( 'NONE', #331, 1000.000000000000000 ) ;
#333 = CARTESIAN_POINT ( 'NONE',  ( -0.3499999999999994200, -1.649999999999999700, 12.29999999999999400 ) ) ;
#334 = LINE ( 'NONE', #333, #332 ) ;
#335 = DIRECTION ( 'NONE',  ( -0.0000000000000000000, 0.0000000000000000000, -1.000000000000000000 ) ) ;
#336 = CARTESIAN_POINT ( 'NONE',  ( -0.7499999999999994400, -1.649999999999999900, 11.30635083268962400 ) ) ;
#337 = LINE ( 'NONE', #396, #395 ) ;
#338 = LINE ( 'NONE', #392, #391 ) ;
#339 = DIRECTION ( 'NONE',  ( 0.0000000000000000000, 0.0000000000000000000, -1.000000000000000000 ) ) ;
#340 = VECTOR ( 'NONE', #339, 1000.000000000000000 ) ;
#341 = CARTESIAN_POINT ( 'NONE',  ( -2.549999999999998900, -1.649999999999999500, 12.74999999999999600 ) ) ;
#342 = DIRECTION ( 'NONE',  ( 1.000000000000000000, -0.0000000000000000000, 2.602085213965198300E-016 ) ) ;
#343 = CARTESIAN_POINT ( 'NONE',  ( 3.649999999999999900, -1.649999999999999700, 13.60000000000000000 ) ) ;
#344 = LINE ( 'NONE', #343, #386 ) ;
#345 = CARTESIAN_POINT ( 'NONE',  ( 2.850000000000001400, -1.649999999999998800, 13.59999999999999800 ) ) ;
#346 = LINE ( 'NONE', #341, #340 ) ;
#347 = CARTESIAN_POINT ( 'NONE',  ( -2.549999999999999400, -1.649999999999999900, 11.30635083268962400 ) ) ;
#348 = DIRECTION ( 'NONE',  ( 0.0000000000000000000, -1.000000000000000000, 0.0000000000000000000 ) ) ;
#349 = VECTOR ( 'NONE', #348, 1000.000000000000000 ) ;
#350 = CARTESIAN_POINT ( 'NONE',  ( 5.900000000000000400, 65.90119046564578300, 7.999999999999991100 ) ) ;
#351 = LINE ( 'NONE', #350, #349 ) ;
#352 = PLANE ( 'NONE',  #362 ) ;
#353 = DIRECTION ( 'NONE',  ( 1.000000000000000000, 0.0000000000000000000, -0.0000000000000000000 ) ) ;
#354 = CARTESIAN_POINT ( 'NONE',  ( 5.900000000000000400, 0.2000000000000011800, 6.199999999999994800 ) ) ;
#355 = DIRECTION ( 'NONE',  ( 0.0000000000000000000, 1.000000000000000000, 0.0000000000000000000 ) ) ;
#356 = DIRECTION ( 'NONE',  ( 0.0000000000000000000, 0.0000000000000000000, 1.000000000000000000 ) ) ;
#357 = VECTOR ( 'NONE', #356, 1000.000000000000000 ) ;
#358 = CARTESIAN_POINT ( 'NONE',  ( -0.7499999999999995600, -1.649999999999999500, 12.74999999999999600 ) ) ;
#359 = LINE ( 'NONE', #358, #357 ) ;
#360 = CARTESIAN_POINT ( 'NONE',  ( -0.3499999999999994200, -1.649999999999999900, 11.30635083268962400 ) ) ;
#361 = DIRECTION ( 'NONE',  ( 0.0000000000000000000, -5.421010862427554700E-016, -1.000000000000000000 ) ) ;
#362 = AXIS2_PLACEMENT_3D ( 'NONE', #354, #353, #335 ) ;
#363 = FACE_OUTER_BOUND ( 'NONE', #5847, .T. ) ;
#364 = DIRECTION ( 'NONE',  ( -1.000000000000000000, -0.0000000000000000000, -0.0000000000000000000 ) ) ;
#365 = VECTOR ( 'NONE', #364, 1000.000000000000000 ) ;
#366 = CARTESIAN_POINT ( 'NONE',  ( 4.200000000000000200, 0.2000000000000011800, 15.59999999999999600 ) ) ;
#367 = LINE ( 'NONE', #366, #365 ) ;
#368 = VECTOR ( 'NONE', #361, 1000.000000000000000 ) ;
#369 = CARTESIAN_POINT ( 'NONE',  ( -3.843649167310334100, -1.649999999999999700, 48.07421525915890500 ) ) ;
#370 = LINE ( 'NONE', #369, #368 ) ;
#371 = CARTESIAN_POINT ( 'NONE',  ( -3.843649167310334100, -1.650000000000017900, 14.39999999999999500 ) ) ;
#372 = VECTOR ( 'NONE', #375, 1000.000000000000000 ) ;
#373 = CARTESIAN_POINT ( 'NONE',  ( 1.850000000000000300, -1.649999999999999500, 12.74999999999999600 ) ) ;
#374 = LINE ( 'NONE', #373, #372 ) ;
#375 = DIRECTION ( 'NONE',  ( 0.0000000000000000000, 0.0000000000000000000, -1.000000000000000000 ) ) ;
#376 = DIRECTION ( 'NONE',  ( -1.000000000000000000, 0.0000000000000000000, 0.0000000000000000000 ) ) ;
#377 = VECTOR ( 'NONE', #376, 1000.000000000000000 ) ;
#378 = CARTESIAN_POINT ( 'NONE',  ( 10.00000000000000000, -1.299999999999999800, 15.59999999999999600 ) ) ;
#379 = LINE ( 'NONE', #378, #377 ) ;
#380 = LINE ( 'NONE', #420, #415 ) ;
#381 = DIRECTION ( 'NONE',  ( -1.000000000000000000, -0.0000000000000000000, 0.0000000000000000000 ) ) ;
#382 = VECTOR ( 'NONE', #381, 1000.000000000000000 ) ;
#383 = CARTESIAN_POINT ( 'NONE',  ( -0.3499999999999994200, -1.649999999999999700, 11.30635083268962400 ) ) ;
#384 = CARTESIAN_POINT ( 'NONE',  ( -0.3499999999999994200, -1.649999999999999700, 12.29999999999999400 ) ) ;
#385 = CARTESIAN_POINT ( 'NONE',  ( 3.843649167310403000, -1.649999999999981500, 13.60000000000000000 ) ) ;
#386 = VECTOR ( 'NONE', #342, 1000.000000000000000 ) ;
#387 = VECTOR ( 'NONE', #355, 1000.000000000000000 ) ;
#388 = CARTESIAN_POINT ( 'NONE',  ( 5.500000000000000000, 65.90119046564578300, 15.59999999999999600 ) ) ;
#389 = LINE ( 'NONE', #388, #387 ) ;
#390 = DIRECTION ( 'NONE',  ( 1.000000000000000000, -0.0000000000000000000, 0.0000000000000000000 ) ) ;
#391 = VECTOR ( 'NONE', #390, 1000.000000000000000 ) ;
#392 = CARTESIAN_POINT ( 'NONE',  ( -2.549999999999999400, -1.649999999999999700, 12.29999999999999400 ) ) ;
#393 = CARTESIAN_POINT ( 'NONE',  ( 1.450000000000001100, -1.649999999999999900, 11.30635083268962400 ) ) ;
#394 = DIRECTION ( 'NONE',  ( 0.0000000000000000000, 0.0000000000000000000, 1.000000000000000000 ) ) ;
#395 = VECTOR ( 'NONE', #394, 1000.000000000000000 ) ;
#396 = CARTESIAN_POINT ( 'NONE',  ( 1.450000000000000200, -1.649999999999999500, 12.74999999999999600 ) ) ;
#397 = DIRECTION ( 'NONE',  ( -1.000000000000000000, -0.0000000000000000000, -2.602085213965220000E-016 ) ) ;
#398 = VECTOR ( 'NONE', #397, 1000.000000000000000 ) ;
#399 = CARTESIAN_POINT ( 'NONE',  ( 3.649999999999999900, -1.649999999999999700, 14.39999999999999500 ) ) ;
#400 = VECTOR ( 'NONE', #458, 1000.000000000000000 ) ;
#401 = CARTESIAN_POINT ( 'NONE',  ( -0.3499999999999993700, -1.649999999999999500, 12.74999999999999600 ) ) ;
#402 = LINE ( 'NONE', #401, #400 ) ;
#403 = CARTESIAN_POINT ( 'NONE',  ( 3.843649167310403000, -1.649999999999999700, -20.07421525915890800 ) ) ;
#404 = VECTOR ( 'NONE', #413, 1000.000000000000000 ) ;
#405 = CARTESIAN_POINT ( 'NONE',  ( 1.850000000000001000, -1.649999999999999700, 11.30635083268962400 ) ) ;
#406 = LINE ( 'NONE', #405, #404 ) ;
#407 = CARTESIAN_POINT ( 'NONE',  ( 1.450000000000001100, -1.649999999999999700, 12.29999999999999400 ) ) ;
#408 = CARTESIAN_POINT ( 'NONE',  ( -2.949999999999998800, -1.649999999999999500, 12.74999999999999600 ) ) ;
#409 = LINE ( 'NONE', #408, #460 ) ;
#410 = CARTESIAN_POINT ( 'NONE',  ( 1.850000000000001000, -1.649999999999999900, 11.30635083268962400 ) ) ;
#411 = CARTESIAN_POINT ( 'NONE',  ( -2.949999999999999300, -1.649999999999999700, 12.29999999999999400 ) ) ;
#412 = CARTESIAN_POINT ( 'NONE',  ( -2.949999999999999300, -1.649999999999999900, 11.30635083268962400 ) ) ;
#413 = DIRECTION ( 'NONE',  ( -1.000000000000000000, -0.0000000000000000000, 0.0000000000000000000 ) ) ;
#414 = DIRECTION ( 'NONE',  ( 0.0000000000000000000, 1.355252715606880000E-016, -1.000000000000000000 ) ) ;
#415 = VECTOR ( 'NONE', #414, 1000.000000000000000 ) ;
#416 = DIRECTION ( 'NONE',  ( -1.000000000000000000, -0.0000000000000000000, 0.0000000000000000000 ) ) ;
#417 = VECTOR ( 'NONE', #416, 1000.000000000000000 ) ;
#418 = CARTESIAN_POINT ( 'NONE',  ( -2.549999999999999400, -1.649999999999999700, 11.30635083268962400 ) ) ;
#419 = LINE ( 'NONE', #418, #417 ) ;
#420 = CARTESIAN_POINT ( 'NONE',  ( 2.550000000000000700, -1.699999999999999700, 11.49999999999999300 ) ) ;
#421 = CARTESIAN_POINT ( 'NONE',  ( 3.843649167310403000, -1.649999999999981000, 14.39999999999999500 ) ) ;
#422 = DIRECTION ( 'NONE',  ( -0.0000000000000000000, 0.0000000000000000000, 1.000000000000000000 ) ) ;
#423 = LINE ( 'NONE', #431, #430 ) ;
#424 = CARTESIAN_POINT ( 'NONE',  ( 1.850000000000001000, -1.649999999999999700, 12.29999999999999400 ) ) ;
#425 = CARTESIAN_POINT ( 'NONE',  ( 4.500000000000000900, -1.299999999999999800, 15.59999999999999600 ) ) ;
#426 = LINE ( 'NONE', #425, #428 ) ;
#427 = CARTESIAN_POINT ( 'NONE',  ( 4.200000000000000200, 0.2000000000000011800, 15.59999999999999600 ) ) ;
#428 = VECTOR ( 'NONE', #434, 1000.000000000000000 ) ;
#429 = DIRECTION ( 'NONE',  ( 1.000000000000000000, -0.0000000000000000000, 0.0000000000000000000 ) ) ;
#430 = VECTOR ( 'NONE', #429, 1000.000000000000000 ) ;
#431 = CARTESIAN_POINT ( 'NONE',  ( 1.850000000000001000, -1.649999999999999700, 12.29999999999999400 ) ) ;
#432 = AXIS2_PLACEMENT_3D ( 'NONE', #427, #422, #451 ) ;
#433 = CARTESIAN_POINT ( 'NONE',  ( 4.500000000000000900, -1.299999999999999800, 15.59999999999999600 ) ) ;
#434 = DIRECTION ( 'NONE',  ( 0.0000000000000000000, 1.000000000000000000, 0.0000000000000000000 ) ) ;
#435 = VECTOR ( 'NONE', #439, 1000.000000000000000 ) ;
#436 = FACE_OUTER_BOUND ( 'NONE', #5871, .T. ) ;
#437 = LINE ( 'NONE', #399, #398 ) ;
#438 = CARTESIAN_POINT ( 'NONE',  ( -2.549999999999999400, -1.649999999999999700, 12.29999999999999400 ) ) ;
#439 = DIRECTION ( 'NONE',  ( 0.0000000000000000000, 5.421010862427554700E-016, 1.000000000000000000 ) ) ;
#440 = LINE ( 'NONE', #403, #435 ) ;
#441 = CARTESIAN_POINT ( 'NONE',  ( 2.850000000000001400, -1.649999999999998800, 14.39999999999999700 ) ) ;
#442 = DIRECTION ( 'NONE',  ( -5.421010862427488900E-017, 0.0000000000000000000, 1.000000000000000000 ) ) ;
#443 = VECTOR ( 'NONE', #442, 1000.000000000000000 ) ;
#444 = CARTESIAN_POINT ( 'NONE',  ( 2.850000000000001400, -1.649999999999999700, 13.60000000000000000 ) ) ;
#445 = LINE ( 'NONE', #444, #443 ) ;
#446 = DIRECTION ( 'NONE',  ( -1.000000000000000000, -0.0000000000000000000, 2.602085213965230400E-016 ) ) ;
#447 = VECTOR ( 'NONE', #446, 1000.000000000000000 ) ;
#448 = CARTESIAN_POINT ( 'NONE',  ( -3.649999999999999000, -1.649999999999999700, 14.39999999999999500 ) ) ;
#449 = LINE ( 'NONE', #448, #447 ) ;
#450 = CARTESIAN_POINT ( 'NONE',  ( -2.850000000000000500, -1.649999999999998800, 14.39999999999999700 ) ) ;
#451 = DIRECTION ( 'NONE',  ( 1.000000000000000000, 0.0000000000000000000, 0.0000000000000000000 ) ) ;
#452 = CARTESIAN_POINT ( 'NONE',  ( -2.850000000000000100, -1.649999999999998800, 13.59999999999999800 ) ) ;
#453 = DIRECTION ( 'NONE',  ( 5.421010862427488900E-017, 0.0000000000000000000, 1.000000000000000000 ) ) ;
#454 = VECTOR ( 'NONE', #453, 1000.000000000000000 ) ;
#455 = CARTESIAN_POINT ( 'NONE',  ( -2.850000000000000100, -1.649999999999999700, 13.60000000000000000 ) ) ;
#456 = LINE ( 'NONE', #455, #454 ) ;
#457 = PLANE ( 'NONE',  #432 ) ;
#458 = DIRECTION ( 'NONE',  ( 0.0000000000000000000, 0.0000000000000000000, -1.000000000000000000 ) ) ;
#459 = DIRECTION ( 'NONE',  ( 0.0000000000000000000, 0.0000000000000000000, 1.000000000000000000 ) ) ;
#460 = VECTOR ( 'NONE', #459, 1000.000000000000000 ) ;
#461 = CARTESIAN_POINT ( 'NONE',  ( -3.649999999999999000, -1.299999999999999800, 11.49999999999999300 ) ) ;
#462 = AXIS2_PLACEMENT_3D ( 'NONE', #461, #463, #464 ) ;
#463 = DIRECTION ( 'NONE',  ( -1.000000000000000000, -0.0000000000000000000, 0.0000000000000000000 ) ) ;
#464 = DIRECTION ( 'NONE',  ( 0.0000000000000000000, 0.0000000000000000000, 1.000000000000000000 ) ) ;
#465 = CARTESIAN_POINT ( 'NONE',  ( 6.100000000000001400, 0.2000000000000011800, 15.09999999999999800 ) ) ;
#466 = AXIS2_PLACEMENT_3D ( 'NONE', #465, #491, #490 ) ;
#467 = CIRCLE ( 'NONE', #466, 0.7000000000000009500 ) ;
#468 = CARTESIAN_POINT ( 'NONE',  ( 1.850000000000001000, -1.299999999999999800, 11.49999999999999300 ) ) ;
#469 = AXIS2_PLACEMENT_3D ( 'NONE', #468, #473, #472 ) ;
#470 = LINE ( 'NONE', #481, #521 ) ;
#471 = FACE_OUTER_BOUND ( 'NONE', #5928, .T. ) ;
#472 = DIRECTION ( 'NONE',  ( 0.0000000000000000000, 0.0000000000000000000, 1.000000000000000000 ) ) ;
#473 = DIRECTION ( 'NONE',  ( -1.000000000000000000, -0.0000000000000000000, 0.0000000000000000000 ) ) ;
#474 = CARTESIAN_POINT ( 'NONE',  ( 2.950000000000000600, -1.299999999999999800, 11.49999999999999300 ) ) ;
#475 = AXIS2_PLACEMENT_3D ( 'NONE', #474, #513, #512 ) ;
#476 = DIRECTION ( 'NONE',  ( 1.000000000000000000, 0.0000000000000000000, 0.0000000000000000000 ) ) ;
#477 = CARTESIAN_POINT ( 'NONE',  ( 1.450000000000001100, -1.299999999999999800, 11.49999999999999300 ) ) ;
#478 = AXIS2_PLACEMENT_3D ( 'NONE', #477, #476, #484 ) ;
#479 = LINE ( 'NONE', #483, #501 ) ;
#480 = CARTESIAN_POINT ( 'NONE',  ( 2.950000000000000600, -1.299999999999999800, 11.49999999999999300 ) ) ;
#481 = CARTESIAN_POINT ( 'NONE',  ( 2.950000000000000600, -1.699999999999999300, 11.49999999999999300 ) ) ;
#482 = DIRECTION ( 'NONE',  ( 0.0000000000000000000, 0.0000000000000000000, -1.000000000000000000 ) ) ;
#483 = CARTESIAN_POINT ( 'NONE',  ( 1.850000000000001000, -1.700000000000000000, 12.29999999999999400 ) ) ;
#484 = DIRECTION ( 'NONE',  ( 0.0000000000000000000, 0.0000000000000000000, 1.000000000000000000 ) ) ;
#485 = DIRECTION ( 'NONE',  ( 1.000000000000000000, 0.0000000000000000000, 0.0000000000000000000 ) ) ;
#486 = FACE_OUTER_BOUND ( 'NONE', #5934, .T. ) ;
#487 = VECTOR ( 'NONE', #494, 1000.000000000000000 ) ;
#488 = DIRECTION ( 'NONE',  ( 0.0000000000000000000, 0.0000000000000000000, 1.000000000000000000 ) ) ;
#489 = PLANE ( 'NONE',  #508 ) ;
#490 = DIRECTION ( 'NONE',  ( 0.0000000000000000000, 0.0000000000000000000, 1.000000000000000000 ) ) ;
#491 = DIRECTION ( 'NONE',  ( 0.0000000000000000000, 1.000000000000000000, 0.0000000000000000000 ) ) ;
#492 = CARTESIAN_POINT ( 'NONE',  ( -4.500000000000000900, -1.299999999999999800, 15.59999999999999600 ) ) ;
#493 = CARTESIAN_POINT ( 'NONE',  ( 2.950000000000000600, -1.700000000000000000, 12.29999999999999400 ) ) ;
#494 = DIRECTION ( 'NONE',  ( 0.0000000000000000000, 1.000000000000000000, 0.0000000000000000000 ) ) ;
#495 = CARTESIAN_POINT ( 'NONE',  ( -5.500000000000000000, 65.90119046564578300, 15.59999999999999600 ) ) ;
#496 = CARTESIAN_POINT ( 'NONE',  ( 1.450000000000000200, 5.270007610345668800, 12.74999999999999600 ) ) ;
#497 = DIRECTION ( 'NONE',  ( 1.000000000000000000, 0.0000000000000000000, 0.0000000000000000000 ) ) ;
#498 = CARTESIAN_POINT ( 'NONE',  ( 1.850000000000001000, -1.299999999999999800, 11.49999999999999300 ) ) ;
#499 = CARTESIAN_POINT ( 'NONE',  ( 2.950000000000000600, -1.699999999999999300, 11.49999999999999300 ) ) ;
#500 = DIRECTION ( 'NONE',  ( -0.0000000000000000000, -1.000000000000000000, 0.0000000000000000000 ) ) ;
#501 = VECTOR ( 'NONE', #500, 1000.000000000000000 ) ;
#502 = CYLINDRICAL_SURFACE ( 'NONE', #469, 0.3999999999999993000 ) ;
#503 = AXIS2_PLACEMENT_3D ( 'NONE', #498, #497, #510 ) ;
#504 = CIRCLE ( 'NONE', #503, 0.3999999999999993000 ) ;
#505 = LINE ( 'NONE', #495, #487 ) ;
#506 = DIRECTION ( 'NONE',  ( -1.000000000000000000, -0.0000000000000000000, 0.0000000000000000000 ) ) ;
#507 = CYLINDRICAL_SURFACE ( 'NONE', #475, 0.3999999999999993000 ) ;
#508 = AXIS2_PLACEMENT_3D ( 'NONE', #496, #485, #482 ) ;
#509 = FACE_OUTER_BOUND ( 'NONE', #5936, .T. ) ;
#510 = DIRECTION ( 'NONE',  ( 0.0000000000000000000, 0.0000000000000000000, 1.000000000000000000 ) ) ;
#511 = CIRCLE ( 'NONE', #478, 0.3999999999999993000 ) ;
#512 = DIRECTION ( 'NONE',  ( 0.0000000000000000000, 0.0000000000000000000, 1.000000000000000000 ) ) ;
#513 = DIRECTION ( 'NONE',  ( -1.000000000000000000, -0.0000000000000000000, 0.0000000000000000000 ) ) ;
#514 = CARTESIAN_POINT ( 'NONE',  ( -5.500000000000000000, -1.299999999999999800, 15.59999999999999600 ) ) ;
#515 = DIRECTION ( 'NONE',  ( 0.0000000000000000000, 1.355252715606880000E-016, -1.000000000000000000 ) ) ;
#516 = VECTOR ( 'NONE', #515, 1000.000000000000000 ) ;
#517 = CARTESIAN_POINT ( 'NONE',  ( 2.950000000000000600, -1.699999999999999700, 11.49999999999999300 ) ) ;
#518 = LINE ( 'NONE', #517, #516 ) ;
#519 = DIRECTION ( 'NONE',  ( 1.000000000000000000, 0.0000000000000000000, 0.0000000000000000000 ) ) ;
#520 = AXIS2_PLACEMENT_3D ( 'NONE', #480, #519, #488 ) ;
#521 = VECTOR ( 'NONE', #506, 1000.000000000000000 ) ;
#522 = CIRCLE ( 'NONE', #520, 0.3999999999999993000 ) ;
#523 = LINE ( 'NONE', #529, #524 ) ;
#524 = VECTOR ( 'NONE', #530, 1000.000000000000000 ) ;
#525 = DIRECTION ( 'NONE',  ( -0.0000000000000000000, 0.0000000000000000000, 1.000000000000000000 ) ) ;
#526 = PLANE ( 'NONE',  #539 ) ;
#527 = LINE ( 'NONE', #541, #531 ) ;
#528 = CARTESIAN_POINT ( 'NONE',  ( -5.800000000000000700, 0.2000000000000011800, 15.59999999999999600 ) ) ;
#529 = CARTESIAN_POINT ( 'NONE',  ( 5.900000000000000400, 65.90119046564578300, 6.499999999999990200 ) ) ;
#530 = DIRECTION ( 'NONE',  ( -0.0000000000000000000, 1.000000000000000000, 0.0000000000000000000 ) ) ;
#531 = VECTOR ( 'NONE', #540, 1000.000000000000000 ) ;
#532 = FACE_OUTER_BOUND ( 'NONE', #5931, .T. ) ;
#533 = DIRECTION ( 'NONE',  ( -1.000000000000000000, -0.0000000000000000000, 0.0000000000000000000 ) ) ;
#534 = VECTOR ( 'NONE', #533, 1000.000000000000000 ) ;
#535 = CARTESIAN_POINT ( 'NONE',  ( 1.850000000000001000, -1.700000000000000000, 12.29999999999999400 ) ) ;
#536 = LINE ( 'NONE', #535, #534 ) ;
#537 = CYLINDRICAL_SURFACE ( 'NONE', #462, 0.3999999999999993000 ) ;
#538 = DIRECTION ( 'NONE',  ( 1.000000000000000000, 0.0000000000000000000, 0.0000000000000000000 ) ) ;
#539 = AXIS2_PLACEMENT_3D ( 'NONE', #528, #525, #538 ) ;
#540 = DIRECTION ( 'NONE',  ( -0.0000000000000000000, -1.000000000000000000, 0.0000000000000000000 ) ) ;
#541 = CARTESIAN_POINT ( 'NONE',  ( 2.550000000000000700, -1.700000000000000000, 12.29999999999999400 ) ) ;
#542 = CARTESIAN_POINT ( 'NONE',  ( -5.800000000000000700, 0.2000000000000011800, 15.59999999999999600 ) ) ;
#543 = LINE ( 'NONE', #542, #585 ) ;
#544 = DIRECTION ( 'NONE',  ( -1.000000000000000000, 0.0000000000000000000, 0.0000000000000000000 ) ) ;
#545 = DIRECTION ( 'NONE',  ( 0.0000000000000000000, 0.0000000000000000000, -1.000000000000000000 ) ) ;
#546 = AXIS2_PLACEMENT_3D ( 'NONE', #578, #545, #544 ) ;
#547 = CARTESIAN_POINT ( 'NONE',  ( 2.550000000000000700, -1.700000000000000000, 12.29999999999999400 ) ) ;
#548 = PLANE ( 'NONE',  #553 ) ;
#549 = DIRECTION ( 'NONE',  ( -0.0000000000000000000, -1.000000000000000000, 0.0000000000000000000 ) ) ;
#550 = VECTOR ( 'NONE', #549, 1000.000000000000000 ) ;
#551 = CARTESIAN_POINT ( 'NONE',  ( 1.450000000000001100, -1.699999999999999700, 11.49999999999999300 ) ) ;
#552 = LINE ( 'NONE', #551, #555 ) ;
#553 = AXIS2_PLACEMENT_3D ( 'NONE', #564, #587, #586 ) ;
#554 = CARTESIAN_POINT ( 'NONE',  ( 1.450000000000001100, -1.699999999999999300, 11.49999999999999300 ) ) ;
#555 = VECTOR ( 'NONE', #592, 1000.000000000000000 ) ;
#556 = DIRECTION ( 'NONE',  ( 5.421010862427463000E-017, -7.047314121155806400E-016, 1.000000000000000000 ) ) ;
#557 = VECTOR ( 'NONE', #556, 1000.000000000000000 ) ;
#558 = CARTESIAN_POINT ( 'NONE',  ( -3.649999999999999500, -1.699999999999997700, 13.59999999999999600 ) ) ;
#559 = LINE ( 'NONE', #558, #557 ) ;
#560 = DIRECTION ( 'NONE',  ( 0.0000000000000000000, 0.0000000000000000000, 1.000000000000000000 ) ) ;
#561 = DIRECTION ( 'NONE',  ( 1.000000000000000000, 0.0000000000000000000, 0.0000000000000000000 ) ) ;
#562 = CARTESIAN_POINT ( 'NONE',  ( 2.550000000000000700, -1.299999999999999800, 11.49999999999999300 ) ) ;
#563 = AXIS2_PLACEMENT_3D ( 'NONE', #562, #561, #560 ) ;
#564 = CARTESIAN_POINT ( 'NONE',  ( 1.850000000000001000, -1.699999999999999700, 11.49999999999999300 ) ) ;
#565 = PLANE ( 'NONE',  #583 ) ;
#566 = DIRECTION ( 'NONE',  ( -1.000000000000000000, 0.0000000000000000000, 0.0000000000000000000 ) ) ;
#567 = DIRECTION ( 'NONE',  ( 0.0000000000000000000, 1.355252715606880000E-016, -1.000000000000000000 ) ) ;
#568 = VECTOR ( 'NONE', #567, 1000.000000000000000 ) ;
#569 = CARTESIAN_POINT ( 'NONE',  ( 1.850000000000001000, -1.699999999999999700, 11.49999999999999300 ) ) ;
#570 = LINE ( 'NONE', #569, #568 ) ;
#571 = CARTESIAN_POINT ( 'NONE',  ( 1.850000000000000300, 5.270007610345668800, 12.74999999999999600 ) ) ;
#572 = FACE_OUTER_BOUND ( 'NONE', #5966, .T. ) ;
#573 = LINE ( 'NONE', #589, #550 ) ;
#574 = CARTESIAN_POINT ( 'NONE',  ( 1.850000000000001000, -1.699999999999999300, 11.49999999999999300 ) ) ;
#575 = DIRECTION ( 'NONE',  ( -1.000000000000000000, -0.0000000000000000000, 0.0000000000000000000 ) ) ;
#576 = VECTOR ( 'NONE', #575, 1000.000000000000000 ) ;
#577 = CARTESIAN_POINT ( 'NONE',  ( 1.850000000000001000, -1.699999999999999300, 11.49999999999999300 ) ) ;
#578 = CARTESIAN_POINT ( 'NONE',  ( 1.850000000000001000, -1.700000000000000000, 12.29999999999999400 ) ) ;
#579 = PLANE ( 'NONE',  #546 ) ;
#580 = FACE_OUTER_BOUND ( 'NONE', #5992, .T. ) ;
#581 = CIRCLE ( 'NONE', #563, 0.3999999999999993000 ) ;
#582 = LINE ( 'NONE', #577, #576 ) ;
#583 = AXIS2_PLACEMENT_3D ( 'NONE', #571, #566, #590 ) ;
#584 = DIRECTION ( 'NONE',  ( -1.000000000000000000, -0.0000000000000000000, -0.0000000000000000000 ) ) ;
#585 = VECTOR ( 'NONE', #584, 1000.000000000000000 ) ;
#586 = DIRECTION ( 'NONE',  ( 0.0000000000000000000, -1.355252715606880000E-016, 1.000000000000000000 ) ) ;
#587 = DIRECTION ( 'NONE',  ( 0.0000000000000000000, 1.000000000000000000, 1.355252715606880000E-016 ) ) ;
#588 = FACE_OUTER_BOUND ( 'NONE', #5975, .T. ) ;
#589 = CARTESIAN_POINT ( 'NONE',  ( 1.450000000000001100, -1.700000000000000000, 12.29999999999999400 ) ) ;
#590 = DIRECTION ( 'NONE',  ( 0.0000000000000000000, 0.0000000000000000000, 1.000000000000000000 ) ) ;
#591 = CARTESIAN_POINT ( 'NONE',  ( 1.450000000000001100, -1.700000000000000000, 12.29999999999999400 ) ) ;
#592 = DIRECTION ( 'NONE',  ( 0.0000000000000000000, 1.355252715606880000E-016, -1.000000000000000000 ) ) ;
#593 = PLANE ( 'NONE',  #704 ) ;
#594 = DIRECTION ( 'NONE',  ( -1.000000000000000000, 0.0000000000000000000, -0.0000000000000000000 ) ) ;
#595 = DIRECTION ( 'NONE',  ( 0.0000000000000000000, 0.0000000000000000000, -1.000000000000000000 ) ) ;
#596 = CARTESIAN_POINT ( 'NONE',  ( 0.7500000000000008900, -1.700000000000000000, 12.29999999999999400 ) ) ;
#597 = DIRECTION ( 'NONE',  ( 0.0000000000000000000, 1.000000000000000000, 0.0000000000000000000 ) ) ;
#598 = VECTOR ( 'NONE', #597, 1000.000000000000000 ) ;
#599 = CARTESIAN_POINT ( 'NONE',  ( 0.7500000000000008900, -1.699999999999999700, 11.49999999999999300 ) ) ;
#600 = LINE ( 'NONE', #599, #652 ) ;
#601 = DIRECTION ( 'NONE',  ( 0.0000000000000000000, 0.0000000000000000000, 1.000000000000000000 ) ) ;
#602 = DIRECTION ( 'NONE',  ( -1.000000000000000000, 0.0000000000000000000, 0.0000000000000000000 ) ) ;
#603 = AXIS2_PLACEMENT_3D ( 'NONE', #614, #602, #601 ) ;
#604 = CARTESIAN_POINT ( 'NONE',  ( 2.550000000000000700, 5.270007610345668800, 12.74999999999999600 ) ) ;
#605 = FACE_OUTER_BOUND ( 'NONE', #5953, .T. ) ;
#606 = CARTESIAN_POINT ( 'NONE',  ( -6.799999999999998000, 20.04522618641298200, 15.79999999999999500 ) ) ;
#607 = PLANE ( 'NONE',  #608 ) ;
#608 = AXIS2_PLACEMENT_3D ( 'NONE', #606, #595, #594 ) ;
#609 = DIRECTION ( 'NONE',  ( 0.0000000000000000000, 0.0000000000000000000, 1.000000000000000000 ) ) ;
#610 = CARTESIAN_POINT ( 'NONE',  ( 2.950000000000000600, -1.700000000000000000, 12.29999999999999400 ) ) ;
#611 = AXIS2_PLACEMENT_3D ( 'NONE', #604, #668, #667 ) ;
#612 = PLANE ( 'NONE',  #611 ) ;
#613 = FACE_OUTER_BOUND ( 'NONE', #6019, .T. ) ;
#614 = CARTESIAN_POINT ( 'NONE',  ( 0.7500000000000008900, 5.270007610345668800, 12.74999999999999600 ) ) ;
#615 = PLANE ( 'NONE',  #603 ) ;
#616 = DIRECTION ( 'NONE',  ( 0.0000000000000000000, 0.0000000000000000000, -1.000000000000000000 ) ) ;
#617 = DIRECTION ( 'NONE',  ( 0.0000000000000000000, -1.355252715606880000E-016, 1.000000000000000000 ) ) ;
#618 = DIRECTION ( 'NONE',  ( 0.0000000000000000000, 1.000000000000000000, 1.355252715606880000E-016 ) ) ;
#619 = CARTESIAN_POINT ( 'NONE',  ( 2.950000000000000600, -1.699999999999999700, 11.49999999999999300 ) ) ;
#620 = AXIS2_PLACEMENT_3D ( 'NONE', #619, #618, #617 ) ;
#621 = PLANE ( 'NONE',  #620 ) ;
#622 = DIRECTION ( 'NONE',  ( 0.0000000000000000000, 1.000000000000000000, 0.0000000000000000000 ) ) ;
#623 = VECTOR ( 'NONE', #622, 1000.000000000000000 ) ;
#624 = CARTESIAN_POINT ( 'NONE',  ( -4.500000000000000900, -1.299999999999999800, 15.59999999999999600 ) ) ;
#625 = LINE ( 'NONE', #624, #623 ) ;
#626 = LINE ( 'NONE', #698, #688 ) ;
#627 = CARTESIAN_POINT ( 'NONE',  ( -3.649999999999999000, -1.699999999999999300, 11.49999999999999300 ) ) ;
#628 = DIRECTION ( 'NONE',  ( 0.0000000000000000000, 1.355252715606880000E-016, -1.000000000000000000 ) ) ;
#629 = VECTOR ( 'NONE', #628, 1000.000000000000000 ) ;
#630 = CARTESIAN_POINT ( 'NONE',  ( -0.3499999999999994200, -1.699999999999999700, 11.49999999999999300 ) ) ;
#631 = LINE ( 'NONE', #630, #629 ) ;
#632 = CARTESIAN_POINT ( 'NONE',  ( 0.3500000000000008700, -1.700000000000000000, 12.29999999999999400 ) ) ;
#633 = FACE_OUTER_BOUND ( 'NONE', #6038, .T. ) ;
#634 = DIRECTION ( 'NONE',  ( 0.7071067811865444600, -0.0000000000000000000, 0.7071067811865505700 ) ) ;
#635 = VECTOR ( 'NONE', #634, 1000.000000000000000 ) ;
#636 = CARTESIAN_POINT ( 'NONE',  ( -4.899999999999974600, 0.2000000000000003200, 4.899999999999926600 ) ) ;
#637 = LINE ( 'NONE', #636, #635 ) ;
#638 = DIRECTION ( 'NONE',  ( 0.0000000000000000000, 0.0000000000000000000, 1.000000000000000000 ) ) ;
#639 = DIRECTION ( 'NONE',  ( -1.000000000000000000, -0.0000000000000000000, 0.0000000000000000000 ) ) ;
#640 = AXIS2_PLACEMENT_3D ( 'NONE', #642, #639, #638 ) ;
#641 = CYLINDRICAL_SURFACE ( 'NONE', #640, 0.3999999999999993000 ) ;
#642 = CARTESIAN_POINT ( 'NONE',  ( 0.7500000000000008900, -1.299999999999999800, 11.49999999999999300 ) ) ;
#643 = DIRECTION ( 'NONE',  ( 0.0000000000000000000, 0.0000000000000000000, 1.000000000000000000 ) ) ;
#644 = DIRECTION ( 'NONE',  ( 1.000000000000000000, 0.0000000000000000000, 0.0000000000000000000 ) ) ;
#645 = FACE_OUTER_BOUND ( 'NONE', #5983, .T. ) ;
#646 = CARTESIAN_POINT ( 'NONE',  ( 5.800000000000000700, -1.649999999999999700, 15.29686269665967800 ) ) ;
#647 = CARTESIAN_POINT ( 'NONE',  ( 0.7500000000000008900, -1.299999999999999800, 11.49999999999999300 ) ) ;
#648 = AXIS2_PLACEMENT_3D ( 'NONE', #647, #644, #643 ) ;
#649 = CIRCLE ( 'NONE', #648, 0.3999999999999993000 ) ;
#650 = FACE_OUTER_BOUND ( 'NONE', #6194, .T. ) ;
#651 = DIRECTION ( 'NONE',  ( 0.0000000000000000000, 1.355252715606880000E-016, -1.000000000000000000 ) ) ;
#652 = VECTOR ( 'NONE', #651, 1000.000000000000000 ) ;
#653 = DIRECTION ( 'NONE',  ( 1.000000000000000000, 0.0000000000000000000, 0.0000000000000000000 ) ) ;
#654 = CARTESIAN_POINT ( 'NONE',  ( 0.3500000000000008700, -1.299999999999999800, 11.49999999999999300 ) ) ;
#655 = AXIS2_PLACEMENT_3D ( 'NONE', #654, #653, #609 ) ;
#656 = FACE_OUTER_BOUND ( 'NONE', #6069, .T. ) ;
#657 = DIRECTION ( 'NONE',  ( -0.0000000000000000000, -1.000000000000000000, 0.0000000000000000000 ) ) ;
#658 = VECTOR ( 'NONE', #657, 1000.000000000000000 ) ;
#659 = CARTESIAN_POINT ( 'NONE',  ( -3.649999999999999000, -1.700000000000000000, 12.29999999999999400 ) ) ;
#660 = LINE ( 'NONE', #659, #658 ) ;
#661 = DIRECTION ( 'NONE',  ( -1.000000000000000000, -0.0000000000000000000, 0.0000000000000000000 ) ) ;
#662 = VECTOR ( 'NONE', #661, 1000.000000000000000 ) ;
#663 = CARTESIAN_POINT ( 'NONE',  ( -3.649999999999999000, -1.700000000000000000, 12.29999999999999400 ) ) ;
#664 = DIRECTION ( 'NONE',  ( 0.0000000000000000000, 0.0000000000000000000, 1.000000000000000000 ) ) ;
#665 = CARTESIAN_POINT ( 'NONE',  ( -0.3499999999999994200, -1.700000000000000000, 12.29999999999999400 ) ) ;
#666 = LINE ( 'NONE', #665, #702 ) ;
#667 = DIRECTION ( 'NONE',  ( 0.0000000000000000000, 0.0000000000000000000, -1.000000000000000000 ) ) ;
#668 = DIRECTION ( 'NONE',  ( 1.000000000000000000, 0.0000000000000000000, 0.0000000000000000000 ) ) ;
#669 = CARTESIAN_POINT ( 'NONE',  ( -0.7499999999999995600, 5.270007610345668800, 12.74999999999999600 ) ) ;
#670 = AXIS2_PLACEMENT_3D ( 'NONE', #669, #672, #616 ) ;
#671 = FACE_OUTER_BOUND ( 'NONE', #6152, .T. ) ;
#672 = DIRECTION ( 'NONE',  ( 1.000000000000000000, 0.0000000000000000000, 0.0000000000000000000 ) ) ;
#673 = PLANE ( 'NONE',  #670 ) ;
#674 = CARTESIAN_POINT ( 'NONE',  ( 0.3500000000000008700, -1.699999999999999300, 11.49999999999999300 ) ) ;
#675 = CARTESIAN_POINT ( 'NONE',  ( 6.100000000000000500, -1.649999999999999700, 15.79999999999999500 ) ) ;
#676 = DIRECTION ( 'NONE',  ( 1.000000000000000000, 0.0000000000000000000, 0.0000000000000000000 ) ) ;
#677 = VECTOR ( 'NONE', #676, 1000.000000000000000 ) ;
#678 = CARTESIAN_POINT ( 'NONE',  ( -6.799999999999998000, -1.649999999999999700, 15.79999999999999500 ) ) ;
#679 = LINE ( 'NONE', #678, #677 ) ;
#680 = FACE_OUTER_BOUND ( 'NONE', #5980, .T. ) ;
#681 = DIRECTION ( 'NONE',  ( 0.0000000000000000000, 1.000000000000000000, 0.0000000000000000000 ) ) ;
#682 = VECTOR ( 'NONE', #681, 1000.000000000000000 ) ;
#683 = CARTESIAN_POINT ( 'NONE',  ( 5.800000000000000700, -21.27065238466855800, 15.29686269665967800 ) ) ;
#684 = LINE ( 'NONE', #683, #682 ) ;
#685 = DIRECTION ( 'NONE',  ( -1.000000000000000000, 0.0000000000000000000, 0.0000000000000000000 ) ) ;
#686 = CARTESIAN_POINT ( 'NONE',  ( 5.349999999999998800, -21.27065238466855800, 15.49999999999999300 ) ) ;
#687 = LINE ( 'NONE', #686, #598 ) ;
#688 = VECTOR ( 'NONE', #697, 1000.000000000000000 ) ;
#689 = CARTESIAN_POINT ( 'NONE',  ( 0.3500000000000007500, 5.270007610345668800, 12.74999999999999600 ) ) ;
#690 = AXIS2_PLACEMENT_3D ( 'NONE', #689, #700, #699 ) ;
#691 = FACE_OUTER_BOUND ( 'NONE', #6154, .T. ) ;
#692 = CARTESIAN_POINT ( 'NONE',  ( 0.7500000000000008900, -1.699999999999999300, 11.49999999999999300 ) ) ;
#693 = DIRECTION ( 'NONE',  ( -1.000000000000000000, -0.0000000000000000000, 0.0000000000000000000 ) ) ;
#694 = VECTOR ( 'NONE', #693, 1000.000000000000000 ) ;
#695 = CARTESIAN_POINT ( 'NONE',  ( 0.7500000000000008900, -1.700000000000000000, 12.29999999999999400 ) ) ;
#696 = LINE ( 'NONE', #695, #694 ) ;
#697 = DIRECTION ( 'NONE',  ( 0.0000000000000000000, 1.355252715606880000E-016, -1.000000000000000000 ) ) ;
#698 = CARTESIAN_POINT ( 'NONE',  ( 0.3500000000000008700, -1.699999999999999700, 11.49999999999999300 ) ) ;
#699 = DIRECTION ( 'NONE',  ( 0.0000000000000000000, 0.0000000000000000000, -1.000000000000000000 ) ) ;
#700 = DIRECTION ( 'NONE',  ( 1.000000000000000000, 0.0000000000000000000, 0.0000000000000000000 ) ) ;
#701 = DIRECTION ( 'NONE',  ( -1.000000000000000000, -0.0000000000000000000, 0.0000000000000000000 ) ) ;
#702 = VECTOR ( 'NONE', #701, 1000.000000000000000 ) ;
#703 = PLANE ( 'NONE',  #690 ) ;
#704 = AXIS2_PLACEMENT_3D ( 'NONE', #610, #717, #685 ) ;
#705 = CARTESIAN_POINT ( 'NONE',  ( 1.850000000000001000, -1.700000000000000000, 12.29999999999999400 ) ) ;
#706 = CIRCLE ( 'NONE', #655, 0.3999999999999993000 ) ;
#707 = DIRECTION ( 'NONE',  ( 1.000000000000000000, 0.0000000000000000000, 0.0000000000000000000 ) ) ;
#708 = CARTESIAN_POINT ( 'NONE',  ( -3.649999999999999000, -1.299999999999999800, 11.49999999999999300 ) ) ;
#709 = AXIS2_PLACEMENT_3D ( 'NONE', #708, #707, #664 ) ;
#710 = CIRCLE ( 'NONE', #709, 0.3999999999999993000 ) ;
#711 = LINE ( 'NONE', #663, #662 ) ;
#712 = CARTESIAN_POINT ( 'NONE',  ( -3.649999999999999000, -1.699999999999998200, 14.39999999999999500 ) ) ;
#713 = DIRECTION ( 'NONE',  ( -1.000000000000000000, 1.110223024625156800E-016, 5.421010862427484000E-017 ) ) ;
#714 = VECTOR ( 'NONE', #713, 1000.000000000000000 ) ;
#715 = CARTESIAN_POINT ( 'NONE',  ( -3.649999999999999500, -1.699999999999999100, 14.39999999999999500 ) ) ;
#716 = LINE ( 'NONE', #715, #714 ) ;
#717 = DIRECTION ( 'NONE',  ( 0.0000000000000000000, 0.0000000000000000000, -1.000000000000000000 ) ) ;
#718 = CARTESIAN_POINT ( 'NONE',  ( -1.849999999999999400, 5.270007610345668800, 12.74999999999999600 ) ) ;
#719 = PLANE ( 'NONE',  #761 ) ;
#720 = FACE_OUTER_BOUND ( 'NONE', #6082, .T. ) ;
#721 = DIRECTION ( 'NONE',  ( 0.0000000000000000000, 1.355252715606880000E-016, -1.000000000000000000 ) ) ;
#722 = VECTOR ( 'NONE', #721, 1000.000000000000000 ) ;
#723 = DIRECTION ( 'NONE',  ( 0.0000000000000000000, 0.0000000000000000000, -1.000000000000000000 ) ) ;
#724 = DIRECTION ( 'NONE',  ( 0.0000000000000000000, -1.000000000000000000, 0.0000000000000000000 ) ) ;
#725 = CARTESIAN_POINT ( 'NONE',  ( 6.100000000000001400, 20.04522618641298200, 15.09999999999999800 ) ) ;
#726 = AXIS2_PLACEMENT_3D ( 'NONE', #725, #724, #723 ) ;
#727 = CYLINDRICAL_SURFACE ( 'NONE', #726, 0.6999999999999992900 ) ;
#728 = FACE_OUTER_BOUND ( 'NONE', #6167, .T. ) ;
#729 = DIRECTION ( 'NONE',  ( 1.000000000000000000, -0.0000000000000000000, 0.0000000000000000000 ) ) ;
#730 = VECTOR ( 'NONE', #729, 1000.000000000000000 ) ;
#731 = CARTESIAN_POINT ( 'NONE',  ( -6.799999999999998900, 0.2000000000000011800, 15.79999999999999500 ) ) ;
#732 = LINE ( 'NONE', #731, #730 ) ;
#733 = CARTESIAN_POINT ( 'NONE',  ( 4.200000000000000200, -1.649999999999999700, 15.49999999999999300 ) ) ;
#734 = CARTESIAN_POINT ( 'NONE',  ( -0.7499999999999994400, -1.699999999999999300, 11.49999999999999300 ) ) ;
#735 = CARTESIAN_POINT ( 'NONE',  ( 6.000000000000000900, -1.649999999999999700, 15.79999999999999500 ) ) ;
#736 = DIRECTION ( 'NONE',  ( -0.7071067811865444600, 0.0000000000000000000, -0.7071067811865505700 ) ) ;
#737 = VECTOR ( 'NONE', #736, 1000.000000000000000 ) ;
#738 = DIRECTION ( 'NONE',  ( 0.0000000000000000000, 0.0000000000000000000, 1.000000000000000000 ) ) ;
#739 = DIRECTION ( 'NONE',  ( -1.000000000000000000, -0.0000000000000000000, 0.0000000000000000000 ) ) ;
#740 = CARTESIAN_POINT ( 'NONE',  ( -0.3499999999999994200, -1.299999999999999800, 11.49999999999999300 ) ) ;
#741 = AXIS2_PLACEMENT_3D ( 'NONE', #740, #739, #738 ) ;
#742 = CARTESIAN_POINT ( 'NONE',  ( 5.800000000000000700, 0.2000000000000011800, 15.79999999999999500 ) ) ;
#743 = PLANE ( 'NONE',  #828 ) ;
#744 = FACE_OUTER_BOUND ( 'NONE', #6147, .T. ) ;
#745 = CYLINDRICAL_SURFACE ( 'NONE', #741, 0.3999999999999993000 ) ;
#746 = PLANE ( 'NONE',  #747 ) ;
#747 = AXIS2_PLACEMENT_3D ( 'NONE', #775, #774, #773 ) ;
#748 = FACE_OUTER_BOUND ( 'NONE', #6020, .T. ) ;
#749 = DIRECTION ( 'NONE',  ( -1.000000000000000000, -0.0000000000000000000, 0.0000000000000000000 ) ) ;
#750 = VECTOR ( 'NONE', #749, 1000.000000000000000 ) ;
#751 = CARTESIAN_POINT ( 'NONE',  ( 0.7500000000000008900, -1.699999999999999300, 11.49999999999999300 ) ) ;
#752 = LINE ( 'NONE', #751, #750 ) ;
#753 = CIRCLE ( 'NONE', #807, 0.3999999999999993000 ) ;
#754 = DIRECTION ( 'NONE',  ( 0.0000000000000000000, -1.355252715606880000E-016, 1.000000000000000000 ) ) ;
#755 = VECTOR ( 'NONE', #792, 1000.000000000000000 ) ;
#756 = CARTESIAN_POINT ( 'NONE',  ( -2.949999999999999300, -1.699999999999999700, 11.49999999999999300 ) ) ;
#757 = LINE ( 'NONE', #756, #755 ) ;
#758 = FACE_OUTER_BOUND ( 'NONE', #6157, .T. ) ;
#759 = DIRECTION ( 'NONE',  ( 0.0000000000000000000, 0.0000000000000000000, -1.000000000000000000 ) ) ;
#760 = DIRECTION ( 'NONE',  ( 1.000000000000000000, 0.0000000000000000000, 0.0000000000000000000 ) ) ;
#761 = AXIS2_PLACEMENT_3D ( 'NONE', #718, #760, #759 ) ;
#762 = CARTESIAN_POINT ( 'NONE',  ( -0.3499999999999994200, -1.700000000000000000, 12.29999999999999400 ) ) ;
#763 = CARTESIAN_POINT ( 'NONE',  ( -2.549999999999999400, -1.700000000000000000, 12.29999999999999400 ) ) ;
#764 = CARTESIAN_POINT ( 'NONE',  ( -2.949999999999999300, -1.299999999999999800, 11.49999999999999300 ) ) ;
#765 = FACE_OUTER_BOUND ( 'NONE', #6254, .T. ) ;
#766 = DIRECTION ( 'NONE',  ( 0.0000000000000000000, 0.0000000000000000000, 1.000000000000000000 ) ) ;
#767 = DIRECTION ( 'NONE',  ( 1.000000000000000000, 0.0000000000000000000, 0.0000000000000000000 ) ) ;
#768 = AXIS2_PLACEMENT_3D ( 'NONE', #764, #767, #766 ) ;
#769 = CIRCLE ( 'NONE', #768, 0.3999999999999993000 ) ;
#770 = DIRECTION ( 'NONE',  ( 0.0000000000000000000, 1.000000000000000000, 1.355252715606880000E-016 ) ) ;
#771 = CIRCLE ( 'NONE', #786, 0.3999999999999993000 ) ;
#772 = LINE ( 'NONE', #782, #781 ) ;
#773 = DIRECTION ( 'NONE',  ( 0.0000000000000000000, 0.0000000000000000000, 1.000000000000000000 ) ) ;
#774 = DIRECTION ( 'NONE',  ( -1.000000000000000000, 0.0000000000000000000, 0.0000000000000000000 ) ) ;
#775 = CARTESIAN_POINT ( 'NONE',  ( -0.3499999999999993700, 5.270007610345668800, 12.74999999999999600 ) ) ;
#776 = DIRECTION ( 'NONE',  ( -1.000000000000000000, 0.0000000000000000000, 0.0000000000000000000 ) ) ;
#777 = DIRECTION ( 'NONE',  ( 0.0000000000000000000, 0.0000000000000000000, -1.000000000000000000 ) ) ;
#778 = CARTESIAN_POINT ( 'NONE',  ( -2.549999999999999400, -1.700000000000000000, 12.29999999999999400 ) ) ;
#779 = FACE_OUTER_BOUND ( 'NONE', #6141, .T. ) ;
#780 = DIRECTION ( 'NONE',  ( -0.0000000000000000000, -1.000000000000000000, 0.0000000000000000000 ) ) ;
#781 = VECTOR ( 'NONE', #780, 1000.000000000000000 ) ;
#782 = CARTESIAN_POINT ( 'NONE',  ( -0.3499999999999994200, -1.700000000000000000, 12.29999999999999400 ) ) ;
#783 = DIRECTION ( 'NONE',  ( 0.0000000000000000000, 0.0000000000000000000, 1.000000000000000000 ) ) ;
#784 = DIRECTION ( 'NONE',  ( 1.000000000000000000, 0.0000000000000000000, 0.0000000000000000000 ) ) ;
#785 = CARTESIAN_POINT ( 'NONE',  ( -0.3499999999999994200, -1.299999999999999800, 11.49999999999999300 ) ) ;
#786 = AXIS2_PLACEMENT_3D ( 'NONE', #785, #784, #783 ) ;
#787 = DIRECTION ( 'NONE',  ( 0.0000000000000000000, 1.000000000000000000, 1.355252715606880000E-016 ) ) ;
#788 = CARTESIAN_POINT ( 'NONE',  ( -1.449999999999999500, -1.699999999999999700, 11.49999999999999300 ) ) ;
#789 = AXIS2_PLACEMENT_3D ( 'NONE', #788, #787, #754 ) ;
#790 = CARTESIAN_POINT ( 'NONE',  ( -2.549999999999999400, -1.699999999999999700, 11.49999999999999300 ) ) ;
#791 = FACE_OUTER_BOUND ( 'NONE', #6302, .T. ) ;
#792 = DIRECTION ( 'NONE',  ( 0.0000000000000000000, 1.355252715606880000E-016, -1.000000000000000000 ) ) ;
#793 = DIRECTION ( 'NONE',  ( -0.0000000000000000000, -1.000000000000000000, 0.0000000000000000000 ) ) ;
#794 = VECTOR ( 'NONE', #793, 1000.000000000000000 ) ;
#795 = CARTESIAN_POINT ( 'NONE',  ( 0.3500000000000008700, -1.700000000000000000, 12.29999999999999400 ) ) ;
#796 = LINE ( 'NONE', #795, #794 ) ;
#797 = DIRECTION ( 'NONE',  ( -1.000000000000000000, 0.0000000000000000000, 0.0000000000000000000 ) ) ;
#798 = FACE_OUTER_BOUND ( 'NONE', #6115, .T. ) ;
#799 = CARTESIAN_POINT ( 'NONE',  ( -1.849999999999999400, -1.700000000000000000, 12.29999999999999400 ) ) ;
#800 = CARTESIAN_POINT ( 'NONE',  ( -1.849999999999999400, -1.699999999999999300, 11.49999999999999300 ) ) ;
#801 = CARTESIAN_POINT ( 'NONE',  ( -1.849999999999999400, -1.699999999999999700, 11.49999999999999300 ) ) ;
#802 = DIRECTION ( 'NONE',  ( -1.000000000000000000, 0.0000000000000000000, 0.0000000000000000000 ) ) ;
#803 = DIRECTION ( 'NONE',  ( 0.0000000000000000000, 0.0000000000000000000, -1.000000000000000000 ) ) ;
#804 = DIRECTION ( 'NONE',  ( 0.0000000000000000000, 0.0000000000000000000, 1.000000000000000000 ) ) ;
#805 = DIRECTION ( 'NONE',  ( 1.000000000000000000, 0.0000000000000000000, 0.0000000000000000000 ) ) ;
#806 = CARTESIAN_POINT ( 'NONE',  ( -1.849999999999999400, -1.299999999999999800, 11.49999999999999300 ) ) ;
#807 = AXIS2_PLACEMENT_3D ( 'NONE', #806, #805, #804 ) ;
#808 = LINE ( 'NONE', #801, #722 ) ;
#809 = AXIS2_PLACEMENT_3D ( 'NONE', #790, #770, #835 ) ;
#810 = CARTESIAN_POINT ( 'NONE',  ( -2.549999999999999400, -1.700000000000000000, 12.29999999999999400 ) ) ;
#811 = DIRECTION ( 'NONE',  ( -1.000000000000000000, 0.0000000000000000000, 0.0000000000000000000 ) ) ;
#812 = DIRECTION ( 'NONE',  ( 0.0000000000000000000, 0.0000000000000000000, -1.000000000000000000 ) ) ;
#813 = CARTESIAN_POINT ( 'NONE',  ( -1.449999999999999500, -1.700000000000000000, 12.29999999999999400 ) ) ;
#814 = AXIS2_PLACEMENT_3D ( 'NONE', #813, #812, #811 ) ;
#815 = PLANE ( 'NONE',  #809 ) ;
#816 = PLANE ( 'NONE',  #814 ) ;
#817 = CARTESIAN_POINT ( 'NONE',  ( -3.649999999999999000, -1.700000000000000000, 12.29999999999999400 ) ) ;
#818 = DIRECTION ( 'NONE',  ( 0.0000000000000000000, 0.0000000000000000000, -1.000000000000000000 ) ) ;
#819 = CARTESIAN_POINT ( 'NONE',  ( 0.7500000000000008900, -1.700000000000000000, 12.29999999999999400 ) ) ;
#820 = AXIS2_PLACEMENT_3D ( 'NONE', #819, #818, #797 ) ;
#821 = PLANE ( 'NONE',  #820 ) ;
#822 = FACE_OUTER_BOUND ( 'NONE', #6094, .T. ) ;
#823 = CARTESIAN_POINT ( 'NONE',  ( -4.049999999999999800, -1.700000000000000000, 12.29999999999999400 ) ) ;
#824 = CARTESIAN_POINT ( 'NONE',  ( 6.000000000000000900, -1.649999999999999700, 15.79999999999999500 ) ) ;
#825 = LINE ( 'NONE', #824, #737 ) ;
#826 = DIRECTION ( 'NONE',  ( -0.0000000000000000000, 0.0000000000000000000, 1.000000000000000000 ) ) ;
#827 = DIRECTION ( 'NONE',  ( -1.000000000000000000, 0.0000000000000000000, -0.0000000000000000000 ) ) ;
#828 = AXIS2_PLACEMENT_3D ( 'NONE', #742, #827, #826 ) ;
#829 = LINE ( 'NONE', #763, #831 ) ;
#830 = PLANE ( 'NONE',  #789 ) ;
#831 = VECTOR ( 'NONE', #836, 1000.000000000000000 ) ;
#832 = FACE_OUTER_BOUND ( 'NONE', #6117, .T. ) ;
#833 = AXIS2_PLACEMENT_3D ( 'NONE', #778, #777, #776 ) ;
#834 = PLANE ( 'NONE',  #833 ) ;
#835 = DIRECTION ( 'NONE',  ( 0.0000000000000000000, -1.355252715606880000E-016, 1.000000000000000000 ) ) ;
#836 = DIRECTION ( 'NONE',  ( -0.0000000000000000000, -1.000000000000000000, 0.0000000000000000000 ) ) ;
#837 = AXIS2_PLACEMENT_3D ( 'NONE', #838, #803, #802 ) ;
#838 = CARTESIAN_POINT ( 'NONE',  ( -0.3499999999999994200, -1.700000000000000000, 12.29999999999999400 ) ) ;
#839 = PLANE ( 'NONE',  #837 ) ;
#840 = PLANE ( 'NONE',  #863 ) ;
#841 = CARTESIAN_POINT ( 'NONE',  ( -2.850000000000000100, -1.699999999999999100, 14.39999999999999500 ) ) ;
#842 = DIRECTION ( 'NONE',  ( 0.0000000000000000000, 1.355252715606880000E-016, -1.000000000000000000 ) ) ;
#843 = DIRECTION ( 'NONE',  ( 1.000000000000000000, 0.0000000000000000000, -0.0000000000000000000 ) ) ;
#844 = DIRECTION ( 'NONE',  ( 0.0000000000000000000, -0.0000000000000000000, 1.000000000000000000 ) ) ;
#845 = CARTESIAN_POINT ( 'NONE',  ( 5.950000000000000200, 14.43376267892646900, 13.09999999999999600 ) ) ;
#846 = FACE_OUTER_BOUND ( 'NONE', #6448, .T. ) ;
#847 = LINE ( 'NONE', #892, #891 ) ;
#848 = DIRECTION ( 'NONE',  ( 1.000000000000000000, -1.665334536937734800E-016, -5.421010862427483300E-017 ) ) ;
#849 = VECTOR ( 'NONE', #842, 1000.000000000000000 ) ;
#850 = CARTESIAN_POINT ( 'NONE',  ( -3.649999999999999000, -1.699999999999999700, 11.49999999999999300 ) ) ;
#851 = LINE ( 'NONE', #850, #849 ) ;
#852 = LINE ( 'NONE', #871, #870 ) ;
#853 = CARTESIAN_POINT ( 'NONE',  ( -0.7499999999999994400, -1.700000000000000000, 12.29999999999999400 ) ) ;
#854 = DIRECTION ( 'NONE',  ( -1.000000000000000000, -0.0000000000000000000, 0.0000000000000000000 ) ) ;
#855 = VECTOR ( 'NONE', #854, 1000.000000000000000 ) ;
#856 = CARTESIAN_POINT ( 'NONE',  ( -0.3499999999999994200, -1.699999999999999300, 11.49999999999999300 ) ) ;
#857 = LINE ( 'NONE', #856, #855 ) ;
#858 = CARTESIAN_POINT ( 'NONE',  ( -0.3499999999999994200, -1.699999999999999300, 11.49999999999999300 ) ) ;
#859 = DIRECTION ( 'NONE',  ( 0.0000000000000000000, -1.000000000000000000, -0.0000000000000000000 ) ) ;
#860 = VECTOR ( 'NONE', #859, 1000.000000000000000 ) ;
#861 = CARTESIAN_POINT ( 'NONE',  ( 4.200000000000000200, 0.2000000000000011800, 15.49999999999999300 ) ) ;
#862 = LINE ( 'NONE', #861, #860 ) ;
#863 = AXIS2_PLACEMENT_3D ( 'NONE', #928, #934, #933 ) ;
#864 = PLANE ( 'NONE',  #896 ) ;
#865 = DIRECTION ( 'NONE',  ( -0.0000000000000000000, -1.000000000000000000, 0.0000000000000000000 ) ) ;
#866 = VECTOR ( 'NONE', #865, 1000.000000000000000 ) ;
#867 = CARTESIAN_POINT ( 'NONE',  ( -0.7499999999999994400, -1.700000000000000000, 12.29999999999999400 ) ) ;
#868 = LINE ( 'NONE', #867, #866 ) ;
#869 = DIRECTION ( 'NONE',  ( 0.0000000000000000000, 1.355252715606880000E-016, -1.000000000000000000 ) ) ;
#870 = VECTOR ( 'NONE', #869, 1000.000000000000000 ) ;
#871 = CARTESIAN_POINT ( 'NONE',  ( -0.7499999999999994400, -1.699999999999999700, 11.49999999999999300 ) ) ;
#872 = DIRECTION ( 'NONE',  ( 0.0000000000000000000, 0.0000000000000000000, 1.000000000000000000 ) ) ;
#873 = DIRECTION ( 'NONE',  ( -0.0000000000000000000, -1.000000000000000000, -0.0000000000000000000 ) ) ;
#874 = CARTESIAN_POINT ( 'NONE',  ( 6.100000000000001400, -1.649999999999999700, 15.09999999999999800 ) ) ;
#875 = AXIS2_PLACEMENT_3D ( 'NONE', #874, #873, #872 ) ;
#876 = FACE_OUTER_BOUND ( 'NONE', #6182, .T. ) ;
#877 = FACE_OUTER_BOUND ( 'NONE', #6209, .T. ) ;
#878 = DIRECTION ( 'NONE',  ( 0.0000000000000000000, 0.0000000000000000000, -1.000000000000000000 ) ) ;
#879 = VECTOR ( 'NONE', #878, 1000.000000000000000 ) ;
#880 = CARTESIAN_POINT ( 'NONE',  ( 5.800000000000000700, -1.649999999999999700, 15.79999999999999500 ) ) ;
#881 = DIRECTION ( 'NONE',  ( 5.421010862427463000E-017, -7.047314121155806400E-016, 1.000000000000000000 ) ) ;
#882 = CYLINDRICAL_SURFACE ( 'NONE', #935, 0.5999999999999998700 ) ;
#883 = PLANE ( 'NONE',  #923 ) ;
#884 = CARTESIAN_POINT ( 'NONE',  ( -2.849999999999999600, -1.699999999999998600, 13.59999999999999600 ) ) ;
#885 = CARTESIAN_POINT ( 'NONE',  ( 4.200000000000000200, 0.2000000000000011800, 15.59999999999999600 ) ) ;
#886 = LINE ( 'NONE', #885, #911 ) ;
#887 = PLANE ( 'NONE',  #888 ) ;
#888 = AXIS2_PLACEMENT_3D ( 'NONE', #845, #844, #843 ) ;
#889 = CARTESIAN_POINT ( 'NONE',  ( -2.849999999999999600, 0.7127416997969509000, 14.39999999999999900 ) ) ;
#890 = DIRECTION ( 'NONE',  ( -2.775557561562891800E-016, -1.000000000000000000, -7.047314121155806400E-016 ) ) ;
#891 = VECTOR ( 'NONE', #890, 1000.000000000000000 ) ;
#892 = CARTESIAN_POINT ( 'NONE',  ( -2.849999999999999200, 0.7127416997969513400, 13.60000000000000000 ) ) ;
#893 = DIRECTION ( 'NONE',  ( 1.665334536937735300E-016, 1.000000000000000000, 7.047314121155807400E-016 ) ) ;
#894 = PLANE ( 'NONE',  #925 ) ;
#895 = CARTESIAN_POINT ( 'NONE',  ( -3.649999999999999000, -1.700000000000000000, 12.29999999999999400 ) ) ;
#896 = AXIS2_PLACEMENT_3D ( 'NONE', #895, #931, #930 ) ;
#897 = DIRECTION ( 'NONE',  ( 0.0000000000000000000, 1.000000000000000000, 0.0000000000000000000 ) ) ;
#898 = CARTESIAN_POINT ( 'NONE',  ( 5.349999999999998800, -21.27065238466855800, 14.89999999999999300 ) ) ;
#899 = VECTOR ( 'NONE', #900, 1000.000000000000000 ) ;
#900 = DIRECTION ( 'NONE',  ( -2.775557561562891800E-016, -1.000000000000000000, -7.047314121155806400E-016 ) ) ;
#901 = FACE_OUTER_BOUND ( 'NONE', #6175, .T. ) ;
#902 = DIRECTION ( 'NONE',  ( -3.330669073875469600E-016, -1.000000000000000000, -7.047314121155806400E-016 ) ) ;
#903 = DIRECTION ( 'NONE',  ( 1.000000000000000000, -3.330669073875469100E-016, -5.421010862427492600E-017 ) ) ;
#904 = CARTESIAN_POINT ( 'NONE',  ( -2.849999999999999200, 0.7127416997969513400, 13.60000000000000000 ) ) ;
#905 = PLANE ( 'NONE',  #915 ) ;
#906 = DIRECTION ( 'NONE',  ( 0.0000000000000000000, 1.000000000000000000, 0.0000000000000000000 ) ) ;
#907 = CARTESIAN_POINT ( 'NONE',  ( 5.800000000000000700, 0.2000000000000011800, 15.59999999999999400 ) ) ;
#908 = FACE_OUTER_BOUND ( 'NONE', #6074, .T. ) ;
#909 = LINE ( 'NONE', #880, #879 ) ;
#910 = DIRECTION ( 'NONE',  ( 0.0000000000000000000, -1.000000000000000000, 0.0000000000000000000 ) ) ;
#911 = VECTOR ( 'NONE', #910, 1000.000000000000000 ) ;
#912 = DIRECTION ( 'NONE',  ( 0.7071067811865444600, 0.0000000000000000000, 0.7071067811865505700 ) ) ;
#913 = DIRECTION ( 'NONE',  ( -0.7071067811865505700, 0.0000000000000000000, 0.7071067811865444600 ) ) ;
#914 = CARTESIAN_POINT ( 'NONE',  ( 6.000000000000000900, 20.04522618641298200, 15.79999999999999500 ) ) ;
#915 = AXIS2_PLACEMENT_3D ( 'NONE', #914, #913, #912 ) ;
#916 = FACE_OUTER_BOUND ( 'NONE', #6201, .T. ) ;
#917 = VECTOR ( 'NONE', #906, 1000.000000000000000 ) ;
#918 = DIRECTION ( 'NONE',  ( 1.621236893436268400E-016, -0.0000000000000000000, 1.000000000000000000 ) ) ;
#919 = CARTESIAN_POINT ( 'NONE',  ( 5.349999999999998800, -21.27065238466855800, 15.49999999999999300 ) ) ;
#920 = AXIS2_PLACEMENT_3D ( 'NONE', #919, #918, #939 ) ;
#921 = PLANE ( 'NONE',  #920 ) ;
#922 = CARTESIAN_POINT ( 'NONE',  ( 5.800000000000000700, -1.649999999999999700, 15.59999999999999400 ) ) ;
#923 = AXIS2_PLACEMENT_3D ( 'NONE', #904, #903, #902 ) ;
#924 = CARTESIAN_POINT ( 'NONE',  ( -3.649999999999999500, -1.699999999999998200, 13.59999999999999600 ) ) ;
#925 = AXIS2_PLACEMENT_3D ( 'NONE', #924, #893, #848 ) ;
#926 = LINE ( 'NONE', #907, #917 ) ;
#927 = DIRECTION ( 'NONE',  ( 0.0000000000000000000, 0.0000000000000000000, 1.000000000000000000 ) ) ;
#928 = CARTESIAN_POINT ( 'NONE',  ( -3.649999999999999000, 5.270007610345668800, 12.74999999999999600 ) ) ;
#929 = FACE_OUTER_BOUND ( 'NONE', #6196, .T. ) ;
#930 = DIRECTION ( 'NONE',  ( -1.000000000000000000, 0.0000000000000000000, 0.0000000000000000000 ) ) ;
#931 = DIRECTION ( 'NONE',  ( 0.0000000000000000000, 0.0000000000000000000, -1.000000000000000000 ) ) ;
#932 = FACE_OUTER_BOUND ( 'NONE', #6192, .T. ) ;
#933 = DIRECTION ( 'NONE',  ( 0.0000000000000000000, 0.0000000000000000000, 1.000000000000000000 ) ) ;
#934 = DIRECTION ( 'NONE',  ( -1.000000000000000000, 0.0000000000000000000, 0.0000000000000000000 ) ) ;
#935 = AXIS2_PLACEMENT_3D ( 'NONE', #898, #897, #927 ) ;
#936 = LINE ( 'NONE', #889, #899 ) ;
#937 = VECTOR ( 'NONE', #881, 1000.000000000000000 ) ;
#938 = CIRCLE ( 'NONE', #875, 0.7000000000000009500 ) ;
#939 = DIRECTION ( 'NONE',  ( 1.000000000000000000, 0.0000000000000000000, -1.621236893436268400E-016 ) ) ;
#940 = CARTESIAN_POINT ( 'NONE',  ( -2.849999999999999600, -1.699999999999998600, 13.59999999999999600 ) ) ;
#941 = LINE ( 'NONE', #940, #937 ) ;
#942 = CARTESIAN_POINT ( 'NONE',  ( 4.200000000000000200, -1.649999999999999700, 15.59999999999999600 ) ) ;
#943 = LINE ( 'NONE', #942, #973 ) ;
#944 = CIRCLE ( 'NONE', #995, 0.3999999999999993000 ) ;
#945 = DIRECTION ( 'NONE',  ( 0.0000000000000000000, 0.0000000000000000000, -1.000000000000000000 ) ) ;
#946 = DIRECTION ( 'NONE',  ( 1.000000000000000000, 0.0000000000000000000, 0.0000000000000000000 ) ) ;
#947 = DIRECTION ( 'NONE',  ( 0.0000000000000000000, 0.0000000000000000000, 1.000000000000000000 ) ) ;
#948 = DIRECTION ( 'NONE',  ( -0.0000000000000000000, -1.000000000000000000, -0.0000000000000000000 ) ) ;
#949 = AXIS2_PLACEMENT_3D ( 'NONE', #962, #948, #947 ) ;
#950 = CIRCLE ( 'NONE', #949, 0.5999999999999998700 ) ;
#951 = CARTESIAN_POINT ( 'NONE',  ( -2.549999999999999400, -1.299999999999999800, 11.49999999999999300 ) ) ;
#952 = CYLINDRICAL_SURFACE ( 'NONE', #984, 0.3999999999999993000 ) ;
#953 = PLANE ( 'NONE',  #1022 ) ;
#954 = FACE_OUTER_BOUND ( 'NONE', #6284, .T. ) ;
#955 = DIRECTION ( 'NONE',  ( 0.0000000000000000000, -1.000000000000000000, 0.0000000000000000000 ) ) ;
#956 = DIRECTION ( 'NONE',  ( -0.0000000000000000000, 1.000000000000000000, -0.0000000000000000000 ) ) ;
#957 = VECTOR ( 'NONE', #956, 1000.000000000000000 ) ;
#958 = LINE ( 'NONE', #961, #960 ) ;
#959 = CARTESIAN_POINT ( 'NONE',  ( 5.349999999999998800, -1.649999999999999700, 15.49999999999999300 ) ) ;
#960 = VECTOR ( 'NONE', #979, 1000.000000000000000 ) ;
#961 = CARTESIAN_POINT ( 'NONE',  ( 5.349999999999998800, -1.649999999999999700, 15.49999999999999300 ) ) ;
#962 = CARTESIAN_POINT ( 'NONE',  ( 5.349999999999998800, -1.649999999999999700, 14.89999999999999300 ) ) ;
#963 = DIRECTION ( 'NONE',  ( -0.0000000000000000000, -0.0000000000000000000, 1.000000000000000000 ) ) ;
#964 = DIRECTION ( 'NONE',  ( 0.0000000000000000000, 1.000000000000000000, 1.355252715606880000E-016 ) ) ;
#965 = CARTESIAN_POINT ( 'NONE',  ( 0.7500000000000008900, -1.699999999999999700, 11.49999999999999300 ) ) ;
#966 = DIRECTION ( 'NONE',  ( 0.0000000000000000000, 0.0000000000000000000, -1.000000000000000000 ) ) ;
#967 = DIRECTION ( 'NONE',  ( 1.000000000000000000, 0.0000000000000000000, 0.0000000000000000000 ) ) ;
#968 = CARTESIAN_POINT ( 'NONE',  ( -2.949999999999998800, 5.270007610345668800, 12.74999999999999600 ) ) ;
#969 = DIRECTION ( 'NONE',  ( -1.000000000000000000, -0.0000000000000000000, 0.0000000000000000000 ) ) ;
#970 = VECTOR ( 'NONE', #969, 1000.000000000000000 ) ;
#971 = CARTESIAN_POINT ( 'NONE',  ( -2.549999999999999400, -1.700000000000000000, 12.29999999999999400 ) ) ;
#972 = LINE ( 'NONE', #971, #970 ) ;
#973 = VECTOR ( 'NONE', #955, 1000.000000000000000 ) ;
#974 = AXIS2_PLACEMENT_3D ( 'NONE', #987, #986, #985 ) ;
#975 = CIRCLE ( 'NONE', #974, 0.3999999999999993000 ) ;
#976 = FACE_OUTER_BOUND ( 'NONE', #6107, .T. ) ;
#977 = CARTESIAN_POINT ( 'NONE',  ( 6.100000000000001400, 0.2000000000000011800, 15.79999999999999500 ) ) ;
#978 = CARTESIAN_POINT ( 'NONE',  ( 6.100000000000000500, 20.04522618641298200, 15.79999999999999500 ) ) ;
#979 = DIRECTION ( 'NONE',  ( -1.000000000000000000, 0.0000000000000000000, 1.621236893436268400E-016 ) ) ;
#980 = AXIS2_PLACEMENT_3D ( 'NONE', #965, #964, #1008 ) ;
#981 = DIRECTION ( 'NONE',  ( 0.0000000000000000000, 0.0000000000000000000, 1.000000000000000000 ) ) ;
#982 = DIRECTION ( 'NONE',  ( -1.000000000000000000, 0.0000000000000000000, 0.0000000000000000000 ) ) ;
#983 = DIRECTION ( 'NONE',  ( -1.000000000000000000, -0.0000000000000000000, 0.0000000000000000000 ) ) ;
#984 = AXIS2_PLACEMENT_3D ( 'NONE', #951, #983, #1024 ) ;
#985 = DIRECTION ( 'NONE',  ( 0.0000000000000000000, 0.0000000000000000000, 1.000000000000000000 ) ) ;
#986 = DIRECTION ( 'NONE',  ( 1.000000000000000000, 0.0000000000000000000, 0.0000000000000000000 ) ) ;
#987 = CARTESIAN_POINT ( 'NONE',  ( -2.549999999999999400, -1.299999999999999800, 11.49999999999999300 ) ) ;
#988 = VECTOR ( 'NONE', #963, 1000.000000000000000 ) ;
#989 = LINE ( 'NONE', #1020, #1019 ) ;
#990 = CARTESIAN_POINT ( 'NONE',  ( -2.949999999999999300, -1.699999999999999300, 11.49999999999999300 ) ) ;
#991 = CARTESIAN_POINT ( 'NONE',  ( -4.049999999999999800, -1.699999999999999300, 11.49999999999999300 ) ) ;
#992 = DIRECTION ( 'NONE',  ( 0.0000000000000000000, 0.0000000000000000000, 1.000000000000000000 ) ) ;
#993 = DIRECTION ( 'NONE',  ( 1.000000000000000000, 0.0000000000000000000, 0.0000000000000000000 ) ) ;
#994 = CARTESIAN_POINT ( 'NONE',  ( -4.049999999999999800, -1.299999999999999800, 11.49999999999999300 ) ) ;
#995 = AXIS2_PLACEMENT_3D ( 'NONE', #994, #993, #992 ) ;
#996 = DIRECTION ( 'NONE',  ( -0.0000000000000000000, -1.000000000000000000, 0.0000000000000000000 ) ) ;
#997 = CARTESIAN_POINT ( 'NONE',  ( 0.7500000000000008900, -1.700000000000000000, 12.29999999999999400 ) ) ;
#998 = LINE ( 'NONE', #997, #1007 ) ;
#999 = PLANE ( 'NONE',  #980 ) ;
#1000 = CARTESIAN_POINT ( 'NONE',  ( -2.549999999999998900, 5.270007610345668800, 12.74999999999999600 ) ) ;
#1001 = AXIS2_PLACEMENT_3D ( 'NONE', #1000, #982, #981 ) ;
#1002 = PLANE ( 'NONE',  #1001 ) ;
#1003 = FACE_OUTER_BOUND ( 'NONE', #6277, .T. ) ;
#1004 = LINE ( 'NONE', #978, #957 ) ;
#1005 = AXIS2_PLACEMENT_3D ( 'NONE', #968, #967, #966 ) ;
#1006 = FACE_OUTER_BOUND ( 'NONE', #6159, .T. ) ;
#1007 = VECTOR ( 'NONE', #996, 1000.000000000000000 ) ;
#1008 = DIRECTION ( 'NONE',  ( 0.0000000000000000000, -1.355252715606880000E-016, 1.000000000000000000 ) ) ;
#1009 = PLANE ( 'NONE',  #1005 ) ;
#1010 = FACE_OUTER_BOUND ( 'NONE', #6304, .T. ) ;
#1011 = DIRECTION ( 'NONE',  ( 7.228014483236669900E-016, -7.228014483236675800E-016, 1.000000000000000000 ) ) ;
#1012 = VECTOR ( 'NONE', #1011, 1000.000000000000000 ) ;
#1013 = DIRECTION ( 'NONE',  ( -0.0000000000000000000, -1.000000000000000000, 0.0000000000000000000 ) ) ;
#1014 = VECTOR ( 'NONE', #1013, 1000.000000000000000 ) ;
#1015 = CARTESIAN_POINT ( 'NONE',  ( -4.049999999999999800, -1.700000000000000000, 12.29999999999999400 ) ) ;
#1016 = LINE ( 'NONE', #1015, #1014 ) ;
#1017 = CARTESIAN_POINT ( 'NONE',  ( -3.649999999999993700, -1.699999999999992200, 0.1499999999999938900 ) ) ;
#1018 = DIRECTION ( 'NONE',  ( 0.0000000000000000000, 1.355252715606880000E-016, -1.000000000000000000 ) ) ;
#1019 = VECTOR ( 'NONE', #1018, 1000.000000000000000 ) ;
#1020 = CARTESIAN_POINT ( 'NONE',  ( -2.549999999999999400, -1.699999999999999700, 11.49999999999999300 ) ) ;
#1021 = CARTESIAN_POINT ( 'NONE',  ( -4.049999999999999800, 65.90119046564578300, 13.24999999999999600 ) ) ;
#1022 = AXIS2_PLACEMENT_3D ( 'NONE', #1021, #946, #945 ) ;
#1023 = CARTESIAN_POINT ( 'NONE',  ( -2.949999999999999300, -1.700000000000000000, 12.29999999999999400 ) ) ;
#1024 = DIRECTION ( 'NONE',  ( 0.0000000000000000000, 0.0000000000000000000, 1.000000000000000000 ) ) ;
#1025 = VECTOR ( 'NONE', #1062, 1000.000000000000000 ) ;
#1026 = CARTESIAN_POINT ( 'NONE',  ( -3.649999999999999500, -1.699999999999998200, 13.59999999999999600 ) ) ;
#1027 = LINE ( 'NONE', #1026, #1025 ) ;
#1028 = DIRECTION ( 'NONE',  ( 1.000000000000000000, 1.110223024625156800E-016, 5.421010862427484000E-017 ) ) ;
#1029 = LINE ( 'NONE', #1054, #1050 ) ;
#1030 = DIRECTION ( 'NONE',  ( -1.000000000000000000, -0.0000000000000000000, 0.0000000000000000000 ) ) ;
#1031 = VECTOR ( 'NONE', #1030, 1000.000000000000000 ) ;
#1032 = CARTESIAN_POINT ( 'NONE',  ( -2.549999999999999400, -1.699999999999999300, 11.49999999999999300 ) ) ;
#1033 = LINE ( 'NONE', #1017, #1012 ) ;
#1034 = DIRECTION ( 'NONE',  ( 1.000000000000000000, 0.0000000000000000000, 4.688441826964341300E-016 ) ) ;
#1035 = DIRECTION ( 'NONE',  ( -2.442490654175344000E-015, -1.000000000000000000, -7.228014483236656100E-016 ) ) ;
#1036 = DIRECTION ( 'NONE',  ( 1.000000000000000000, -2.442490654175343600E-015, -7.228014483236686700E-016 ) ) ;
#1037 = CARTESIAN_POINT ( 'NONE',  ( -3.649999999999987900, 0.4500000000000074500, 0.1499999999999956400 ) ) ;
#1038 = PLANE ( 'NONE',  #1063 ) ;
#1039 = CARTESIAN_POINT ( 'NONE',  ( -3.649999999999999000, -1.699999999999999700, 11.49999999999999300 ) ) ;
#1040 = LINE ( 'NONE', #1032, #1031 ) ;
#1041 = CARTESIAN_POINT ( 'NONE',  ( -2.549999999999999400, -1.699999999999999300, 11.49999999999999300 ) ) ;
#1042 = VECTOR ( 'NONE', #1028, 1000.000000000000000 ) ;
#1043 = CARTESIAN_POINT ( 'NONE',  ( 3.650000000000000800, -1.699999999999999100, 13.59999999999999600 ) ) ;
#1044 = LINE ( 'NONE', #1043, #1042 ) ;
#1045 = CARTESIAN_POINT ( 'NONE',  ( 3.650000000000000800, -1.699999999999999500, 13.60000000000000000 ) ) ;
#1046 = VECTOR ( 'NONE', #1066, 1000.000000000000000 ) ;
#1047 = DIRECTION ( 'NONE',  ( 0.0000000000000000000, -1.355252715606880000E-016, 1.000000000000000000 ) ) ;
#1048 = DIRECTION ( 'NONE',  ( 0.0000000000000000000, 1.000000000000000000, 1.355252715606880000E-016 ) ) ;
#1049 = FACE_OUTER_BOUND ( 'NONE', #6091, .T. ) ;
#1050 = VECTOR ( 'NONE', #1053, 1000.000000000000000 ) ;
#1051 = CARTESIAN_POINT ( 'NONE',  ( -2.949999999999999300, -1.700000000000000000, 12.29999999999999400 ) ) ;
#1052 = LINE ( 'NONE', #1051, #1065 ) ;
#1053 = DIRECTION ( 'NONE',  ( -1.000000000000000000, -0.0000000000000000000, 0.0000000000000000000 ) ) ;
#1054 = CARTESIAN_POINT ( 'NONE',  ( -3.649999999999999000, -1.699999999999999300, 11.49999999999999300 ) ) ;
#1055 = AXIS2_PLACEMENT_3D ( 'NONE', #1037, #1036, #1035 ) ;
#1056 = PLANE ( 'NONE',  #1055 ) ;
#1057 = FACE_OUTER_BOUND ( 'NONE', #6450, .T. ) ;
#1058 = DIRECTION ( 'NONE',  ( 1.000000000000000000, 1.110223024625156800E-016, 5.421010862427484000E-017 ) ) ;
#1059 = VECTOR ( 'NONE', #1058, 1000.000000000000000 ) ;
#1060 = CARTESIAN_POINT ( 'NONE',  ( 3.650000000000000400, -1.700000000000000000, 14.39999999999999500 ) ) ;
#1061 = LINE ( 'NONE', #1060, #1059 ) ;
#1062 = DIRECTION ( 'NONE',  ( -1.000000000000000000, 1.110223024625156800E-016, 5.421010862427484000E-017 ) ) ;
#1063 = AXIS2_PLACEMENT_3D ( 'NONE', #1039, #1048, #1047 ) ;
#1064 = DIRECTION ( 'NONE',  ( -0.0000000000000000000, -1.000000000000000000, 0.0000000000000000000 ) ) ;
#1065 = VECTOR ( 'NONE', #1064, 1000.000000000000000 ) ;
#1066 = DIRECTION ( 'NONE',  ( 0.0000000000000000000, 1.355252715606880000E-016, -1.000000000000000000 ) ) ;
#1067 = CARTESIAN_POINT ( 'NONE',  ( -4.049999999999999800, -1.699999999999999700, 11.49999999999999300 ) ) ;
#1068 = LINE ( 'NONE', #1067, #1046 ) ;
#1069 = DIRECTION ( 'NONE',  ( 0.0000000000000000000, -1.000000000000000000, -9.585933842097446300E-017 ) ) ;
#1070 = VECTOR ( 'NONE', #1069, 1000.000000000000000 ) ;
#1071 = CARTESIAN_POINT ( 'NONE',  ( 5.849999999999999600, 0.1999999999999996500, 10.80000000000000100 ) ) ;
#1072 = DIRECTION ( 'NONE',  ( 0.0000000000000000000, -1.000000000000000000, -9.585933842097446300E-017 ) ) ;
#1073 = VECTOR ( 'NONE', #1072, 1000.000000000000000 ) ;
#1074 = CARTESIAN_POINT ( 'NONE',  ( 5.649999999999999500, 0.1999999999999996500, 10.80000000000000100 ) ) ;
#1075 = LINE ( 'NONE', #1074, #1073 ) ;
#1076 = DIRECTION ( 'NONE',  ( -2.602085213965198300E-016, 3.469446951953660500E-016, 1.000000000000000000 ) ) ;
#1077 = LINE ( 'NONE', #1071, #1070 ) ;
#1078 = DIRECTION ( 'NONE',  ( 0.0000000000000000000, 1.000000000000000000, 0.0000000000000000000 ) ) ;
#1079 = DIRECTION ( 'NONE',  ( 0.0000000000000000000, -5.421010862427554700E-016, -1.000000000000000000 ) ) ;
#1080 = CARTESIAN_POINT ( 'NONE',  ( -3.649999999999999000, -1.299999999999980300, 48.07421525915890500 ) ) ;
#1081 = AXIS2_PLACEMENT_3D ( 'NONE', #1080, #1079, #1078 ) ;
#1082 = CYLINDRICAL_SURFACE ( 'NONE', #1081, 0.3999999999999997400 ) ;
#1083 = FACE_OUTER_BOUND ( 'NONE', #6459, .T. ) ;
#1084 = VECTOR ( 'NONE', #1034, 1000.000000000000000 ) ;
#1085 = CARTESIAN_POINT ( 'NONE',  ( 4.349999999999994300, 0.0000000000000000000, 5.779999999999999400 ) ) ;
#1086 = LINE ( 'NONE', #1085, #1084 ) ;
#1087 = LINE ( 'NONE', #1097, #1138 ) ;
#1088 = VECTOR ( 'NONE', #1091, 1000.000000000000000 ) ;
#1089 = CARTESIAN_POINT ( 'NONE',  ( -2.567244204607601600, -0.8000000000000012700, 10.80000000000000200 ) ) ;
#1090 = FACE_OUTER_BOUND ( 'NONE', #6323, .T. ) ;
#1091 = DIRECTION ( 'NONE',  ( 1.000000000000000000, -1.232595164407830900E-032, -9.585933842097445100E-017 ) ) ;
#1092 = DIRECTION ( 'NONE',  ( 0.0000000000000000000, 5.421010862427554700E-016, 1.000000000000000000 ) ) ;
#1093 = CARTESIAN_POINT ( 'NONE',  ( 3.649999999999999900, -1.300000000000018000, -20.07421525915890800 ) ) ;
#1094 = CARTESIAN_POINT ( 'NONE',  ( -2.567244204607599800, 0.1999999999999996500, 8.900000000000002100 ) ) ;
#1095 = AXIS2_PLACEMENT_3D ( 'NONE', #1094, #1110, #1109 ) ;
#1096 = PLANE ( 'NONE',  #1095 ) ;
#1097 = CARTESIAN_POINT ( 'NONE',  ( -3.649999999999993200, -1.549999999999991600, 0.1499999999999938900 ) ) ;
#1098 = FACE_OUTER_BOUND ( 'NONE', #6347, .T. ) ;
#1099 = CARTESIAN_POINT ( 'NONE',  ( 5.800000000000000700, 0.2000000000000011800, 15.59999999999999600 ) ) ;
#1100 = DIRECTION ( 'NONE',  ( -2.442490654175344000E-015, -1.000000000000000000, -7.228014483236656100E-016 ) ) ;
#1101 = VECTOR ( 'NONE', #1100, 1000.000000000000000 ) ;
#1102 = CARTESIAN_POINT ( 'NONE',  ( -3.649999999999987500, 0.4500000000000070600, 0.7499999999999954500 ) ) ;
#1103 = LINE ( 'NONE', #1102, #1101 ) ;
#1104 = CARTESIAN_POINT ( 'NONE',  ( -3.649999999999993200, -1.549999999999991600, 0.1499999999999938900 ) ) ;
#1105 = CARTESIAN_POINT ( 'NONE',  ( -3.649999999999992800, -1.549999999999992100, 0.7499999999999937800 ) ) ;
#1106 = DIRECTION ( 'NONE',  ( 0.0000000000000000000, -1.000000000000000000, 0.0000000000000000000 ) ) ;
#1107 = AXIS2_PLACEMENT_3D ( 'NONE', #1093, #1092, #1106 ) ;
#1108 = FACE_OUTER_BOUND ( 'NONE', #6416, .T. ) ;
#1109 = DIRECTION ( 'NONE',  ( 6.123031769111885100E-017, -1.000000000000000000, -9.585933842097446300E-017 ) ) ;
#1110 = DIRECTION ( 'NONE',  ( 9.585933842097442600E-017, -9.585933842097446300E-017, 1.000000000000000000 ) ) ;
#1111 = AXIS2_PLACEMENT_3D ( 'NONE', #1118, #1117, #1116 ) ;
#1112 = CYLINDRICAL_SURFACE ( 'NONE', #1107, 0.3999999999999997400 ) ;
#1113 = FACE_OUTER_BOUND ( 'NONE', #6452, .T. ) ;
#1114 = LINE ( 'NONE', #1089, #1088 ) ;
#1115 = CARTESIAN_POINT ( 'NONE',  ( 5.850000000000003200, -0.7999999999999990500, 8.899999999999986100 ) ) ;
#1116 = DIRECTION ( 'NONE',  ( 6.123031769111885100E-017, -1.000000000000000000, -9.585933842097446300E-017 ) ) ;
#1117 = DIRECTION ( 'NONE',  ( 9.585933842097442600E-017, -9.585933842097446300E-017, 1.000000000000000000 ) ) ;
#1118 = CARTESIAN_POINT ( 'NONE',  ( -2.567244204607601600, 0.1999999999999987900, 10.80000000000000200 ) ) ;
#1119 = PLANE ( 'NONE',  #1111 ) ;
#1120 = CARTESIAN_POINT ( 'NONE',  ( -6.949999999999997500, 0.0000000000000000000, 8.500000000000003600 ) ) ;
#1121 = LINE ( 'NONE', #1120, #1126 ) ;
#1122 = FACE_OUTER_BOUND ( 'NONE', #6356, .T. ) ;
#1123 = CARTESIAN_POINT ( 'NONE',  ( 3.649999999999999900, -1.299999999999999400, 14.39999999999999500 ) ) ;
#1124 = PLANE ( 'NONE',  #1137 ) ;
#1125 = DIRECTION ( 'NONE',  ( -1.000000000000000000, -0.0000000000000000000, -0.0000000000000000000 ) ) ;
#1126 = VECTOR ( 'NONE', #1125, 1000.000000000000000 ) ;
#1127 = DIRECTION ( 'NONE',  ( 0.0000000000000000000, -0.0000000000000000000, 1.000000000000000000 ) ) ;
#1128 = CARTESIAN_POINT ( 'NONE',  ( -6.650000000000000400, 0.0000000000000000000, 13.00000000000000000 ) ) ;
#1129 = LINE ( 'NONE', #1128, #1148 ) ;
#1130 = DIRECTION ( 'NONE',  ( 2.602085213965220000E-016, -3.469446951953645300E-016, -1.000000000000000000 ) ) ;
#1131 = DIRECTION ( 'NONE',  ( 0.0000000000000000000, 1.000000000000000000, -3.469446951953645300E-016 ) ) ;
#1132 = DIRECTION ( 'NONE',  ( 0.0000000000000000000, -0.0000000000000000000, 1.000000000000000000 ) ) ;
#1133 = DIRECTION ( 'NONE',  ( 0.0000000000000000000, 1.000000000000000000, 0.0000000000000000000 ) ) ;
#1134 = CARTESIAN_POINT ( 'NONE',  ( -5.649999999999997700, 0.0000000000000000000, 13.00000000000000000 ) ) ;
#1135 = AXIS2_PLACEMENT_3D ( 'NONE', #1134, #1133, #1132 ) ;
#1136 = PLANE ( 'NONE',  #1135 ) ;
#1137 = AXIS2_PLACEMENT_3D ( 'NONE', #1123, #1130, #1131 ) ;
#1138 = VECTOR ( 'NONE', #1140, 1000.000000000000000 ) ;
#1139 = DIRECTION ( 'NONE',  ( 0.0000000000000000000, -1.000000000000000000, 3.469446951953660500E-016 ) ) ;
#1140 = DIRECTION ( 'NONE',  ( 7.228014483236669900E-016, -7.228014483236675800E-016, 1.000000000000000000 ) ) ;
#1141 = DIRECTION ( 'NONE',  ( -1.000000000000000000, -1.665334536937734800E-016, -5.421010862427483300E-017 ) ) ;
#1142 = DIRECTION ( 'NONE',  ( 1.665334536937735300E-016, -1.000000000000000000, -7.047314121155807400E-016 ) ) ;
#1143 = AXIS2_PLACEMENT_3D ( 'NONE', #1145, #1142, #1141 ) ;
#1144 = FACE_OUTER_BOUND ( 'NONE', #6341, .T. ) ;
#1145 = CARTESIAN_POINT ( 'NONE',  ( 3.650000000000000800, -1.699999999999999100, 13.59999999999999600 ) ) ;
#1146 = PLANE ( 'NONE',  #1143 ) ;
#1147 = FACE_OUTER_BOUND ( 'NONE', #6320, .T. ) ;
#1148 = VECTOR ( 'NONE', #1127, 1000.000000000000000 ) ;
#1149 = CARTESIAN_POINT ( 'NONE',  ( 2.850000000000001000, -1.699999999999999100, 13.59999999999999600 ) ) ;
#1150 = VECTOR ( 'NONE', #1151, 1000.000000000000000 ) ;
#1151 = DIRECTION ( 'NONE',  ( 2.775557561562891800E-016, -1.000000000000000000, -7.047314121155806400E-016 ) ) ;
#1152 = CARTESIAN_POINT ( 'NONE',  ( 2.850000000000000500, 0.7127416997969504600, 13.60000000000000000 ) ) ;
#1153 = LINE ( 'NONE', #1152, #1150 ) ;
#1154 = VECTOR ( 'NONE', #1157, 1000.000000000000000 ) ;
#1155 = CARTESIAN_POINT ( 'NONE',  ( -4.449999999999992200, -1.549999999999989600, 0.7499999999999945600 ) ) ;
#1156 = PLANE ( 'NONE',  #1163 ) ;
#1157 = DIRECTION ( 'NONE',  ( 1.000000000000000000, -2.498001805406602200E-015, -7.228014483236688700E-016 ) ) ;
#1158 = CARTESIAN_POINT ( 'NONE',  ( -4.449999999999992200, -1.549999999999989200, 0.1499999999999947500 ) ) ;
#1159 = DIRECTION ( 'NONE',  ( -1.000000000000000000, 2.442490654175344000E-015, 7.228014483236685700E-016 ) ) ;
#1160 = DIRECTION ( 'NONE',  ( -2.442490654175344400E-015, -1.000000000000000000, -7.228014483236656100E-016 ) ) ;
#1161 = LINE ( 'NONE', #1155, #1154 ) ;
#1162 = CARTESIAN_POINT ( 'NONE',  ( -4.449999999999992200, -1.549999999999989600, 0.7499999999999945600 ) ) ;
#1163 = AXIS2_PLACEMENT_3D ( 'NONE', #1158, #1160, #1159 ) ;
#1164 = DIRECTION ( 'NONE',  ( -2.442490654175344000E-015, -1.000000000000000000, -7.228014483236656100E-016 ) ) ;
#1165 = VECTOR ( 'NONE', #1164, 1000.000000000000000 ) ;
#1166 = CARTESIAN_POINT ( 'NONE',  ( -3.649999999999993200, -1.699999999999992600, 0.7499999999999937800 ) ) ;
#1167 = DIRECTION ( 'NONE',  ( 0.0000000000000000000, -1.000000000000000000, 3.469446951953636900E-016 ) ) ;
#1168 = AXIS2_PLACEMENT_3D ( 'NONE', #1173, #1172, #1167 ) ;
#1169 = FACE_OUTER_BOUND ( 'NONE', #6317, .T. ) ;
#1170 = CARTESIAN_POINT ( 'NONE',  ( 3.650000000000001200, -1.699999999999998600, 14.39999999999999500 ) ) ;
#1171 = PLANE ( 'NONE',  #1168 ) ;
#1172 = DIRECTION ( 'NONE',  ( 2.602085213965230400E-016, 3.469446951953636900E-016, 1.000000000000000000 ) ) ;
#1173 = CARTESIAN_POINT ( 'NONE',  ( -3.649999999999999000, -1.299999999999998900, 13.60000000000000000 ) ) ;
#1174 = CARTESIAN_POINT ( 'NONE',  ( -3.649999999999987900, 0.4500000000000074500, 0.1499999999999956400 ) ) ;
#1175 = LINE ( 'NONE', #1174, #1165 ) ;
#1176 = CARTESIAN_POINT ( 'NONE',  ( -3.649999999999993700, -1.699999999999992200, 0.1499999999999938900 ) ) ;
#1177 = AXIS2_PLACEMENT_3D ( 'NONE', #1179, #1178, #1181 ) ;
#1178 = DIRECTION ( 'NONE',  ( 1.000000000000000000, 3.330669073875469100E-016, 5.421010862427492600E-017 ) ) ;
#1179 = CARTESIAN_POINT ( 'NONE',  ( 2.850000000000000500, 0.7127416997969504600, 13.60000000000000000 ) ) ;
#1180 = PLANE ( 'NONE',  #1177 ) ;
#1181 = DIRECTION ( 'NONE',  ( 3.330669073875469600E-016, -1.000000000000000000, -7.047314121155806400E-016 ) ) ;
#1182 = PLANE ( 'NONE',  #1189 ) ;
#1183 = FACE_OUTER_BOUND ( 'NONE', #6422, .T. ) ;
#1184 = VECTOR ( 'NONE', #1195, 1000.000000000000000 ) ;
#1185 = CARTESIAN_POINT ( 'NONE',  ( 5.849999999999999600, -0.09999999999999996400, 8.900000000000000400 ) ) ;
#1186 = DIRECTION ( 'NONE',  ( 0.0000000000000000000, -1.000000000000000000, -4.969616689786707600E-014 ) ) ;
#1187 = DIRECTION ( 'NONE',  ( -4.818676322157807800E-015, -4.969616689786707600E-014, 1.000000000000000000 ) ) ;
#1188 = CARTESIAN_POINT ( 'NONE',  ( 5.949999999999828800, -1.049999999999984100, 11.19999999999998900 ) ) ;
#1189 = AXIS2_PLACEMENT_3D ( 'NONE', #1188, #1187, #1186 ) ;
#1190 = DIRECTION ( 'NONE',  ( 9.585933842097445100E-017, -9.585933842097446300E-017, 1.000000000000000000 ) ) ;
#1191 = CARTESIAN_POINT ( 'NONE',  ( 5.850000000000001400, -0.09999999999999939500, 13.00000000000000000 ) ) ;
#1192 = LINE ( 'NONE', #1191, #1194 ) ;
#1193 = LINE ( 'NONE', #1196, #1184 ) ;
#1194 = VECTOR ( 'NONE', #1190, 1000.000000000000000 ) ;
#1195 = DIRECTION ( 'NONE',  ( -1.000000000000000000, 0.0000000000000000000, 0.0000000000000000000 ) ) ;
#1196 = CARTESIAN_POINT ( 'NONE',  ( 6.199999999999995700, 0.0000000000000000000, 8.500000000000000000 ) ) ;
#1197 = CARTESIAN_POINT ( 'NONE',  ( 5.850000000000001400, -0.09999999999998984700, 12.94999999999998700 ) ) ;
#1198 = DIRECTION ( 'NONE',  ( -9.585933842097445100E-017, 9.585933842097446300E-017, -1.000000000000000000 ) ) ;
#1199 = VECTOR ( 'NONE', #1198, 1000.000000000000000 ) ;
#1200 = CARTESIAN_POINT ( 'NONE',  ( 5.850000000000000500, -1.050000000000000500, 11.19999999999999900 ) ) ;
#1201 = LINE ( 'NONE', #1200, #1199 ) ;
#1202 = DIRECTION ( 'NONE',  ( -0.0000000000000000000, -1.000000000000000000, -9.585933842097446300E-017 ) ) ;
#1203 = VECTOR ( 'NONE', #1202, 1000.000000000000000 ) ;
#1204 = CARTESIAN_POINT ( 'NONE',  ( 5.850000000000001400, 0.2000000000000005100, 8.900000000000000400 ) ) ;
#1205 = LINE ( 'NONE', #1204, #1203 ) ;
#1206 = CARTESIAN_POINT ( 'NONE',  ( 5.650000000000002100, -0.7999999999999999300, 8.899999999999986100 ) ) ;
#1207 = DIRECTION ( 'NONE',  ( 1.000000000000000000, -1.232595164407830900E-032, -9.585933842097445100E-017 ) ) ;
#1208 = VECTOR ( 'NONE', #1207, 1000.000000000000000 ) ;
#1209 = CARTESIAN_POINT ( 'NONE',  ( -2.567244204607599800, -0.8000000000000003800, 8.899999999999995000 ) ) ;
#1210 = LINE ( 'NONE', #1209, #1208 ) ;
#1211 = DIRECTION ( 'NONE',  ( 1.000000000000000000, -1.232595164407830900E-032, -9.585933842097445100E-017 ) ) ;
#1212 = VECTOR ( 'NONE', #1211, 1000.000000000000000 ) ;
#1213 = CARTESIAN_POINT ( 'NONE',  ( -2.567244204607601600, -0.1000000000000011300, 8.900000000000002100 ) ) ;
#1214 = LINE ( 'NONE', #1213, #1212 ) ;
#1215 = DIRECTION ( 'NONE',  ( 9.585933842097445100E-017, -9.585933842097446300E-017, 1.000000000000000000 ) ) ;
#1216 = DIRECTION ( 'NONE',  ( -1.000000000000000000, 1.232595164407830900E-032, 9.585933842097445100E-017 ) ) ;
#1217 = AXIS2_PLACEMENT_3D ( 'NONE', #1221, #1216, #1215 ) ;
#1218 = AXIS2_PLACEMENT_3D ( 'NONE', #1247, #1246, #1245 ) ;
#1219 = CIRCLE ( 'NONE', #1218, 0.09999999999999939500 ) ;
#1220 = CARTESIAN_POINT ( 'NONE',  ( 5.649999999999999500, -0.8000000000000012700, 10.80000000000000200 ) ) ;
#1221 = CARTESIAN_POINT ( 'NONE',  ( 5.849999999999999600, 0.1999999999999996500, 11.19999999999999900 ) ) ;
#1222 = PLANE ( 'NONE',  #1217 ) ;
#1223 = FACE_OUTER_BOUND ( 'NONE', #6321, .T. ) ;
#1224 = CARTESIAN_POINT ( 'NONE',  ( 6.399999999999993200, 0.2000000000000000100, 5.779999999999999400 ) ) ;
#1225 = CARTESIAN_POINT ( 'NONE',  ( 5.850000000000000500, -0.8000000000000018200, 10.79999999999999500 ) ) ;
#1226 = DIRECTION ( 'NONE',  ( 0.0000000000000000000, 1.000000000000000000, 0.0000000000000000000 ) ) ;
#1227 = VECTOR ( 'NONE', #1226, 1000.000000000000000 ) ;
#1228 = LINE ( 'NONE', #1224, #1240 ) ;
#1229 = CARTESIAN_POINT ( 'NONE',  ( 5.949999999999994800, -31.82741950266988700, 5.780000000000000200 ) ) ;
#1230 = LINE ( 'NONE', #1229, #1227 ) ;
#1231 = CARTESIAN_POINT ( 'NONE',  ( 5.949999999999994800, 0.0000000000000000000, 5.780000000000000200 ) ) ;
#1232 = DIRECTION ( 'NONE',  ( 1.899065700016707600E-013, 1.000000000000000000, 1.826024711554526500E-015 ) ) ;
#1233 = VECTOR ( 'NONE', #1232, 1000.000000000000000 ) ;
#1234 = CARTESIAN_POINT ( 'NONE',  ( 5.849999999999820200, -1.049999999999993600, 12.94999999999998500 ) ) ;
#1235 = LINE ( 'NONE', #1234, #1233 ) ;
#1236 = CARTESIAN_POINT ( 'NONE',  ( 5.849999999999820200, -1.049999999999993600, 12.94999999999998500 ) ) ;
#1237 = CARTESIAN_POINT ( 'NONE',  ( 5.949999999999994800, 0.1999999999999987900, 5.780000000000000200 ) ) ;
#1238 = CARTESIAN_POINT ( 'NONE',  ( 5.649999999999998600, -0.09999999999999996400, 8.900000000000000400 ) ) ;
#1239 = DIRECTION ( 'NONE',  ( -1.000000000000000000, -0.0000000000000000000, -0.0000000000000000000 ) ) ;
#1240 = VECTOR ( 'NONE', #1239, 1000.000000000000000 ) ;
#1241 = DIRECTION ( 'NONE',  ( 0.0000000000000000000, -1.000000000000000000, -9.585933842097446300E-017 ) ) ;
#1242 = VECTOR ( 'NONE', #1241, 1000.000000000000000 ) ;
#1243 = CARTESIAN_POINT ( 'NONE',  ( 5.650000000000001200, 0.2000000000000005100, 8.900000000000000400 ) ) ;
#1244 = LINE ( 'NONE', #1243, #1242 ) ;
#1245 = DIRECTION ( 'NONE',  ( -1.000000000000000000, 0.0000000000000000000, 0.0000000000000000000 ) ) ;
#1246 = DIRECTION ( 'NONE',  ( 4.818676322157807800E-015, 3.373073425510465600E-015, -1.000000000000000000 ) ) ;
#1247 = CARTESIAN_POINT ( 'NONE',  ( 5.949999999999828800, -1.049999999999984100, 11.19999999999997800 ) ) ;
#1248 = CARTESIAN_POINT ( 'NONE',  ( 3.649999999999999900, -1.299999999999999800, 13.60000000000000000 ) ) ;
#1249 = PLANE ( 'NONE',  #1254 ) ;
#1250 = VECTOR ( 'NONE', #1256, 1000.000000000000000 ) ;
#1251 = CARTESIAN_POINT ( 'NONE',  ( 2.850000000000001000, -1.699999999999999100, 13.59999999999999600 ) ) ;
#1252 = LINE ( 'NONE', #1251, #1250 ) ;
#1253 = CARTESIAN_POINT ( 'NONE',  ( 4.200000000000000200, -1.649999999999999700, 15.59999999999999600 ) ) ;
#1254 = AXIS2_PLACEMENT_3D ( 'NONE', #1248, #1076, #1139 ) ;
#1255 = FACE_OUTER_BOUND ( 'NONE', #6380, .T. ) ;
#1256 = DIRECTION ( 'NONE',  ( -5.421010862427463000E-017, -7.047314121155806400E-016, 1.000000000000000000 ) ) ;
#1257 = DIRECTION ( 'NONE',  ( 0.0000000000000000000, 1.000000000000000000, 0.0000000000000000000 ) ) ;
#1258 = DIRECTION ( 'NONE',  ( 0.0000000000000000000, -5.421010862427554700E-016, -1.000000000000000000 ) ) ;
#1259 = CARTESIAN_POINT ( 'NONE',  ( -3.649999999999999000, -1.299999999999998900, 13.60000000000000000 ) ) ;
#1260 = AXIS2_PLACEMENT_3D ( 'NONE', #1259, #1258, #1257 ) ;
#1261 = FACE_OUTER_BOUND ( 'NONE', #6456, .T. ) ;
#1262 = CARTESIAN_POINT ( 'NONE',  ( 5.800000000000000700, 0.2000000000000011800, 15.59999999999999600 ) ) ;
#1263 = LINE ( 'NONE', #1262, #1281 ) ;
#1264 = DIRECTION ( 'NONE',  ( 2.775557561562891800E-016, -1.000000000000000000, -7.047314121155806400E-016 ) ) ;
#1265 = AXIS2_PLACEMENT_3D ( 'NONE', #1285, #1284, #1283 ) ;
#1266 = CARTESIAN_POINT ( 'NONE',  ( -3.649999999999999000, -1.299999999999998500, 14.39999999999999500 ) ) ;
#1267 = DIRECTION ( 'NONE',  ( -0.0000000000000000000, 5.421010862427554700E-016, 1.000000000000000000 ) ) ;
#1268 = AXIS2_PLACEMENT_3D ( 'NONE', #1266, #1267, #1274 ) ;
#1269 = CIRCLE ( 'NONE', #1268, 0.3999999999999997400 ) ;
#1270 = LINE ( 'NONE', #1272, #1271 ) ;
#1271 = VECTOR ( 'NONE', #1264, 1000.000000000000000 ) ;
#1272 = CARTESIAN_POINT ( 'NONE',  ( 2.850000000000000500, 0.7127416997969500100, 14.39999999999999900 ) ) ;
#1273 = CARTESIAN_POINT ( 'NONE',  ( 2.850000000000001000, -1.699999999999998600, 14.39999999999999500 ) ) ;
#1274 = DIRECTION ( 'NONE',  ( 0.0000000000000000000, 1.000000000000000000, 0.0000000000000000000 ) ) ;
#1275 = DIRECTION ( 'NONE',  ( -5.421010862427463000E-017, -7.047314121155806400E-016, 1.000000000000000000 ) ) ;
#1276 = VECTOR ( 'NONE', #1275, 1000.000000000000000 ) ;
#1277 = CARTESIAN_POINT ( 'NONE',  ( 3.650000000000000400, -1.699999999999998200, 13.59999999999999600 ) ) ;
#1278 = LINE ( 'NONE', #1277, #1276 ) ;
#1279 = CIRCLE ( 'NONE', #1260, 0.3999999999999997400 ) ;
#1280 = DIRECTION ( 'NONE',  ( 0.0000000000000000000, -1.000000000000000000, 0.0000000000000000000 ) ) ;
#1281 = VECTOR ( 'NONE', #1280, 1000.000000000000000 ) ;
#1282 = CIRCLE ( 'NONE', #1265, 0.3999999999999997400 ) ;
#1283 = DIRECTION ( 'NONE',  ( -6.505213034913030500E-015, -1.000000000000000000, 0.0000000000000000000 ) ) ;
#1284 = DIRECTION ( 'NONE',  ( -0.0000000000000000000, -5.421010862427554700E-016, -1.000000000000000000 ) ) ;
#1285 = CARTESIAN_POINT ( 'NONE',  ( 3.649999999999999900, -1.299999999999999800, 13.60000000000000000 ) ) ;
#1286 = LINE ( 'NONE', #1394, #1393 ) ;
#1287 = CARTESIAN_POINT ( 'NONE',  ( -3.649999999999999000, -1.299999999999998500, 14.39999999999999500 ) ) ;
#1288 = PLANE ( 'NONE',  #1397 ) ;
#1289 = FACE_OUTER_BOUND ( 'NONE', #6463, .T. ) ;
#1290 = VECTOR ( 'NONE', #1386, 1000.000000000000000 ) ;
#1291 = DIRECTION ( 'NONE',  ( -1.000000000000000000, 0.0000000000000000000, -0.0000000000000000000 ) ) ;
#1292 = DIRECTION ( 'NONE',  ( 0.0000000000000000000, 0.0000000000000000000, -1.000000000000000000 ) ) ;
#1293 = CARTESIAN_POINT ( 'NONE',  ( 6.199999999999995700, -31.82741950266988700, 8.500000000000000000 ) ) ;
#1294 = AXIS2_PLACEMENT_3D ( 'NONE', #1293, #1292, #1291 ) ;
#1295 = CARTESIAN_POINT ( 'NONE',  ( 5.949999999999994800, 0.0000000000000000000, 5.629999999999999900 ) ) ;
#1296 = AXIS2_PLACEMENT_3D ( 'NONE', #1295, #1341, #1340 ) ;
#1297 = CIRCLE ( 'NONE', #1296, 0.1499999999999999700 ) ;
#1298 = CARTESIAN_POINT ( 'NONE',  ( 5.850000000000001400, -0.7999999999999994900, 8.900000000000000400 ) ) ;
#1299 = DIRECTION ( 'NONE',  ( -1.770125995894693100E-015, 0.0000000000000000000, 1.000000000000000000 ) ) ;
#1300 = DIRECTION ( 'NONE',  ( -1.000000000000000000, 0.0000000000000000000, -1.770125995894693100E-015 ) ) ;
#1301 = CARTESIAN_POINT ( 'NONE',  ( -6.649999999999997700, -31.82741950266988700, 5.780000000000003800 ) ) ;
#1302 = AXIS2_PLACEMENT_3D ( 'NONE', #1301, #1300, #1299 ) ;
#1303 = PLANE ( 'NONE',  #1302 ) ;
#1304 = PLANE ( 'NONE',  #1337 ) ;
#1305 = FACE_OUTER_BOUND ( 'NONE', #6501, .T. ) ;
#1306 = DIRECTION ( 'NONE',  ( -1.000000000000000000, 0.0000000000000000000, -0.0000000000000000000 ) ) ;
#1307 = DIRECTION ( 'NONE',  ( 0.0000000000000000000, 0.0000000000000000000, -1.000000000000000000 ) ) ;
#1308 = AXIS2_PLACEMENT_3D ( 'NONE', #1310, #1307, #1306 ) ;
#1309 = LINE ( 'NONE', #1376, #1375 ) ;
#1310 = CARTESIAN_POINT ( 'NONE',  ( 6.849999999999822900, -1.149999999999989500, 12.50000000000000000 ) ) ;
#1311 = PLANE ( 'NONE',  #1308 ) ;
#1312 = DIRECTION ( 'NONE',  ( 0.0000000000000000000, -1.000000000000000000, -9.916483284928394700E-018 ) ) ;
#1313 = DIRECTION ( 'NONE',  ( 0.0000000000000000000, -9.916483284928394700E-018, 1.000000000000000000 ) ) ;
#1314 = AXIS2_PLACEMENT_3D ( 'NONE', #1316, #1313, #1312 ) ;
#1315 = FACE_OUTER_BOUND ( 'NONE', #6538, .T. ) ;
#1316 = CARTESIAN_POINT ( 'NONE',  ( 5.549999999999999800, -0.1000000000000000100, 13.00000000000000000 ) ) ;
#1317 = PLANE ( 'NONE',  #1314 ) ;
#1318 = CARTESIAN_POINT ( 'NONE',  ( -5.649999999999997700, 0.0000000000000000000, 13.00000000000000000 ) ) ;
#1319 = AXIS2_PLACEMENT_3D ( 'NONE', #1318, #1400, #1399 ) ;
#1320 = DIRECTION ( 'NONE',  ( 0.0000000000000000000, 0.0000000000000000000, 1.000000000000000000 ) ) ;
#1321 = DIRECTION ( 'NONE',  ( -0.0000000000000000000, -1.000000000000000000, -0.0000000000000000000 ) ) ;
#1322 = AXIS2_PLACEMENT_3D ( 'NONE', #1404, #1331, #1405 ) ;
#1323 = CARTESIAN_POINT ( 'NONE',  ( 5.949999999999994800, 0.2000000000000000100, 5.629999999999999900 ) ) ;
#1324 = AXIS2_PLACEMENT_3D ( 'NONE', #1323, #1321, #1320 ) ;
#1325 = FACE_OUTER_BOUND ( 'NONE', #6484, .T. ) ;
#1326 = CARTESIAN_POINT ( 'NONE',  ( 5.949999999999994800, -31.82741950266988700, 5.629999999999999900 ) ) ;
#1327 = CYLINDRICAL_SURFACE ( 'NONE', #1391, 0.1499999999999999700 ) ;
#1328 = FACE_OUTER_BOUND ( 'NONE', #6494, .T. ) ;
#1329 = DIRECTION ( 'NONE',  ( -9.585933842097445100E-017, 9.585933842097446300E-017, -1.000000000000000000 ) ) ;
#1330 = VECTOR ( 'NONE', #1329, 1000.000000000000000 ) ;
#1331 = DIRECTION ( 'NONE',  ( 0.0000000000000000000, 5.421010862427554700E-016, 1.000000000000000000 ) ) ;
#1332 = CYLINDRICAL_SURFACE ( 'NONE', #1383, 0.2999999999999999300 ) ;
#1333 = DIRECTION ( 'NONE',  ( -1.000000000000000000, 0.0000000000000000000, -0.0000000000000000000 ) ) ;
#1334 = DIRECTION ( 'NONE',  ( 0.0000000000000000000, 0.0000000000000000000, -1.000000000000000000 ) ) ;
#1335 = CARTESIAN_POINT ( 'NONE',  ( -6.949999999999997500, -31.82741950266988700, 8.500000000000003600 ) ) ;
#1336 = FACE_OUTER_BOUND ( 'NONE', #6521, .T. ) ;
#1337 = AXIS2_PLACEMENT_3D ( 'NONE', #1335, #1334, #1333 ) ;
#1338 = FACE_OUTER_BOUND ( 'NONE', #6504, .T. ) ;
#1339 = LINE ( 'NONE', #1298, #1330 ) ;
#1340 = DIRECTION ( 'NONE',  ( 0.0000000000000000000, 0.0000000000000000000, 1.000000000000000000 ) ) ;
#1341 = DIRECTION ( 'NONE',  ( 0.0000000000000000000, 1.000000000000000000, 0.0000000000000000000 ) ) ;
#1342 = FACE_OUTER_BOUND ( 'NONE', #6597, .T. ) ;
#1343 = DIRECTION ( 'NONE',  ( 1.000000000000000000, 0.0000000000000000000, 0.0000000000000000000 ) ) ;
#1344 = DIRECTION ( 'NONE',  ( -1.369518533665897600E-015, 0.0000000000000000000, 1.000000000000000000 ) ) ;
#1345 = AXIS2_PLACEMENT_3D ( 'NONE', #1350, #1344, #1343 ) ;
#1346 = CIRCLE ( 'NONE', #1345, 0.09999999999999939500 ) ;
#1347 = DIRECTION ( 'NONE',  ( 8.017293097285274000E-015, -2.466266120677564900E-015, -1.000000000000000000 ) ) ;
#1348 = DIRECTION ( 'NONE',  ( -3.157908811212862900E-029, -1.000000000000000000, 2.466266120677564900E-015 ) ) ;
#1349 = AXIS2_PLACEMENT_3D ( 'NONE', #1351, #1348, #1347 ) ;
#1350 = CARTESIAN_POINT ( 'NONE',  ( 5.550000000000002500, -0.8000000000000003800, 8.899999999999986100 ) ) ;
#1351 = CARTESIAN_POINT ( 'NONE',  ( 5.649999999999833400, -1.149999999999993000, 11.19999999999998500 ) ) ;
#1352 = PLANE ( 'NONE',  #1349 ) ;
#1353 = FACE_OUTER_BOUND ( 'NONE', #6558, .T. ) ;
#1354 = DIRECTION ( 'NONE',  ( 1.000000000000000000, 0.0000000000000000000, 0.0000000000000000000 ) ) ;
#1355 = DIRECTION ( 'NONE',  ( 2.115516434118057700E-016, -9.916483284928394700E-018, 1.000000000000000000 ) ) ;
#1356 = CARTESIAN_POINT ( 'NONE',  ( 5.549999999999999800, -0.1000000000000000100, 12.99999999999998800 ) ) ;
#1357 = AXIS2_PLACEMENT_3D ( 'NONE', #1356, #1355, #1354 ) ;
#1358 = CIRCLE ( 'NONE', #1357, 0.2500000000000011100 ) ;
#1359 = DIRECTION ( 'NONE',  ( 1.000000000000000000, 0.0000000000000000000, 0.0000000000000000000 ) ) ;
#1360 = DIRECTION ( 'NONE',  ( 2.115516434118057700E-016, -9.916483284928394700E-018, 1.000000000000000000 ) ) ;
#1361 = CARTESIAN_POINT ( 'NONE',  ( 5.549999999999998900, -0.09999999999999996400, 8.900000000000000400 ) ) ;
#1362 = AXIS2_PLACEMENT_3D ( 'NONE', #1361, #1360, #1359 ) ;
#1363 = DIRECTION ( 'NONE',  ( -0.7071067811865544600, 0.0000000000000000000, 0.7071067811865406900 ) ) ;
#1364 = DIRECTION ( 'NONE',  ( -0.7071067811865406900, 1.355754178962123300E-013, -0.7071067811865544600 ) ) ;
#1365 = AXIS2_PLACEMENT_3D ( 'NONE', #1368, #1364, #1363 ) ;
#1366 = CIRCLE ( 'NONE', #1362, 0.09999999999999939500 ) ;
#1367 = FACE_OUTER_BOUND ( 'NONE', #6510, .T. ) ;
#1368 = CARTESIAN_POINT ( 'NONE',  ( 5.849999999999820200, -1.049999999999993600, 12.94999999999998500 ) ) ;
#1369 = PLANE ( 'NONE',  #1365 ) ;
#1370 = DIRECTION ( 'NONE',  ( -9.585933842097445100E-017, 9.585933842097446300E-017, -1.000000000000000000 ) ) ;
#1371 = VECTOR ( 'NONE', #1370, 1000.000000000000000 ) ;
#1372 = CARTESIAN_POINT ( 'NONE',  ( 5.650000000000000400, -0.1000000000000002600, 11.19999999999999900 ) ) ;
#1373 = LINE ( 'NONE', #1372, #1371 ) ;
#1374 = DIRECTION ( 'NONE',  ( -0.7071067811865544600, -1.192565247125416400E-013, 0.7071067811865406900 ) ) ;
#1375 = VECTOR ( 'NONE', #1374, 1000.000000000000100 ) ;
#1376 = CARTESIAN_POINT ( 'NONE',  ( 5.849999999999820200, -1.049999999999993600, 12.94999999999998500 ) ) ;
#1377 = DIRECTION ( 'NONE',  ( 2.115516434118057700E-016, -9.916483284928394700E-018, 1.000000000000000000 ) ) ;
#1378 = CARTESIAN_POINT ( 'NONE',  ( 5.549999999999998900, -0.09999999999999996400, 8.900000000000000400 ) ) ;
#1379 = AXIS2_PLACEMENT_3D ( 'NONE', #1378, #1377, #1415 ) ;
#1380 = DIRECTION ( 'NONE',  ( 1.000000000000000000, 0.0000000000000000000, 0.0000000000000000000 ) ) ;
#1381 = DIRECTION ( 'NONE',  ( 2.115516434118057700E-016, -9.916483284928394700E-018, 1.000000000000000000 ) ) ;
#1382 = CARTESIAN_POINT ( 'NONE',  ( 5.549999999999995400, -0.09999999999999977000, -10.20826560412495000 ) ) ;
#1383 = AXIS2_PLACEMENT_3D ( 'NONE', #1382, #1381, #1380 ) ;
#1384 = CIRCLE ( 'NONE', #1379, 0.2999999999999999300 ) ;
#1385 = CIRCLE ( 'NONE', #1324, 0.1499999999999999700 ) ;
#1386 = DIRECTION ( 'NONE',  ( -1.000000000000000000, -0.0000000000000000000, -0.0000000000000000000 ) ) ;
#1387 = CARTESIAN_POINT ( 'NONE',  ( 6.399999999999993200, 0.2000000000000000100, 8.499999999999998200 ) ) ;
#1388 = LINE ( 'NONE', #1387, #1290 ) ;
#1389 = DIRECTION ( 'NONE',  ( 0.0000000000000000000, 0.0000000000000000000, 1.000000000000000000 ) ) ;
#1390 = DIRECTION ( 'NONE',  ( 0.0000000000000000000, 1.000000000000000000, 0.0000000000000000000 ) ) ;
#1391 = AXIS2_PLACEMENT_3D ( 'NONE', #1326, #1390, #1389 ) ;
#1392 = DIRECTION ( 'NONE',  ( -1.770125995894693300E-015, -0.0000000000000000000, 1.000000000000000000 ) ) ;
#1393 = VECTOR ( 'NONE', #1392, 1000.000000000000000 ) ;
#1394 = CARTESIAN_POINT ( 'NONE',  ( -6.649999999999997700, 0.2000000000000000100, 5.780000000000003800 ) ) ;
#1395 = DIRECTION ( 'NONE',  ( 0.0000000000000000000, 1.000000000000000000, -3.469446951953636900E-016 ) ) ;
#1396 = DIRECTION ( 'NONE',  ( -2.602085213965230400E-016, -3.469446951953636900E-016, -1.000000000000000000 ) ) ;
#1397 = AXIS2_PLACEMENT_3D ( 'NONE', #1287, #1396, #1395 ) ;
#1398 = FACE_OUTER_BOUND ( 'NONE', #6485, .T. ) ;
#1399 = DIRECTION ( 'NONE',  ( 0.0000000000000000000, -0.0000000000000000000, 1.000000000000000000 ) ) ;
#1400 = DIRECTION ( 'NONE',  ( 0.0000000000000000000, 1.000000000000000000, 0.0000000000000000000 ) ) ;
#1401 = PLANE ( 'NONE',  #1294 ) ;
#1402 = PLANE ( 'NONE',  #1319 ) ;
#1403 = CIRCLE ( 'NONE', #1322, 0.3999999999999997400 ) ;
#1404 = CARTESIAN_POINT ( 'NONE',  ( 3.649999999999999900, -1.299999999999999400, 14.39999999999999500 ) ) ;
#1405 = DIRECTION ( 'NONE',  ( 0.0000000000000000000, -1.000000000000000000, 0.0000000000000000000 ) ) ;
#1406 = DIRECTION ( 'NONE',  ( 1.000000000000000000, -0.0000000000000000000, -3.032733349609802600E-016 ) ) ;
#1407 = VECTOR ( 'NONE', #1406, 1000.000000000000000 ) ;
#1408 = CARTESIAN_POINT ( 'NONE',  ( -7.149999999999996800, 0.2000000000000000900, 8.500000000000003600 ) ) ;
#1409 = LINE ( 'NONE', #1408, #1407 ) ;
#1410 = DIRECTION ( 'NONE',  ( 1.000000000000000000, 0.0000000000000000000, 0.0000000000000000000 ) ) ;
#1411 = DIRECTION ( 'NONE',  ( 2.115516434118057700E-016, -9.916483284928394700E-018, 1.000000000000000000 ) ) ;
#1412 = CARTESIAN_POINT ( 'NONE',  ( 5.549999999999999800, -0.1000000000000000100, 12.94999999999998700 ) ) ;
#1413 = AXIS2_PLACEMENT_3D ( 'NONE', #1412, #1411, #1410 ) ;
#1414 = CIRCLE ( 'NONE', #1413, 0.3000000000000007700 ) ;
#1415 = DIRECTION ( 'NONE',  ( 1.000000000000000000, 0.0000000000000000000, 0.0000000000000000000 ) ) ;
#1416 = DIRECTION ( 'NONE',  ( -1.000000000000000000, 0.0000000000000000000, -5.521796321985259000E-015 ) ) ;
#1417 = DIRECTION ( 'NONE',  ( 5.521796321985259000E-015, 9.916483284928394700E-018, -1.000000000000000000 ) ) ;
#1418 = AXIS2_PLACEMENT_3D ( 'NONE', #1420, #1417, #1416 ) ;
#1419 = FACE_OUTER_BOUND ( 'NONE', #6556, .T. ) ;
#1420 = CARTESIAN_POINT ( 'NONE',  ( 5.549999999999998900, -0.09999999999999996400, 8.900000000000000400 ) ) ;
#1421 = PLANE ( 'NONE',  #1418 ) ;
#1422 = FACE_OUTER_BOUND ( 'NONE', #6574, .T. ) ;
#1423 = DIRECTION ( 'NONE',  ( 1.000000000000000000, -9.486769009248221000E-016, 0.0000000000000000000 ) ) ;
#1424 = DIRECTION ( 'NONE',  ( -2.115516434118057700E-016, 9.916483284928394700E-018, -1.000000000000000000 ) ) ;
#1425 = CARTESIAN_POINT ( 'NONE',  ( 5.549999999999999800, -0.1000000000000000100, 13.00000000000000000 ) ) ;
#1426 = AXIS2_PLACEMENT_3D ( 'NONE', #1425, #1424, #1423 ) ;
#1427 = CIRCLE ( 'NONE', #1426, 0.09999999999999939500 ) ;
#1428 = CARTESIAN_POINT ( 'NONE',  ( 4.200000000000000200, -1.649999999999999700, 15.79999999999999500 ) ) ;
#1429 = LINE ( 'NONE', #1428, #988 ) ;
#1430 = DIRECTION ( 'NONE',  ( -0.7071067811865474600, 0.0000000000000000000, 0.7071067811865474600 ) ) ;
#1431 = VECTOR ( 'NONE', #1430, 1000.000000000000100 ) ;
#1432 = CARTESIAN_POINT ( 'NONE',  ( 4.200000000000000200, -1.649999999999999700, 15.59999999999999600 ) ) ;
#1433 = DIRECTION ( 'NONE',  ( 0.0000000000000000000, 1.355252715606880000E-016, -1.000000000000000000 ) ) ;
#1434 = DIRECTION ( 'NONE',  ( 0.0000000000000000000, 0.0000000000000000000, 1.000000000000000000 ) ) ;
#1435 = CARTESIAN_POINT ( 'NONE',  ( 6.000000000000000900, -1.649999999999999700, 15.79999999999999500 ) ) ;
#1436 = LINE ( 'NONE', #1435, #1482 ) ;
#1437 = DIRECTION ( 'NONE',  ( 0.0000000000000000000, 0.0000000000000000000, 1.000000000000000000 ) ) ;
#1438 = DIRECTION ( 'NONE',  ( -1.000000000000000000, -0.0000000000000000000, 0.0000000000000000000 ) ) ;
#1439 = AXIS2_PLACEMENT_3D ( 'NONE', #1473, #1438, #1437 ) ;
#1440 = CIRCLE ( 'NONE', #1492, 0.3999999999999993000 ) ;
#1441 = LINE ( 'NONE', #1463, #1462 ) ;
#1442 = CARTESIAN_POINT ( 'NONE',  ( -0.7499999999999994400, -1.299999999999999800, 11.49999999999999300 ) ) ;
#1443 = DIRECTION ( 'NONE',  ( 1.000000000000000000, 0.0000000000000000000, 0.0000000000000000000 ) ) ;
#1444 = CARTESIAN_POINT ( 'NONE',  ( -1.449999999999999300, 5.270007610345668800, 12.74999999999999600 ) ) ;
#1445 = DIRECTION ( 'NONE',  ( 0.0000000000000000000, -1.355252715606880000E-016, 1.000000000000000000 ) ) ;
#1446 = DIRECTION ( 'NONE',  ( 0.0000000000000000000, 0.0000000000000000000, 1.000000000000000000 ) ) ;
#1447 = FACE_OUTER_BOUND ( 'NONE', #6231, .T. ) ;
#1448 = PLANE ( 'NONE',  #1471 ) ;
#1449 = DIRECTION ( 'NONE',  ( 0.0000000000000000000, 1.000000000000000000, 1.355252715606880000E-016 ) ) ;
#1450 = DIRECTION ( 'NONE',  ( -0.0000000000000000000, -1.000000000000000000, 0.0000000000000000000 ) ) ;
#1451 = DIRECTION ( 'NONE',  ( -0.0000000000000000000, -1.000000000000000000, 0.0000000000000000000 ) ) ;
#1452 = CARTESIAN_POINT ( 'NONE',  ( -1.849999999999999400, -1.700000000000000000, 12.29999999999999400 ) ) ;
#1453 = LINE ( 'NONE', #1452, #1475 ) ;
#1454 = CARTESIAN_POINT ( 'NONE',  ( -1.449999999999999500, -1.700000000000000000, 12.29999999999999400 ) ) ;
#1455 = DIRECTION ( 'NONE',  ( 0.0000000000000000000, 0.0000000000000000000, 1.000000000000000000 ) ) ;
#1456 = DIRECTION ( 'NONE',  ( -1.000000000000000000, -0.0000000000000000000, 0.0000000000000000000 ) ) ;
#1457 = VECTOR ( 'NONE', #1456, 1000.000000000000000 ) ;
#1458 = CARTESIAN_POINT ( 'NONE',  ( -1.449999999999999500, -1.699999999999999300, 11.49999999999999300 ) ) ;
#1459 = LINE ( 'NONE', #1458, #1457 ) ;
#1460 = LINE ( 'NONE', #1470, #1493 ) ;
#1461 = CARTESIAN_POINT ( 'NONE',  ( -0.3499999999999994200, -1.699999999999999700, 11.49999999999999300 ) ) ;
#1462 = VECTOR ( 'NONE', #1433, 1000.000000000000000 ) ;
#1463 = CARTESIAN_POINT ( 'NONE',  ( -1.449999999999999500, -1.699999999999999700, 11.49999999999999300 ) ) ;
#1464 = LINE ( 'NONE', #1490, #1489 ) ;
#1465 = AXIS2_PLACEMENT_3D ( 'NONE', #1488, #1487, #1486 ) ;
#1466 = DIRECTION ( 'NONE',  ( -1.000000000000000000, 0.0000000000000000000, 0.0000000000000000000 ) ) ;
#1467 = AXIS2_PLACEMENT_3D ( 'NONE', #1442, #1484, #1446 ) ;
#1468 = PLANE ( 'NONE',  #1483 ) ;
#1469 = CARTESIAN_POINT ( 'NONE',  ( -1.449999999999999500, -1.299999999999999800, 11.49999999999999300 ) ) ;
#1470 = CARTESIAN_POINT ( 'NONE',  ( -1.449999999999999500, -1.700000000000000000, 12.29999999999999400 ) ) ;
#1471 = AXIS2_PLACEMENT_3D ( 'NONE', #1444, #1466, #1455 ) ;
#1472 = FACE_OUTER_BOUND ( 'NONE', #6222, .T. ) ;
#1473 = CARTESIAN_POINT ( 'NONE',  ( -1.449999999999999500, -1.299999999999999800, 11.49999999999999300 ) ) ;
#1474 = FACE_OUTER_BOUND ( 'NONE', #6255, .T. ) ;
#1475 = VECTOR ( 'NONE', #1451, 1000.000000000000000 ) ;
#1476 = DIRECTION ( 'NONE',  ( -1.000000000000000000, -0.0000000000000000000, 0.0000000000000000000 ) ) ;
#1477 = CIRCLE ( 'NONE', #1467, 0.3999999999999993000 ) ;
#1478 = PLANE ( 'NONE',  #1465 ) ;
#1479 = FACE_OUTER_BOUND ( 'NONE', #6143, .T. ) ;
#1480 = CARTESIAN_POINT ( 'NONE',  ( 6.000000000000000000, 0.2000000000000007300, 15.79999999999999500 ) ) ;
#1481 = DIRECTION ( 'NONE',  ( 0.0000000000000000000, -1.000000000000000000, 0.0000000000000000000 ) ) ;
#1482 = VECTOR ( 'NONE', #1481, 1000.000000000000000 ) ;
#1483 = AXIS2_PLACEMENT_3D ( 'NONE', #1461, #1449, #1445 ) ;
#1484 = DIRECTION ( 'NONE',  ( 1.000000000000000000, 0.0000000000000000000, 0.0000000000000000000 ) ) ;
#1485 = LINE ( 'NONE', #1432, #1431 ) ;
#1486 = DIRECTION ( 'NONE',  ( 0.0000000000000000000, 0.0000000000000000000, -1.000000000000000000 ) ) ;
#1487 = DIRECTION ( 'NONE',  ( 1.000000000000000000, 0.0000000000000000000, 0.0000000000000000000 ) ) ;
#1488 = CARTESIAN_POINT ( 'NONE',  ( 4.200000000000000200, 0.2000000000000011800, 15.79999999999999500 ) ) ;
#1489 = VECTOR ( 'NONE', #1476, 1000.000000000000000 ) ;
#1490 = CARTESIAN_POINT ( 'NONE',  ( -1.449999999999999500, -1.700000000000000000, 12.29999999999999400 ) ) ;
#1491 = CARTESIAN_POINT ( 'NONE',  ( -1.449999999999999500, -1.699999999999999300, 11.49999999999999300 ) ) ;
#1492 = AXIS2_PLACEMENT_3D ( 'NONE', #1469, #1443, #1434 ) ;
#1493 = VECTOR ( 'NONE', #1450, 1000.000000000000000 ) ;
#1494 = CYLINDRICAL_SURFACE ( 'NONE', #1439, 0.3999999999999993000 ) ;
#1495 = DIRECTION ( 'NONE',  ( -1.000000000000000000, 0.0000000000000000000, 0.0000000000000000000 ) ) ;
#1496 = DIRECTION ( 'NONE',  ( -1.000000000000000000, 0.0000000000000000000, 0.0000000000000000000 ) ) ;
#1497 = DIRECTION ( 'NONE',  ( 4.818676322157807800E-015, 3.373073425510465600E-015, -1.000000000000000000 ) ) ;
#1498 = CARTESIAN_POINT ( 'NONE',  ( 5.949999999999733700, -1.050000000000050400, 30.84396773691726400 ) ) ;
#1499 = AXIS2_PLACEMENT_3D ( 'NONE', #1508, #1520, #1495 ) ;
#1500 = DIRECTION ( 'NONE',  ( -1.000000000000000000, 0.0000000000000000000, 0.0000000000000000000 ) ) ;
#1501 = CIRCLE ( 'NONE', #1528, 0.1499999999999982200 ) ;
#1502 = DIRECTION ( 'NONE',  ( 3.157908811212862900E-029, 1.000000000000000000, -2.466266120677565300E-015 ) ) ;
#1503 = CARTESIAN_POINT ( 'NONE',  ( 6.349999999999821100, -1.199999999999989500, 12.49999999999998900 ) ) ;
#1504 = AXIS2_PLACEMENT_3D ( 'NONE', #1503, #1502, #1529 ) ;
#1505 = CIRCLE ( 'NONE', #1504, 0.5000000000000004400 ) ;
#1506 = DIRECTION ( 'NONE',  ( 4.818676322157807800E-015, 3.373073425510465600E-015, -1.000000000000000000 ) ) ;
#1507 = AXIS2_PLACEMENT_3D ( 'NONE', #1517, #1532, #1534 ) ;
#1508 = CARTESIAN_POINT ( 'NONE',  ( 5.949999999999819900, -1.049999999999990100, 12.94999999999998500 ) ) ;
#1509 = CONICAL_SURFACE ( 'NONE', #1507, 0.09999999999999939500, 0.7853981633974461700 ) ;
#1510 = VECTOR ( 'NONE', #1526, 1000.000000000000100 ) ;
#1511 = CARTESIAN_POINT ( 'NONE',  ( 5.850000000000001400, -0.09999999999998984700, 12.94999999999998700 ) ) ;
#1512 = LINE ( 'NONE', #1511, #1510 ) ;
#1513 = DIRECTION ( 'NONE',  ( -1.000000000000000000, 0.0000000000000000000, 0.0000000000000000000 ) ) ;
#1514 = DIRECTION ( 'NONE',  ( -2.115516434118057700E-016, 9.916483284928394700E-018, -1.000000000000000000 ) ) ;
#1515 = AXIS2_PLACEMENT_3D ( 'NONE', #1527, #1514, #1513 ) ;
#1516 = CONICAL_SURFACE ( 'NONE', #1515, 0.3000000000000007700, 0.7853981633974482800 ) ;
#1517 = CARTESIAN_POINT ( 'NONE',  ( 5.949999999999819900, -1.049999999999990100, 12.94999999999998500 ) ) ;
#1518 = CYLINDRICAL_SURFACE ( 'NONE', #1535, 0.09999999999999939500 ) ;
#1519 = CARTESIAN_POINT ( 'NONE',  ( 5.949999999999819900, -1.049999999999990300, 12.99999999999998600 ) ) ;
#1520 = DIRECTION ( 'NONE',  ( 4.818676322157807800E-015, 3.373073425510465600E-015, -1.000000000000000000 ) ) ;
#1521 = DIRECTION ( 'NONE',  ( 1.000000000000000000, 0.0000000000000000000, 0.0000000000000000000 ) ) ;
#1522 = DIRECTION ( 'NONE',  ( 1.369518533665897600E-015, -0.0000000000000000000, -1.000000000000000000 ) ) ;
#1523 = CARTESIAN_POINT ( 'NONE',  ( 5.549999999999999800, -0.8000000000000003800, 10.79999999999999500 ) ) ;
#1524 = AXIS2_PLACEMENT_3D ( 'NONE', #1523, #1522, #1521 ) ;
#1525 = CIRCLE ( 'NONE', #1524, 0.2999999999999999300 ) ;
#1526 = DIRECTION ( 'NONE',  ( -0.7071067811865544600, -1.192565247125416400E-013, 0.7071067811865406900 ) ) ;
#1527 = CARTESIAN_POINT ( 'NONE',  ( 5.549999999999999800, -0.1000000000000000100, 12.94999999999998700 ) ) ;
#1528 = AXIS2_PLACEMENT_3D ( 'NONE', #1519, #1506, #1500 ) ;
#1529 = DIRECTION ( 'NONE',  ( 0.0000000000000000000, 2.602085213965208300E-015, 1.000000000000000000 ) ) ;
#1530 = FACE_OUTER_BOUND ( 'NONE', #6569, .T. ) ;
#1531 = FACE_OUTER_BOUND ( 'NONE', #6581, .T. ) ;
#1532 = DIRECTION ( 'NONE',  ( -4.818676322157807800E-015, -3.373073425510465600E-015, 1.000000000000000000 ) ) ;
#1533 = CIRCLE ( 'NONE', #1499, 0.09999999999999853500 ) ;
#1534 = DIRECTION ( 'NONE',  ( 1.000000000000000000, 0.0000000000000000000, 0.0000000000000000000 ) ) ;
#1535 = AXIS2_PLACEMENT_3D ( 'NONE', #1498, #1497, #1496 ) ;
#1536 = CARTESIAN_POINT ( 'NONE',  ( 6.799999999999824900, -1.149999999999989500, 12.50000000000000000 ) ) ;
#1537 = LINE ( 'NONE', #1536, #1540 ) ;
#1538 = FACE_OUTER_BOUND ( 'NONE', #6513, .T. ) ;
#1539 = DIRECTION ( 'NONE',  ( 0.7071067811865398000, -0.7071067811865552300, 0.0000000000000000000 ) ) ;
#1540 = VECTOR ( 'NONE', #1539, 1000.000000000000100 ) ;
#1541 = DIRECTION ( 'NONE',  ( 1.000000000000000000, 0.0000000000000000000, 0.0000000000000000000 ) ) ;
#1542 = DIRECTION ( 'NONE',  ( -1.369518533665897600E-015, 0.0000000000000000000, 1.000000000000000000 ) ) ;
#1543 = DIRECTION ( 'NONE',  ( 1.099474886651785200E-029, -1.000000000000000000, 1.972094703645293900E-015 ) ) ;
#1544 = DIRECTION ( 'NONE',  ( 2.115516434118057700E-016, -9.916483284928394700E-018, 1.000000000000000000 ) ) ;
#1545 = CARTESIAN_POINT ( 'NONE',  ( 5.549999999999995400, -0.09999999999999977000, -10.20826560412495000 ) ) ;
#1546 = DIRECTION ( 'NONE',  ( 0.0000000000000000000, -2.409338161078894800E-015, -1.000000000000000000 ) ) ;
#1547 = DIRECTION ( 'NONE',  ( -3.157908811212862900E-029, -1.000000000000000000, 2.466266120677565300E-015 ) ) ;
#1548 = AXIS2_PLACEMENT_3D ( 'NONE', #1545, #1544, #1583 ) ;
#1549 = CYLINDRICAL_SURFACE ( 'NONE', #1548, 0.09999999999999939500 ) ;
#1550 = PLANE ( 'NONE',  #1551 ) ;
#1551 = AXIS2_PLACEMENT_3D ( 'NONE', #1581, #1580, #1579 ) ;
#1552 = FACE_OUTER_BOUND ( 'NONE', #6627, .T. ) ;
#1553 = DIRECTION ( 'NONE',  ( -3.157908811212862900E-029, -1.000000000000000000, 2.466266120677565300E-015 ) ) ;
#1554 = VECTOR ( 'NONE', #1553, 1000.000000000000000 ) ;
#1555 = CARTESIAN_POINT ( 'NONE',  ( 5.949999999999818100, 2.874922359499631600, 12.99999999999997200 ) ) ;
#1556 = CARTESIAN_POINT ( 'NONE',  ( 5.550000000000028200, -0.8000000000000003800, -9.242107966923635200 ) ) ;
#1557 = CARTESIAN_POINT ( 'NONE',  ( 5.549999999999998900, 0.2000000000000000100, 8.900000000000000400 ) ) ;
#1558 = CARTESIAN_POINT ( 'NONE',  ( 6.349999999999822000, 2.874922359499629800, 12.49999999999997900 ) ) ;
#1559 = AXIS2_PLACEMENT_3D ( 'NONE', #1558, #1576, #1575 ) ;
#1560 = CYLINDRICAL_SURFACE ( 'NONE', #1559, 0.5000000000000004400 ) ;
#1561 = FACE_OUTER_BOUND ( 'NONE', #6612, .T. ) ;
#1562 = DIRECTION ( 'NONE',  ( -8.017293097285274000E-015, 2.466266120677564900E-015, 1.000000000000000000 ) ) ;
#1563 = VECTOR ( 'NONE', #1562, 1000.000000000000000 ) ;
#1564 = CARTESIAN_POINT ( 'NONE',  ( 5.949999999999828800, -1.149999999999992100, 11.69999999999998700 ) ) ;
#1565 = LINE ( 'NONE', #1564, #1563 ) ;
#1566 = CARTESIAN_POINT ( 'NONE',  ( 5.549999999999999800, -0.8000000000000003800, 10.79999999999999500 ) ) ;
#1567 = LINE ( 'NONE', #1557, #1608 ) ;
#1568 = CIRCLE ( 'NONE', #1616, 0.09999999999999939500 ) ;
#1569 = CARTESIAN_POINT ( 'NONE',  ( 6.849999999999822900, -1.149999999999989500, 12.50000000000000000 ) ) ;
#1570 = LINE ( 'NONE', #1569, #1603 ) ;
#1571 = CARTESIAN_POINT ( 'NONE',  ( 5.550000000000002500, -0.8000000000000003800, 8.899999999999986100 ) ) ;
#1572 = DIRECTION ( 'NONE',  ( 0.0000000000000000000, 1.000000000000000000, 4.969616689786723400E-014 ) ) ;
#1573 = DIRECTION ( 'NONE',  ( 1.369518533665897600E-015, -0.0000000000000000000, -1.000000000000000000 ) ) ;
#1574 = LINE ( 'NONE', #1555, #1554 ) ;
#1575 = DIRECTION ( 'NONE',  ( 8.673617379884027600E-015, -2.602085213965208300E-015, -1.000000000000000000 ) ) ;
#1576 = DIRECTION ( 'NONE',  ( -3.157908811212862900E-029, -1.000000000000000000, 2.466266120677565300E-015 ) ) ;
#1577 = CARTESIAN_POINT ( 'NONE',  ( 5.649999999999999500, 0.1999999999999996500, 11.19999999999999900 ) ) ;
#1578 = PLANE ( 'NONE',  #1629 ) ;
#1579 = DIRECTION ( 'NONE',  ( 3.173932548350164700E-029, 1.000000000000000000, -2.466266120677565300E-015 ) ) ;
#1580 = DIRECTION ( 'NONE',  ( 8.017293097285274000E-015, -2.466266120677565300E-015, -1.000000000000000000 ) ) ;
#1581 = CARTESIAN_POINT ( 'NONE',  ( 5.649999999999818300, 2.874922359499631600, 12.99999999999997300 ) ) ;
#1582 = FACE_OUTER_BOUND ( 'NONE', #6608, .T. ) ;
#1583 = DIRECTION ( 'NONE',  ( 1.000000000000000000, 0.0000000000000000000, 0.0000000000000000000 ) ) ;
#1584 = VECTOR ( 'NONE', #1543, 1000.000000000000000 ) ;
#1585 = CARTESIAN_POINT ( 'NONE',  ( -6.850000000000182600, 2.874922359499705300, 12.50000000000003900 ) ) ;
#1586 = DIRECTION ( 'NONE',  ( 1.000000000000000000, 0.0000000000000000000, 0.0000000000000000000 ) ) ;
#1587 = DIRECTION ( 'NONE',  ( -1.369518533665897600E-015, 0.0000000000000000000, 1.000000000000000000 ) ) ;
#1588 = CARTESIAN_POINT ( 'NONE',  ( 5.949999999999819900, -1.049999999999990300, 12.99999999999999800 ) ) ;
#1589 = PLANE ( 'NONE',  #1606 ) ;
#1590 = CONICAL_SURFACE ( 'NONE', #1594, 0.4500000000000007300, 0.7853981633974461700 ) ;
#1591 = DIRECTION ( 'NONE',  ( 4.818676322157807800E-015, 4.969616689786723400E-014, -1.000000000000000000 ) ) ;
#1592 = FACE_OUTER_BOUND ( 'NONE', #6559, .T. ) ;
#1593 = CARTESIAN_POINT ( 'NONE',  ( 6.349999999999821100, -1.149999999999989500, 12.49999999999998900 ) ) ;
#1594 = AXIS2_PLACEMENT_3D ( 'NONE', #1593, #1547, #1546 ) ;
#1595 = AXIS2_PLACEMENT_3D ( 'NONE', #1556, #1587, #1586 ) ;
#1596 = DIRECTION ( 'NONE',  ( 0.0000000000000000000, -0.0000000000000000000, -1.000000000000000000 ) ) ;
#1597 = DIRECTION ( 'NONE',  ( 1.000000000000000000, 0.0000000000000000000, 0.0000000000000000000 ) ) ;
#1598 = DIRECTION ( 'NONE',  ( -1.369518533665897600E-015, 0.0000000000000000000, 1.000000000000000000 ) ) ;
#1599 = CARTESIAN_POINT ( 'NONE',  ( 5.550000000000028200, -0.8000000000000003800, -9.242107966923635200 ) ) ;
#1600 = AXIS2_PLACEMENT_3D ( 'NONE', #1599, #1598, #1597 ) ;
#1601 = FACE_OUTER_BOUND ( 'NONE', #6621, .T. ) ;
#1602 = DIRECTION ( 'NONE',  ( -1.000000000000000000, 0.0000000000000000000, 0.0000000000000000000 ) ) ;
#1603 = VECTOR ( 'NONE', #1602, 1000.000000000000000 ) ;
#1604 = DIRECTION ( 'NONE',  ( -3.157908811212862900E-029, -1.000000000000000000, 2.466266120677565300E-015 ) ) ;
#1605 = VECTOR ( 'NONE', #1604, 1000.000000000000000 ) ;
#1606 = AXIS2_PLACEMENT_3D ( 'NONE', #1588, #1591, #1572 ) ;
#1607 = FACE_OUTER_BOUND ( 'NONE', #6594, .T. ) ;
#1608 = VECTOR ( 'NONE', #1596, 1000.000000000000000 ) ;
#1609 = DIRECTION ( 'NONE',  ( 1.000000000000000000, 0.0000000000000000000, 0.0000000000000000000 ) ) ;
#1610 = CYLINDRICAL_SURFACE ( 'NONE', #1600, 0.2999999999999999300 ) ;
#1611 = AXIS2_PLACEMENT_3D ( 'NONE', #1571, #1542, #1541 ) ;
#1612 = CIRCLE ( 'NONE', #1611, 0.2999999999999999300 ) ;
#1613 = LINE ( 'NONE', #1614, #1605 ) ;
#1614 = CARTESIAN_POINT ( 'NONE',  ( 6.349999999999818500, 2.874922359499631600, 12.99999999999997900 ) ) ;
#1615 = LINE ( 'NONE', #1585, #1584 ) ;
#1616 = AXIS2_PLACEMENT_3D ( 'NONE', #1566, #1573, #1609 ) ;
#1617 = DIRECTION ( 'NONE',  ( 9.585933842097445100E-017, -9.585933842097446300E-017, 1.000000000000000000 ) ) ;
#1618 = VECTOR ( 'NONE', #1617, 1000.000000000000000 ) ;
#1619 = CARTESIAN_POINT ( 'NONE',  ( 5.650000000000000400, -0.7999999999999994900, 11.19999999999999900 ) ) ;
#1620 = LINE ( 'NONE', #1619, #1618 ) ;
#1621 = FACE_OUTER_BOUND ( 'NONE', #6658, .T. ) ;
#1622 = CYLINDRICAL_SURFACE ( 'NONE', #1595, 0.09999999999999939500 ) ;
#1623 = DIRECTION ( 'NONE',  ( 1.099474886651785200E-029, -1.000000000000000000, 1.972094703645293900E-015 ) ) ;
#1624 = VECTOR ( 'NONE', #1623, 1000.000000000000000 ) ;
#1625 = CARTESIAN_POINT ( 'NONE',  ( -6.850000000000182600, 2.874922359499705300, 12.50000000000003900 ) ) ;
#1626 = LINE ( 'NONE', #1625, #1624 ) ;
#1627 = DIRECTION ( 'NONE',  ( 9.585933842097445100E-017, -9.585933842097446300E-017, 1.000000000000000000 ) ) ;
#1628 = DIRECTION ( 'NONE',  ( -1.000000000000000000, 1.232595164407830900E-032, 9.585933842097445100E-017 ) ) ;
#1629 = AXIS2_PLACEMENT_3D ( 'NONE', #1577, #1628, #1627 ) ;
#1630 = DIRECTION ( 'NONE',  ( 1.099474886651785200E-029, -1.000000000000000000, 1.972094703645293900E-015 ) ) ;
#1631 = AXIS2_PLACEMENT_3D ( 'NONE', #1633, #1665, #1642 ) ;
#1632 = DIRECTION ( 'NONE',  ( 1.000000000000000000, 2.817712545836301500E-029, 8.718241554666199800E-015 ) ) ;
#1633 = CARTESIAN_POINT ( 'NONE',  ( -6.350000000000175500, 2.874922359499703500, 11.70000000000004400 ) ) ;
#1634 = AXIS2_PLACEMENT_3D ( 'NONE', #1676, #1668, #1667 ) ;
#1635 = FACE_OUTER_BOUND ( 'NONE', #6698, .T. ) ;
#1636 = DIRECTION ( 'NONE',  ( -0.0000000000000000000, -0.0000000000000000000, 1.000000000000000000 ) ) ;
#1637 = VECTOR ( 'NONE', #1636, 1000.000000000000000 ) ;
#1638 = CARTESIAN_POINT ( 'NONE',  ( -5.000000000000000000, -1.449999999999999700, 0.1499999999999947500 ) ) ;
#1639 = DIRECTION ( 'NONE',  ( -8.718241554666199800E-015, 1.972094703645293500E-015, 1.000000000000000000 ) ) ;
#1640 = VECTOR ( 'NONE', #1639, 1000.000000000000000 ) ;
#1641 = FACE_OUTER_BOUND ( 'NONE', #6888, .T. ) ;
#1642 = DIRECTION ( 'NONE',  ( 8.673617379884027600E-015, -1.734723475976805500E-015, -1.000000000000000000 ) ) ;
#1643 = CYLINDRICAL_SURFACE ( 'NONE', #1631, 0.5000000000000004400 ) ;
#1644 = AXIS2_PLACEMENT_3D ( 'NONE', #1670, #1669, #1632 ) ;
#1645 = PLANE ( 'NONE',  #1644 ) ;
#1646 = FACE_OUTER_BOUND ( 'NONE', #6868, .T. ) ;
#1647 = CIRCLE ( 'NONE', #1666, 0.5000000000000004400 ) ;
#1648 = DIRECTION ( 'NONE',  ( 0.0000000000000000000, -2.168404344971481000E-015, -1.000000000000000000 ) ) ;
#1649 = DIRECTION ( 'NONE',  ( 1.099474886651785200E-029, -1.000000000000000000, 1.972094703645293900E-015 ) ) ;
#1650 = CARTESIAN_POINT ( 'NONE',  ( -6.350000000000183500, -1.200000000000109600, 12.50000000000005000 ) ) ;
#1651 = AXIS2_PLACEMENT_3D ( 'NONE', #1650, #1649, #1648 ) ;
#1652 = CIRCLE ( 'NONE', #1651, 0.4999999999998911400 ) ;
#1653 = DIRECTION ( 'NONE',  ( 1.000000000000000000, 3.719247132494274400E-015, 1.445602896647389200E-016 ) ) ;
#1654 = VECTOR ( 'NONE', #1653, 1000.000000000000000 ) ;
#1655 = CARTESIAN_POINT ( 'NONE',  ( 3.699999999999991700, -1.549999999999988700, 0.7499999999999945600 ) ) ;
#1656 = LINE ( 'NONE', #1655, #1654 ) ;
#1657 = CARTESIAN_POINT ( 'NONE',  ( -6.350000000000183500, -1.349999999999921500, 12.50000000000005200 ) ) ;
#1658 = CYLINDRICAL_SURFACE ( 'NONE', #1679, 0.2500000000000000000 ) ;
#1659 = CARTESIAN_POINT ( 'NONE',  ( -6.350000000000187100, -1.349999999999920600, 13.00000000000005200 ) ) ;
#1660 = DIRECTION ( 'NONE',  ( 1.000000000000000000, -7.991950973366438100E-016, -1.573964872444122200E-015 ) ) ;
#1661 = DIRECTION ( 'NONE',  ( 0.0000000000000000000, -1.000000000000000000, 0.0000000000000000000 ) ) ;
#1662 = DIRECTION ( 'NONE',  ( 0.0000000000000000000, -7.228014483236698500E-016, 1.000000000000000000 ) ) ;
#1663 = CARTESIAN_POINT ( 'NONE',  ( -4.999999999999999100, -1.699999999999975500, -33.49357293748689600 ) ) ;
#1664 = LINE ( 'NONE', #1638, #1637 ) ;
#1665 = DIRECTION ( 'NONE',  ( 1.099474886651785200E-029, -1.000000000000000000, 1.972094703645293900E-015 ) ) ;
#1666 = AXIS2_PLACEMENT_3D ( 'NONE', #1657, #1630, #1674 ) ;
#1667 = DIRECTION ( 'NONE',  ( 0.0000000000000000000, -1.000000000000000000, 0.0000000000000000000 ) ) ;
#1668 = DIRECTION ( 'NONE',  ( 0.0000000000000000000, -7.228014483236698500E-016, 1.000000000000000000 ) ) ;
#1669 = DIRECTION ( 'NONE',  ( -8.718241554666199800E-015, 1.972094703645293500E-015, 1.000000000000000000 ) ) ;
#1670 = CARTESIAN_POINT ( 'NONE',  ( -5.650000000000187800, 2.874922359499703500, 13.00000000000005000 ) ) ;
#1671 = VECTOR ( 'NONE', #1660, 1000.000000000000000 ) ;
#1672 = CARTESIAN_POINT ( 'NONE',  ( -6.850000000000170200, -1.149999999999923700, 11.20000000000004700 ) ) ;
#1673 = LINE ( 'NONE', #1672, #1640 ) ;
#1674 = DIRECTION ( 'NONE',  ( -8.673617379884027600E-015, 2.168404344971006900E-015, 1.000000000000000000 ) ) ;
#1675 = CYLINDRICAL_SURFACE ( 'NONE', #1634, 0.3999999999999999700 ) ;
#1676 = CARTESIAN_POINT ( 'NONE',  ( -4.999999999999999100, -1.699999999999975500, -33.49357293748689600 ) ) ;
#1677 = CARTESIAN_POINT ( 'NONE',  ( -6.850000000000072500, -1.150000000000109600, 12.50000000000003600 ) ) ;
#1678 = LINE ( 'NONE', #1677, #1671 ) ;
#1679 = AXIS2_PLACEMENT_3D ( 'NONE', #1663, #1662, #1661 ) ;
#1680 = FACE_OUTER_BOUND ( 'NONE', #6804, .T. ) ;
#1681 = CARTESIAN_POINT ( 'NONE',  ( 3.699999999999992200, -1.549999999999988900, 0.7499999999999920100 ) ) ;
#1682 = DIRECTION ( 'NONE',  ( 1.099474886651785200E-029, -1.000000000000000000, 1.972094703645293900E-015 ) ) ;
#1683 = VECTOR ( 'NONE', #1682, 1000.000000000000000 ) ;
#1684 = CARTESIAN_POINT ( 'NONE',  ( -6.350000000000187100, 2.874922359499705300, 13.00000000000004300 ) ) ;
#1685 = LINE ( 'NONE', #1684, #1683 ) ;
#1686 = DIRECTION ( 'NONE',  ( 2.797941090285167700E-016, 0.0000000000000000000, 1.000000000000000000 ) ) ;
#1687 = DIRECTION ( 'NONE',  ( -1.000000000000000000, -0.0000000000000000000, 0.0000000000000000000 ) ) ;
#1688 = CARTESIAN_POINT ( 'NONE',  ( 4.050000000000000700, -1.700000000000000000, 12.29999999999999400 ) ) ;
#1689 = LINE ( 'NONE', #1688, #1733 ) ;
#1690 = FACE_OUTER_BOUND ( 'NONE', #7915, .T. ) ;
#1691 = CARTESIAN_POINT ( 'NONE',  ( 4.050000000000000700, -1.699999999999999300, 11.49999999999999300 ) ) ;
#1692 = CYLINDRICAL_SURFACE ( 'NONE', #1736, 0.2500000000000002200 ) ;
#1693 = CARTESIAN_POINT ( 'NONE',  ( 4.050000000000000700, -1.700000000000000000, 12.29999999999999400 ) ) ;
#1694 = DIRECTION ( 'NONE',  ( 0.0000000000000000000, 0.0000000000000000000, -1.000000000000000000 ) ) ;
#1695 = CARTESIAN_POINT ( 'NONE',  ( 4.050000000000000700, -1.700000000000000000, 12.29999999999999400 ) ) ;
#1696 = DIRECTION ( 'NONE',  ( -1.000000000000000000, 0.0000000000000000000, 0.0000000000000000000 ) ) ;
#1697 = CARTESIAN_POINT ( 'NONE',  ( 6.051147307585784700, -0.2455959749604085500, 6.048852692414210500 ) ) ;
#1698 = CARTESIAN_POINT ( 'NONE',  ( -5.849999999999999600, 0.2000000000000003200, 0.2675918792439885300 ) ) ;
#1699 = DIRECTION ( 'NONE',  ( 0.5864183332640248200, -0.5587728311431124900, -0.5864183332640222600 ) ) ;
#1700 = VECTOR ( 'NONE', #1699, 1000.000000000000000 ) ;
#1701 = CARTESIAN_POINT ( 'NONE',  ( 6.997292578386012700, -1.147137147275158400, 5.102707421613986900 ) ) ;
#1702 = LINE ( 'NONE', #1701, #1700 ) ;
#1703 = DIRECTION ( 'NONE',  ( 0.0000000000000000000, -0.04825290580208631300, 0.9988351501031863500 ) ) ;
#1704 = VECTOR ( 'NONE', #1703, 1000.000000000000200 ) ;
#1705 = CARTESIAN_POINT ( 'NONE',  ( 6.100000000000000500, -0.3015743362663572100, 6.195174709419786700 ) ) ;
#1706 = CARTESIAN_POINT ( 'NONE',  ( 4.649999999999997700, -0.4834428716889575000, -0.4500000000000033400 ) ) ;
#1707 =( BOUNDED_CURVE ( )  B_SPLINE_CURVE ( 3, ( #1723, #1719, #1718, #1717 ),
 .UNSPECIFIED., .F., .T. ) 
 B_SPLINE_CURVE_WITH_KNOTS ( ( 4, 4 ),
 ( 3.141592653589793100, 3.592619465386064800 ),
 .UNSPECIFIED. ) 
 CURVE ( )  GEOMETRIC_REPRESENTATION_ITEM ( )  RATIONAL_B_SPLINE_CURVE ( ( 1.000000000000000000, 0.9831196229872635200, 0.9831196229872635200, 1.000000000000000000 ) ) 
 REPRESENTATION_ITEM ( '' )  );
#1708 = DIRECTION ( 'NONE',  ( 0.0000000000000000000, -0.7071067811865489100, 0.7071067811865461300 ) ) ;
#1709 = PLANE ( 'NONE',  #1716 ) ;
#1710 = CARTESIAN_POINT ( 'NONE',  ( 3.485700520138380400, 2.467231676920709700, 3.059999999999995200 ) ) ;
#1711 = LINE ( 'NONE', #1710, #1752 ) ;
#1712 = PLANE ( 'NONE',  #1740 ) ;
#1713 = CARTESIAN_POINT ( 'NONE',  ( 3.939999999999992000, -1.619999999999989000, 0.7499999999999920100 ) ) ;
#1714 = CARTESIAN_POINT ( 'NONE',  ( 4.649999999999997700, -0.4240377207533831400, -0.4160251471689288500 ) ) ;
#1715 = CARTESIAN_POINT ( 'NONE',  ( -500000.0000000000600, 0.1000000000000000500, 3.009999999999995300 ) ) ;
#1716 = AXIS2_PLACEMENT_3D ( 'NONE', #1715, #1708, #1721 ) ;
#1717 = CARTESIAN_POINT ( 'NONE',  ( 4.649999999999997700, -0.4834428716889575000, -0.4500000000000033400 ) ) ;
#1718 = CARTESIAN_POINT ( 'NONE',  ( 4.683047163054252900, -0.5516767241688441700, -0.4830471630542584900 ) ) ;
#1719 = CARTESIAN_POINT ( 'NONE',  ( 4.700000000000000200, -0.6255724272216766100, -0.5000000000000054400 ) ) ;
#1720 = VECTOR ( 'NONE', #1758, 1000.000000000000000 ) ;
#1721 = DIRECTION ( 'NONE',  ( 0.0000000000000000000, -0.7071067811865461300, -0.7071067811865489100 ) ) ;
#1722 = CARTESIAN_POINT ( 'NONE',  ( 5.977350098112612600, -0.4240377207533829200, -0.4160251471689287400 ) ) ;
#1723 = CARTESIAN_POINT ( 'NONE',  ( 4.700000000000000200, -0.7013878188659953300, -0.5000000000000054400 ) ) ;
#1724 = LINE ( 'NONE', #1691, #1756 ) ;
#1725 = AXIS2_PLACEMENT_3D ( 'NONE', #1738, #1728, #1739 ) ;
#1726 = AXIS2_PLACEMENT_3D ( 'NONE', #1695, #1694, #1696 ) ;
#1727 = PLANE ( 'NONE',  #1726 ) ;
#1728 = DIRECTION ( 'NONE',  ( 1.000000000000000000, 0.0000000000000000000, 0.0000000000000000000 ) ) ;
#1729 = DIRECTION ( 'NONE',  ( -1.000000000000000000, -0.0000000000000000000, 0.0000000000000000000 ) ) ;
#1730 = FACE_OUTER_BOUND ( 'NONE', #8262, .T. ) ;
#1731 = CARTESIAN_POINT ( 'NONE',  ( 5.999999999999999100, -0.1920402400956212100, 6.000232969979357700 ) ) ;
#1732 = FACE_OUTER_BOUND ( 'NONE', #7970, .T. ) ;
#1733 = VECTOR ( 'NONE', #1687, 1000.000000000000000 ) ;
#1734 = FACE_OUTER_BOUND ( 'NONE', #7964, .T. ) ;
#1735 = CIRCLE ( 'NONE', #1725, 0.3999999999999993000 ) ;
#1736 = AXIS2_PLACEMENT_3D ( 'NONE', #1737, #1748, #1686 ) ;
#1737 = CARTESIAN_POINT ( 'NONE',  ( 1.040368067097155500E-015, -0.04999999999999969700, 2.809999999999995600 ) ) ;
#1738 = CARTESIAN_POINT ( 'NONE',  ( 4.050000000000000700, -1.299999999999999800, 11.49999999999999300 ) ) ;
#1739 = DIRECTION ( 'NONE',  ( 0.0000000000000000000, 0.0000000000000000000, 1.000000000000000000 ) ) ;
#1740 = AXIS2_PLACEMENT_3D ( 'NONE', #1755, #1754, #1753 ) ;
#1741 = CARTESIAN_POINT ( 'NONE',  ( 6.099999999999998800, -0.04999999999999991300, 3.059999999999994300 ) ) ;
#1742 = LINE ( 'NONE', #1705, #1704 ) ;
#1743 = CARTESIAN_POINT ( 'NONE',  ( 4.050000000000000700, -1.649999999999999900, 11.30635083268962400 ) ) ;
#1744 = DIRECTION ( 'NONE',  ( -1.000000000000000000, -0.0000000000000000000, 2.797941090285170100E-016 ) ) ;
#1745 = VECTOR ( 'NONE', #1744, 1000.000000000000000 ) ;
#1746 = CARTESIAN_POINT ( 'NONE',  ( 4.849999999999997000, -0.04999999999999969700, 3.059999999999994300 ) ) ;
#1747 = LINE ( 'NONE', #1746, #1745 ) ;
#1748 = DIRECTION ( 'NONE',  ( -1.000000000000000000, 0.0000000000000000000, 2.797941090285170100E-016 ) ) ;
#1749 = CARTESIAN_POINT ( 'NONE',  ( 4.050000000000000700, -1.699999999999999700, 11.49999999999999300 ) ) ;
#1750 = LINE ( 'NONE', #1749, #1720 ) ;
#1751 = DIRECTION ( 'NONE',  ( 0.7066945845505033800, -0.7075187376790748100, -1.977289816395860500E-016 ) ) ;
#1752 = VECTOR ( 'NONE', #1751, 1000.000000000000000 ) ;
#1753 = DIRECTION ( 'NONE',  ( 0.0000000000000000000, 0.04825290580208630600, -0.9988351501031863500 ) ) ;
#1754 = DIRECTION ( 'NONE',  ( 0.0000000000000000000, -0.9988351501031864600, -0.04825290580208631300 ) ) ;
#1755 = CARTESIAN_POINT ( 'NONE',  ( -6.950000000000000200, -0.04999999999999969700, 3.059999999999994300 ) ) ;
#1756 = VECTOR ( 'NONE', #1729, 1000.000000000000000 ) ;
#1757 = CARTESIAN_POINT ( 'NONE',  ( 4.050000000000000700, -1.649999999999999700, 12.29999999999999400 ) ) ;
#1758 = DIRECTION ( 'NONE',  ( 0.0000000000000000000, 1.355252715606880000E-016, -1.000000000000000000 ) ) ;
#1759 = LINE ( 'NONE', #1789, #1788 ) ;
#1760 = LINE ( 'NONE', #1764, #1802 ) ;
#1761 = CARTESIAN_POINT ( 'NONE',  ( 4.649999999999997700, 0.2000000000000094200, -5.421010862427522200E-015 ) ) ;
#1762 = LINE ( 'NONE', #1761, #1798 ) ;
#1763 = DIRECTION ( 'NONE',  ( 0.0000000000000000000, 0.0000000000000000000, -1.000000000000000000 ) ) ;
#1764 = CARTESIAN_POINT ( 'NONE',  ( 4.849999999999997900, 0.2000000000000003200, 3.059999999999994300 ) ) ;
#1765 = FACE_OUTER_BOUND ( 'NONE', #8330, .T. ) ;
#1766 = CYLINDRICAL_SURFACE ( 'NONE', #1795, 0.5000000000000000000 ) ;
#1767 = DIRECTION ( 'NONE',  ( -1.000000000000000000, 0.0000000000000000000, 0.0000000000000000000 ) ) ;
#1768 = CARTESIAN_POINT ( 'NONE',  ( 4.500000000000000000, -0.7013878188659953300, -5.421010862427522200E-015 ) ) ;
#1769 = VECTOR ( 'NONE', #1820, 1000.000000000000000 ) ;
#1770 = LINE ( 'NONE', #1819, #1769 ) ;
#1771 = CARTESIAN_POINT ( 'NONE',  ( 4.649999999999997700, -2.168404344971008900E-016, 1.149999999999994600 ) ) ;
#1772 = DIRECTION ( 'NONE',  ( 1.000000000000000000, 0.0000000000000000000, 0.0000000000000000000 ) ) ;
#1773 = VECTOR ( 'NONE', #1772, 1000.000000000000000 ) ;
#1774 = CARTESIAN_POINT ( 'NONE',  ( -6.950000000000000200, -0.1920402400956212100, 6.000232969979356800 ) ) ;
#1775 = DIRECTION ( 'NONE',  ( 1.000000000000000000, 0.0000000000000000000, 0.0000000000000000000 ) ) ;
#1776 = VECTOR ( 'NONE', #1775, 1000.000000000000000 ) ;
#1777 = CARTESIAN_POINT ( 'NONE',  ( -5.778285965272743000, 0.1282859652727424100, -0.03619364680145564100 ) ) ;
#1778 = DIRECTION ( 'NONE',  ( -1.000000000000000000, -0.0000000000000000000, 0.0000000000000000000 ) ) ;
#1779 = VECTOR ( 'NONE', #1778, 1000.000000000000000 ) ;
#1780 = CARTESIAN_POINT ( 'NONE',  ( 4.050000000000000700, -1.649999999999999700, 11.30635083268962400 ) ) ;
#1781 = LINE ( 'NONE', #1780, #1779 ) ;
#1782 = CARTESIAN_POINT ( 'NONE',  ( -5.850000000000000500, 0.2000000000000004600, 0.1072344226530596600 ) ) ;
#1783 = CARTESIAN_POINT ( 'NONE',  ( 6.200000000000000200, -0.02264990188738749000, -0.1484332679249349100 ) ) ;
#1784 = LINE ( 'NONE', #1783, #1822 ) ;
#1785 = DIRECTION ( 'NONE',  ( 0.0000000000000000000, -0.8320502943378467200, -0.5547001962252244800 ) ) ;
#1786 = CARTESIAN_POINT ( 'NONE',  ( 6.200000000000000200, -0.7013878188659953300, -0.5000000000000054400 ) ) ;
#1787 = DIRECTION ( 'NONE',  ( 0.5773502691896301700, -0.5773502691896268400, -0.5773502691896202900 ) ) ;
#1788 = VECTOR ( 'NONE', #1787, 999.9999999999998900 ) ;
#1789 = CARTESIAN_POINT ( 'NONE',  ( 7.086666666666664200, -0.8366666666666574500, 2.073333333333346100 ) ) ;
#1790 = DIRECTION ( 'NONE',  ( -0.0000000000000000000, 1.000000000000000000, 0.0000000000000000000 ) ) ;
#1791 = CARTESIAN_POINT ( 'NONE',  ( 4.649999999999997700, 3.630174922653363300, 1.149999999999994600 ) ) ;
#1792 = DIRECTION ( 'NONE',  ( -1.000000000000000000, -0.0000000000000000000, 0.0000000000000000000 ) ) ;
#1793 = CARTESIAN_POINT ( 'NONE',  ( 4.649999999999997700, -0.4240377207533829200, -0.4160251471689287400 ) ) ;
#1794 = LINE ( 'NONE', #1793, #1800 ) ;
#1795 = AXIS2_PLACEMENT_3D ( 'NONE', #1768, #1767, #1806 ) ;
#1796 = FACE_OUTER_BOUND ( 'NONE', #8116, .T. ) ;
#1797 = DIRECTION ( 'NONE',  ( -0.0000000000000000000, 0.8320502943378467200, 0.5547001962252244800 ) ) ;
#1798 = VECTOR ( 'NONE', #1797, 1000.000000000000100 ) ;
#1799 = LINE ( 'NONE', #1786, #1776 ) ;
#1800 = VECTOR ( 'NONE', #1792, 1000.000000000000000 ) ;
#1801 = DIRECTION ( 'NONE',  ( 0.0000000000000000000, 0.0000000000000000000, 1.000000000000000000 ) ) ;
#1802 = VECTOR ( 'NONE', #1801, 1000.000000000000000 ) ;
#1803 = CARTESIAN_POINT ( 'NONE',  ( 4.700000000000000200, -0.7013878188659953300, -0.5000000000000054400 ) ) ;
#1804 = CARTESIAN_POINT ( 'NONE',  ( 4.649999999999997700, -0.02264990188738749000, -0.1484332679249349700 ) ) ;
#1805 = CARTESIAN_POINT ( 'NONE',  ( 4.649999999999997700, -0.8999999999999998000, -0.4500000000000032300 ) ) ;
#1806 = DIRECTION ( 'NONE',  ( 0.0000000000000000000, 0.0000000000000000000, 1.000000000000000000 ) ) ;
#1807 = PLANE ( 'NONE',  #1814 ) ;
#1808 = CARTESIAN_POINT ( 'NONE',  ( 3.748612181133993600, 0.2000000000000094200, -5.421010862427522200E-015 ) ) ;
#1809 = VECTOR ( 'NONE', #1790, 1000.000000000000000 ) ;
#1810 = DIRECTION ( 'NONE',  ( 0.0000000000000000000, -0.5547001962252244800, 0.8320502943378467200 ) ) ;
#1811 = VECTOR ( 'NONE', #1763, 1000.000000000000000 ) ;
#1812 = CARTESIAN_POINT ( 'NONE',  ( 4.649999999999997700, -6.505213034913026600E-016, 0.2675918792439885300 ) ) ;
#1813 = LINE ( 'NONE', #1812, #1811 ) ;
#1814 = AXIS2_PLACEMENT_3D ( 'NONE', #1808, #1810, #1785 ) ;
#1815 = DIRECTION ( 'NONE',  ( -1.000000000000000000, -0.0000000000000000000, 0.0000000000000000000 ) ) ;
#1816 = AXIS2_PLACEMENT_3D ( 'NONE', #1827, #1815, #1825 ) ;
#1817 = CYLINDRICAL_SURFACE ( 'NONE', #1816, 0.3999999999999993000 ) ;
#1818 = CARTESIAN_POINT ( 'NONE',  ( 6.100000000000000500, -0.2921456063426956000, 5.999999999999993800 ) ) ;
#1819 = CARTESIAN_POINT ( 'NONE',  ( 4.649999999999997700, -0.8999999999999998000, -5.421010862427522200E-015 ) ) ;
#1820 = DIRECTION ( 'NONE',  ( 0.0000000000000000000, 0.0000000000000000000, -1.000000000000000000 ) ) ;
#1821 = DIRECTION ( 'NONE',  ( 1.000000000000000000, 0.0000000000000000000, -0.0000000000000000000 ) ) ;
#1822 = VECTOR ( 'NONE', #1821, 1000.000000000000000 ) ;
#1823 = LINE ( 'NONE', #1774, #1773 ) ;
#1824 = CARTESIAN_POINT ( 'NONE',  ( 6.100000000000000500, -0.1501166208354493000, 3.059999999999996100 ) ) ;
#1825 = DIRECTION ( 'NONE',  ( 0.0000000000000000000, 0.0000000000000000000, 1.000000000000000000 ) ) ;
#1826 = LINE ( 'NONE', #1791, #1809 ) ;
#1827 = CARTESIAN_POINT ( 'NONE',  ( 4.050000000000000700, -1.299999999999999800, 11.49999999999999300 ) ) ;
#1828 = FACE_OUTER_BOUND ( 'NONE', #8138, .T. ) ;
#1829 = VECTOR ( 'NONE', #1831, 1000.000000000000000 ) ;
#1830 = B_SPLINE_CURVE_WITH_KNOTS ( 'NONE', 3,
 ( #1845, #1853, #1852, #1851 ),
 .UNSPECIFIED., .F., .F.,
 ( 4, 4 ),
 ( 0.0000000000000000000, 0.0002090208820732418400 ),
 .UNSPECIFIED. ) ;
#1831 = DIRECTION ( 'NONE',  ( 0.5773502691896296200, -0.6045365709421487400, 0.5488189146341172500 ) ) ;
#1832 = FACE_OUTER_BOUND ( 'NONE', #8246, .T. ) ;
#1833 = DIRECTION ( 'NONE',  ( -0.5773502691896260600, -0.5773502691896262900, -0.5773502691896248400 ) ) ;
#1834 = DIRECTION ( 'NONE',  ( 0.0000000000000000000, 3.577867169202164600E-015, 1.000000000000000000 ) ) ;
#1835 = DIRECTION ( 'NONE',  ( 1.000000000000000000, -0.0000000000000000000, -0.0000000000000000000 ) ) ;
#1836 = CARTESIAN_POINT ( 'NONE',  ( 6.200000000000001100, -0.2999999999999997100, 0.2675918792439885300 ) ) ;
#1837 = AXIS2_PLACEMENT_3D ( 'NONE', #1836, #1835, #1834 ) ;
#1838 = CIRCLE ( 'NONE', #1837, 0.5000000000000000000 ) ;
#1839 = CARTESIAN_POINT ( 'NONE',  ( -5.649999999999999500, -1.517883041479706200E-015, -0.1324081207560128000 ) ) ;
#1840 = DIRECTION ( 'NONE',  ( 0.0000000000000000000, 0.7071067811865484600, 0.7071067811865465700 ) ) ;
#1841 = DIRECTION ( 'NONE',  ( 0.0000000000000000000, 0.7071067811865465700, -0.7071067811865484600 ) ) ;
#1842 = CARTESIAN_POINT ( 'NONE',  ( 0.6000000000000002000, -0.09999999999999961700, -0.3000000000000054300 ) ) ;
#1843 = AXIS2_PLACEMENT_3D ( 'NONE', #1842, #1841, #1840 ) ;
#1844 = LINE ( 'NONE', #1849, #1848 ) ;
#1845 = CARTESIAN_POINT ( 'NONE',  ( 6.200000000000001100, 0.1223678327745474200, -5.421010862427522200E-015 ) ) ;
#1846 = PLANE ( 'NONE',  #1843 ) ;
#1847 = LINE ( 'NONE', #1850, #1829 ) ;
#1848 = VECTOR ( 'NONE', #1833, 1000.000000000000100 ) ;
#1849 = CARTESIAN_POINT ( 'NONE',  ( 0.08333333333333276000, -0.6166666666666672500, -0.8166666666666715400 ) ) ;
#1850 = CARTESIAN_POINT ( 'NONE',  ( 5.018779368588957000, 0.8353841632627002600, 5.067502060018115100 ) ) ;
#1851 = CARTESIAN_POINT ( 'NONE',  ( 6.177459490400103400, -0.02264990188738749000, -0.1484332679249349100 ) ) ;
#1852 = CARTESIAN_POINT ( 'NONE',  ( 6.189468435848321600, 0.03529315616696719600, -0.1098045625557538400 ) ) ;
#1853 = CARTESIAN_POINT ( 'NONE',  ( 6.200000000000001100, 0.08446757189664214100, -0.05982188657525020600 ) ) ;
#1854 = CARTESIAN_POINT ( 'NONE',  ( 4.050000000000000700, -1.699999999999999300, 11.49999999999999300 ) ) ;
#1855 = AXIS2_PLACEMENT_3D ( 'NONE', #1893, #1879, #1878 ) ;
#1856 = FACE_OUTER_BOUND ( 'NONE', #8326, .T. ) ;
#1857 = CARTESIAN_POINT ( 'NONE',  ( 0.6000000000000002000, -0.09999999999999961700, -0.3000000000000054300 ) ) ;
#1858 = CARTESIAN_POINT ( 'NONE',  ( 4.849999999999997900, 0.2000000000000003200, 0.2675918792439885300 ) ) ;
#1859 = CARTESIAN_POINT ( 'NONE',  ( 4.849999999999997900, 0.2000000000000003200, 0.2675918792439885300 ) ) ;
#1860 = CARTESIAN_POINT ( 'NONE',  ( -1.149999999999998800, -0.3000000000000001600, -0.5000000000000054400 ) ) ;
#1861 = CYLINDRICAL_SURFACE ( 'NONE', #1855, 0.5000000000000000000 ) ;
#1862 = CARTESIAN_POINT ( 'NONE',  ( 4.849999999999997900, 0.2000000000000003200, 1.149999999999994600 ) ) ;
#1863 = DIRECTION ( 'NONE',  ( -0.7071067811865452400, -0.7071067811865497900, 0.0000000000000000000 ) ) ;
#1864 = CARTESIAN_POINT ( 'NONE',  ( 4.649999999999997700, -2.168404344971008900E-016, -0.1324081207560119400 ) ) ;
#1865 = LINE ( 'NONE', #1867, #1866 ) ;
#1866 = VECTOR ( 'NONE', #1882, 1000.000000000000000 ) ;
#1867 = CARTESIAN_POINT ( 'NONE',  ( 0.6000000000000002000, -0.3000000000000001600, -0.5000000000000054400 ) ) ;
#1868 = CARTESIAN_POINT ( 'NONE',  ( 6.200000000000001100, 0.05000000000000078000, 2.959999999999994600 ) ) ;
#1869 = CARTESIAN_POINT ( 'NONE',  ( 6.200000000000001100, 0.2000000000000003200, 2.809999999999995600 ) ) ;
#1870 = CARTESIAN_POINT ( 'NONE',  ( 6.049999999999999800, 0.2000000000000003200, 2.809999999999993800 ) ) ;
#1871 = LINE ( 'NONE', #1870, #1895 ) ;
#1872 = DIRECTION ( 'NONE',  ( -1.000000000000000000, -0.0000000000000000000, -0.0000000000000000000 ) ) ;
#1873 = CIRCLE ( 'NONE', #1892, 0.5000000000000000000 ) ;
#1874 =( BOUNDED_CURVE ( )  B_SPLINE_CURVE ( 3, ( #1864, #1889, #1890, #1859 ),
 .UNSPECIFIED., .F., .T. ) 
 B_SPLINE_CURVE_WITH_KNOTS ( ( 4, 4 ),
 ( 2.214297435588179000, 3.141592653589793100 ),
 .UNSPECIFIED. ) 
 CURVE ( )  GEOMETRIC_REPRESENTATION_ITEM ( )  RATIONAL_B_SPLINE_CURVE ( ( 1.000000000000000000, 0.9296181273332768700, 0.9296181273332768700, 1.000000000000000000 ) ) 
 REPRESENTATION_ITEM ( '' )  );
#1875 = VECTOR ( 'NONE', #1863, 1000.000000000000000 ) ;
#1876 = CARTESIAN_POINT ( 'NONE',  ( 4.849999999999997900, 0.2000000000000003200, 1.149999999999994600 ) ) ;
#1877 = LINE ( 'NONE', #1876, #1875 ) ;
#1878 = DIRECTION ( 'NONE',  ( 0.0000000000000000000, 0.0000000000000000000, 1.000000000000000000 ) ) ;
#1879 = DIRECTION ( 'NONE',  ( -1.000000000000000000, 0.0000000000000000000, 0.0000000000000000000 ) ) ;
#1880 = CARTESIAN_POINT ( 'NONE',  ( 6.200000000000001100, 0.1223678327745474200, -5.421010862427522200E-015 ) ) ;
#1881 = CARTESIAN_POINT ( 'NONE',  ( 4.649999999999997700, -0.8999999999999991300, 1.149999999999994600 ) ) ;
#1882 = DIRECTION ( 'NONE',  ( 1.000000000000000000, 0.0000000000000000000, 0.0000000000000000000 ) ) ;
#1883 = DIRECTION ( 'NONE',  ( 0.0000000000000000000, 1.149254302834634700E-014, -1.000000000000000000 ) ) ;
#1884 = CARTESIAN_POINT ( 'NONE',  ( 6.200000000000001100, 0.2000000000000003200, 0.2675918792439885800 ) ) ;
#1885 = DIRECTION ( 'NONE',  ( -1.000000000000000000, 0.0000000000000000000, -0.0000000000000000000 ) ) ;
#1886 = VECTOR ( 'NONE', #1885, 1000.000000000000000 ) ;
#1887 = CARTESIAN_POINT ( 'NONE',  ( 4.649999999999997700, 0.2000000000000003200, 0.2675918792439885300 ) ) ;
#1888 = LINE ( 'NONE', #1887, #1886 ) ;
#1889 = CARTESIAN_POINT ( 'NONE',  ( 4.778285965272740300, 0.1282859652727426100, -0.03619364680145518300 ) ) ;
#1890 = CARTESIAN_POINT ( 'NONE',  ( 4.849999999999997900, 0.2000000000000002900, 0.1072344226530599200 ) ) ;
#1891 = CARTESIAN_POINT ( 'NONE',  ( 4.649999999999997700, -0.7013878188659953300, -5.421010862427522200E-015 ) ) ;
#1892 = AXIS2_PLACEMENT_3D ( 'NONE', #1891, #1872, #1883 ) ;
#1893 = CARTESIAN_POINT ( 'NONE',  ( 3.748612181133993600, -0.2999999999999997100, 0.2675918792439885300 ) ) ;
#1894 = DIRECTION ( 'NONE',  ( 1.000000000000000000, 0.0000000000000000000, -2.797941090285170100E-016 ) ) ;
#1895 = VECTOR ( 'NONE', #1894, 1000.000000000000000 ) ;
#1896 = CARTESIAN_POINT ( 'NONE',  ( 0.3999999999999998000, -0.3000000000000001600, -0.5000000000000054400 ) ) ;
#1897 = CARTESIAN_POINT ( 'NONE',  ( -5.649999999999999500, -1.517883041479706200E-015, 1.149999999999995500 ) ) ;
#1898 = CARTESIAN_POINT ( 'NONE',  ( -6.450000000000001100, -0.7013878188659954400, -0.5000000000000054400 ) ) ;
#1899 = VECTOR ( 'NONE', #1925, 1000.000000000000000 ) ;
#1900 =( BOUNDED_CURVE ( )  B_SPLINE_CURVE ( 3, ( #1972, #1932, #1929, #1928 ),
 .UNSPECIFIED., .F., .T. ) 
 B_SPLINE_CURVE_WITH_KNOTS ( ( 4, 4 ),
 ( 4.124386376837127200, 4.712388980384689700 ),
 .UNSPECIFIED. ) 
 CURVE ( )  GEOMETRIC_REPRESENTATION_ITEM ( )  RATIONAL_B_SPLINE_CURVE ( ( 1.000000000000000000, 0.9713946843260356000, 0.9713946843260356000, 1.000000000000000000 ) ) 
 REPRESENTATION_ITEM ( '' )  );
#1901 = CARTESIAN_POINT ( 'NONE',  ( 4.649999999999997700, 3.630174922653363300, -5.457749053042193300E-015 ) ) ;
#1902 = AXIS2_PLACEMENT_3D ( 'NONE', #1901, #1977, #1976 ) ;
#1903 = DIRECTION ( 'NONE',  ( 0.0000000000000000000, 0.0000000000000000000, -1.000000000000000000 ) ) ;
#1904 =( BOUNDED_CURVE ( )  B_SPLINE_CURVE ( 3, ( #1909, #1908, #1973, #1930 ),
 .UNSPECIFIED., .F., .T. ) 
 B_SPLINE_CURVE_WITH_KNOTS ( ( 4, 4 ),
 ( 5.013798560398247300, 5.695182703632022800 ),
 .UNSPECIFIED. ) 
 CURVE ( )  GEOMETRIC_REPRESENTATION_ITEM ( )  RATIONAL_B_SPLINE_CURVE ( ( 1.000000000000000000, 0.9616824285489002900, 0.9616824285489002900, 1.000000000000000000 ) ) 
 REPRESENTATION_ITEM ( '' )  );
#1905 = DIRECTION ( 'NONE',  ( 1.000000000000000000, 0.0000000000000000000, 0.0000000000000000000 ) ) ;
#1906 = AXIS2_PLACEMENT_3D ( 'NONE', #1912, #1905, #1903 ) ;
#1907 = CIRCLE ( 'NONE', #1906, 0.2499999999999997800 ) ;
#1908 = CARTESIAN_POINT ( 'NONE',  ( 6.143077098732950600, -0.1885446446930078300, -0.2590297631286796500 ) ) ;
#1909 = CARTESIAN_POINT ( 'NONE',  ( 6.177459490400103400, -0.02264990188738749000, -0.1484332679249349100 ) ) ;
#1910 = LINE ( 'NONE', #1981, #1980 ) ;
#1911 = DIRECTION ( 'NONE',  ( -0.7071067811865452400, -0.7071067811865497900, 0.0000000000000000000 ) ) ;
#1912 = CARTESIAN_POINT ( 'NONE',  ( 6.200000000000001100, -0.04999999999999969700, 2.809999999999995600 ) ) ;
#1913 = FACE_OUTER_BOUND ( 'NONE', #8253, .T. ) ;
#1914 = AXIS2_PLACEMENT_3D ( 'NONE', #1918, #1944, #1911 ) ;
#1915 = CARTESIAN_POINT ( 'NONE',  ( 2.541466207270222600E-016, -0.2999999999999997100, 0.2675918792439885300 ) ) ;
#1916 = AXIS2_PLACEMENT_3D ( 'NONE', #1915, #1974, #1953 ) ;
#1917 = LINE ( 'NONE', #1941, #1940 ) ;
#1918 = CARTESIAN_POINT ( 'NONE',  ( 4.849999999999997900, 0.2000000000000003200, -5.421010862427522200E-015 ) ) ;
#1919 = PLANE ( 'NONE',  #1914 ) ;
#1920 = CARTESIAN_POINT ( 'NONE',  ( 6.177459490400103400, -0.02264990188738749000, -0.1484332679249349100 ) ) ;
#1921 = VECTOR ( 'NONE', #1948, 1000.000000000000000 ) ;
#1922 = CARTESIAN_POINT ( 'NONE',  ( 0.6000000000000002000, -21.27065238466855800, -0.1000000000000054200 ) ) ;
#1923 = CARTESIAN_POINT ( 'NONE',  ( 5.700000000000000200, -0.7013878188659953300, -0.5000000000000054400 ) ) ;
#1924 = CIRCLE ( 'NONE', #1936, 0.5000000000000000000 ) ;
#1925 = DIRECTION ( 'NONE',  ( 1.000000000000000000, -0.0000000000000000000, -0.0000000000000000000 ) ) ;
#1926 = CARTESIAN_POINT ( 'NONE',  ( -5.650000000000000400, -0.7013878188659954400, -0.5000000000000054400 ) ) ;
#1927 = LINE ( 'NONE', #1926, #1899 ) ;
#1928 = CARTESIAN_POINT ( 'NONE',  ( 5.700000000000000200, -0.7013878188659953300, -0.5000000000000054400 ) ) ;
#1929 = CARTESIAN_POINT ( 'NONE',  ( 5.799439206110639200, -0.6019486127553559400, -0.5000000000000053300 ) ) ;
#1930 = CARTESIAN_POINT ( 'NONE',  ( 5.977350098112612600, -0.4240377207533829200, -0.4160251471689287400 ) ) ;
#1931 = CYLINDRICAL_SURFACE ( 'NONE', #1916, 0.5000000000000000000 ) ;
#1932 = CARTESIAN_POINT ( 'NONE',  ( 5.894611677399534100, -0.5067761414664616600, -0.4711840943109806300 ) ) ;
#1933 = DIRECTION ( 'NONE',  ( 0.0000000000000000000, -5.594483210025202900E-014, -1.000000000000000000 ) ) ;
#1934 = DIRECTION ( 'NONE',  ( -1.000000000000000000, -0.0000000000000000000, -0.0000000000000000000 ) ) ;
#1935 = CARTESIAN_POINT ( 'NONE',  ( 4.649999999999997700, -0.2999999999999997100, 0.2675918792439885300 ) ) ;
#1936 = AXIS2_PLACEMENT_3D ( 'NONE', #1935, #1934, #1933 ) ;
#1937 = CARTESIAN_POINT ( 'NONE',  ( -6.727350098112613500, -0.4240377207533833600, -0.4160251471689288500 ) ) ;
#1938 = CARTESIAN_POINT ( 'NONE',  ( -6.644611677399535000, -0.5067761414664618800, -0.4711840943109807400 ) ) ;
#1939 = DIRECTION ( 'NONE',  ( -0.0000000000000000000, -1.000000000000000000, -0.0000000000000000000 ) ) ;
#1940 = VECTOR ( 'NONE', #1939, 1000.000000000000000 ) ;
#1941 = CARTESIAN_POINT ( 'NONE',  ( 4.649999999999997700, 0.2000000000000011800, -0.4500000000000033400 ) ) ;
#1942 = CARTESIAN_POINT ( 'NONE',  ( -6.549439206110639200, -0.6019486127553561600, -0.5000000000000053300 ) ) ;
#1943 = CARTESIAN_POINT ( 'NONE',  ( -6.450000000000001100, -0.7013878188659954400, -0.5000000000000054400 ) ) ;
#1944 = DIRECTION ( 'NONE',  ( -0.7071067811865497900, 0.7071067811865452400, 0.0000000000000000000 ) ) ;
#1945 = FACE_OUTER_BOUND ( 'NONE', #8321, .T. ) ;
#1946 = CARTESIAN_POINT ( 'NONE',  ( -5.849999999999999600, 0.2000000000000003200, 1.149999999999995500 ) ) ;
#1947 = CARTESIAN_POINT ( 'NONE',  ( -1.349999999999999600, -0.09999999999999961700, -0.3000000000000054300 ) ) ;
#1948 = DIRECTION ( 'NONE',  ( 0.0000000000000000000, 1.000000000000000000, 0.0000000000000000000 ) ) ;
#1949 = PLANE ( 'NONE',  #1951 ) ;
#1950 = CARTESIAN_POINT ( 'NONE',  ( -6.950000000000000200, 0.1223678327745474200, -5.421010862427522200E-015 ) ) ;
#1951 = AXIS2_PLACEMENT_3D ( 'NONE', #1962, #1961, #1960 ) ;
#1952 = FACE_OUTER_BOUND ( 'NONE', #8396, .T. ) ;
#1953 = DIRECTION ( 'NONE',  ( 0.0000000000000000000, 0.0000000000000000000, -1.000000000000000000 ) ) ;
#1954 = FACE_OUTER_BOUND ( 'NONE', #8362, .T. ) ;
#1955 =( BOUNDED_CURVE ( )  B_SPLINE_CURVE ( 3, ( #1943, #1942, #1938, #1937 ),
 .UNSPECIFIED., .F., .T. ) 
 B_SPLINE_CURVE_WITH_KNOTS ( ( 4, 4 ),
 ( 1.570796326794896300, 2.158798930342458600 ),
 .UNSPECIFIED. ) 
 CURVE ( )  GEOMETRIC_REPRESENTATION_ITEM ( )  RATIONAL_B_SPLINE_CURVE ( ( 1.000000000000000000, 0.9713946843260356000, 0.9713946843260356000, 1.000000000000000000 ) ) 
 REPRESENTATION_ITEM ( '' )  );
#1956 = CARTESIAN_POINT ( 'NONE',  ( -6.950000000000000200, -0.2999999999999997100, 0.2675918792439885300 ) ) ;
#1957 = AXIS2_PLACEMENT_3D ( 'NONE', #1956, #1968, #1967 ) ;
#1958 = CIRCLE ( 'NONE', #1957, 0.5000000000000000000 ) ;
#1959 = LINE ( 'NONE', #1966, #1965 ) ;
#1960 = DIRECTION ( 'NONE',  ( -1.000000000000000000, 0.0000000000000000000, -0.0000000000000000000 ) ) ;
#1961 = DIRECTION ( 'NONE',  ( 0.0000000000000000000, 0.0000000000000000000, -1.000000000000000000 ) ) ;
#1962 = CARTESIAN_POINT ( 'NONE',  ( -1.349999999999999600, -21.27065238466855800, -0.1000000000000054200 ) ) ;
#1963 = CARTESIAN_POINT ( 'NONE',  ( -5.649999999999999500, -1.517883041479706200E-015, -0.1324081207560128000 ) ) ;
#1964 = DIRECTION ( 'NONE',  ( 0.0000000000000000000, 0.0000000000000000000, 1.000000000000000000 ) ) ;
#1965 = VECTOR ( 'NONE', #1964, 1000.000000000000000 ) ;
#1966 = CARTESIAN_POINT ( 'NONE',  ( -5.649999999999999500, -1.517883041479706200E-015, -5.421010862427522200E-015 ) ) ;
#1967 = DIRECTION ( 'NONE',  ( 0.0000000000000000000, 6.179952383167375300E-015, -1.000000000000000000 ) ) ;
#1968 = DIRECTION ( 'NONE',  ( -1.000000000000000000, 0.0000000000000000000, -0.0000000000000000000 ) ) ;
#1969 = CIRCLE ( 'NONE', #2097, 0.1999999999999996500 ) ;
#1970 =( BOUNDED_CURVE ( )  B_SPLINE_CURVE ( 3, ( #1698, #1782, #1777, #1839 ),
 .UNSPECIFIED., .F., .T. ) 
 B_SPLINE_CURVE_WITH_KNOTS ( ( 4, 4 ),
 ( 3.141592653589793100, 4.068887871591409000 ),
 .UNSPECIFIED. ) 
 CURVE ( )  GEOMETRIC_REPRESENTATION_ITEM ( )  RATIONAL_B_SPLINE_CURVE ( ( 1.000000000000000000, 0.9296181273332766400, 0.9296181273332766400, 1.000000000000000000 ) ) 
 REPRESENTATION_ITEM ( '' )  );
#1971 = LINE ( 'NONE', #1922, #1921 ) ;
#1972 = CARTESIAN_POINT ( 'NONE',  ( 5.977350098112612600, -0.4240377207533829200, -0.4160251471689287400 ) ) ;
#1973 = CARTESIAN_POINT ( 'NONE',  ( 6.073716227844267100, -0.3276715910217304400, -0.3517810606811602700 ) ) ;
#1974 = DIRECTION ( 'NONE',  ( 1.000000000000000000, 0.0000000000000000000, -0.0000000000000000000 ) ) ;
#1975 = CARTESIAN_POINT ( 'NONE',  ( 4.649999999999997700, -2.168404344971008900E-016, -0.1324081207560119400 ) ) ;
#1976 = DIRECTION ( 'NONE',  ( 0.0000000000000000000, 0.0000000000000000000, -1.000000000000000000 ) ) ;
#1977 = DIRECTION ( 'NONE',  ( 1.000000000000000000, 0.0000000000000000000, 0.0000000000000000000 ) ) ;
#1978 = PLANE ( 'NONE',  #1902 ) ;
#1979 = DIRECTION ( 'NONE',  ( 0.0000000000000000000, -0.7071067811865460200, -0.7071067811865489100 ) ) ;
#1980 = VECTOR ( 'NONE', #1979, 1000.000000000000100 ) ;
#1981 = CARTESIAN_POINT ( 'NONE',  ( 6.200000000000001100, 0.1000000000000000500, 3.009999999999995300 ) ) ;
#1982 = CARTESIAN_POINT ( 'NONE',  ( -5.850000000000000500, 0.2000000000000003200, -5.421010862427522200E-015 ) ) ;
#1983 = FACE_OUTER_BOUND ( 'NONE', #8380, .T. ) ;
#1984 = CARTESIAN_POINT ( 'NONE',  ( 0.6000000000000002000, 0.2000000000000003200, -0.1000000000000054200 ) ) ;
#1985 = B_SPLINE_CURVE_WITH_KNOTS ( 'NONE', 3,
 ( #2079, #2005, #2004, #2003 ),
 .UNSPECIFIED., .F., .F.,
 ( 4, 4 ),
 ( 0.0000000000000000000, 0.0002091336142122569700 ),
 .UNSPECIFIED. ) ;
#1986 = DIRECTION ( 'NONE',  ( 0.7071067811865452400, -0.7071067811865499000, 0.0000000000000000000 ) ) ;
#1987 = DIRECTION ( 'NONE',  ( -0.7071067811865499000, -0.7071067811865452400, 0.0000000000000000000 ) ) ;
#1988 = CARTESIAN_POINT ( 'NONE',  ( -5.849999999999999600, 0.2000000000000003200, 0.2675918792439885300 ) ) ;
#1989 = PLANE ( 'NONE',  #2059 ) ;
#1990 = DIRECTION ( 'NONE',  ( 2.775557561562891000E-015, 1.000000000000000000, 7.228014483236655100E-016 ) ) ;
#1991 = CARTESIAN_POINT ( 'NONE',  ( -4.449999999999993100, -1.699999999999989100, 0.1499999999999938900 ) ) ;
#1992 = AXIS2_PLACEMENT_3D ( 'NONE', #1991, #1990, #2069 ) ;
#1993 = PLANE ( 'NONE',  #1992 ) ;
#1994 = VECTOR ( 'NONE', #2063, 1000.000000000000000 ) ;
#1995 = CARTESIAN_POINT ( 'NONE',  ( -5.450000000000000200, -1.449999999999999700, 0.7499999999999945600 ) ) ;
#1996 = LINE ( 'NONE', #1995, #1994 ) ;
#1997 = DIRECTION ( 'NONE',  ( -0.7071067811865452400, 0.7071067811865499000, 2.555489027805617200E-016 ) ) ;
#1998 = VECTOR ( 'NONE', #1997, 1000.000000000000100 ) ;
#1999 = CARTESIAN_POINT ( 'NONE',  ( -5.850000000000000500, 0.2000000000000000900, 1.149999999999995500 ) ) ;
#2000 = LINE ( 'NONE', #1999, #1998 ) ;
#2001 = FACE_OUTER_BOUND ( 'NONE', #8428, .T. ) ;
#2002 = DIRECTION ( 'NONE',  ( 0.0000000000000000000, 0.0000000000000000000, -1.000000000000000000 ) ) ;
#2003 = CARTESIAN_POINT ( 'NONE',  ( -6.950000000000000200, 0.1223678327745474200, -5.421010862427522200E-015 ) ) ;
#2004 = CARTESIAN_POINT ( 'NONE',  ( -6.950000000000085400, 0.08452304069362671900, -0.05973433445817741300 ) ) ;
#2005 = CARTESIAN_POINT ( 'NONE',  ( -6.939457253925573900, 0.03523920348866389100, -0.1098405310075677400 ) ) ;
#2006 = DIRECTION ( 'NONE',  ( 0.0000000000000000000, 0.0000000000000000000, -1.000000000000000000 ) ) ;
#2007 = CARTESIAN_POINT ( 'NONE',  ( -5.850000000000000500, 0.2000000000000003200, -5.421010862427522200E-015 ) ) ;
#2008 = LINE ( 'NONE', #2007, #2076 ) ;
#2009 = AXIS2_PLACEMENT_3D ( 'NONE', #1982, #1987, #1986 ) ;
#2010 = CARTESIAN_POINT ( 'NONE',  ( 0.6000000000000003100, -0.09999999999999961700, -0.1000000000000054200 ) ) ;
#2011 = DIRECTION ( 'NONE',  ( 1.000000000000000000, -0.0000000000000000000, -0.0000000000000000000 ) ) ;
#2012 = VECTOR ( 'NONE', #2011, 1000.000000000000000 ) ;
#2013 = DIRECTION ( 'NONE',  ( 0.0000000000000000000, -1.084202172485503800E-015, 1.000000000000000000 ) ) ;
#2014 = DIRECTION ( 'NONE',  ( -0.0000000000000000000, 1.000000000000000000, 8.195798055179090100E-016 ) ) ;
#2015 = AXIS2_PLACEMENT_3D ( 'NONE', #2068, #2014, #2013 ) ;
#2016 = CIRCLE ( 'NONE', #2015, 0.2000000000000000900 ) ;
#2017 = DIRECTION ( 'NONE',  ( 0.0000000000000000000, 0.0000000000000000000, 1.000000000000000000 ) ) ;
#2018 = CARTESIAN_POINT ( 'NONE',  ( -5.649999999999999500, -1.649999999999999700, -5.421010862427522200E-015 ) ) ;
#2019 = CARTESIAN_POINT ( 'NONE',  ( -4.760000000000000700, -1.379999999999998600, 0.7499999999999945600 ) ) ;
#2020 = DIRECTION ( 'NONE',  ( -1.000000000000000000, 0.0000000000000000000, 0.0000000000000000000 ) ) ;
#2021 = DIRECTION ( 'NONE',  ( 0.0000000000000000000, 0.0000000000000000000, -1.000000000000000000 ) ) ;
#2022 = CARTESIAN_POINT ( 'NONE',  ( 6.249999999999991100, -0.6522875655532295300, 6.580000000000000100 ) ) ;
#2023 = AXIS2_PLACEMENT_3D ( 'NONE', #2022, #2021, #2020 ) ;
#2024 = CIRCLE ( 'NONE', #2023, 0.1999999999999996500 ) ;
#2025 = FACE_OUTER_BOUND ( 'NONE', #8567, .T. ) ;
#2026 = DIRECTION ( 'NONE',  ( 7.228014483236669900E-016, -7.228014483236675800E-016, 1.000000000000000000 ) ) ;
#2027 = VECTOR ( 'NONE', #2026, 1000.000000000000000 ) ;
#2028 = CARTESIAN_POINT ( 'NONE',  ( -4.449999999999992200, -1.549999999999989200, 0.1499999999999947500 ) ) ;
#2029 = LINE ( 'NONE', #2028, #2027 ) ;
#2030 = DIRECTION ( 'NONE',  ( -1.445602896647339700E-015, 0.0000000000000000000, -1.000000000000000000 ) ) ;
#2031 = CARTESIAN_POINT ( 'NONE',  ( -4.449999999999992200, -1.299999999999990300, 0.1499999999999956400 ) ) ;
#2032 = AXIS2_PLACEMENT_3D ( 'NONE', #2031, #2030, #2051 ) ;
#2033 = CIRCLE ( 'NONE', #2032, 0.4000000000000001900 ) ;
#2034 = FACE_OUTER_BOUND ( 'NONE', #7300, .T. ) ;
#2035 = DIRECTION ( 'NONE',  ( -1.000000000000000000, 2.442490654175344000E-015, 7.228014483236685700E-016 ) ) ;
#2036 = DIRECTION ( 'NONE',  ( -7.228014483236668000E-016, 7.228014483236674900E-016, -1.000000000000000000 ) ) ;
#2037 = AXIS2_PLACEMENT_3D ( 'NONE', #2038, #2036, #2035 ) ;
#2038 = CARTESIAN_POINT ( 'NONE',  ( -4.449999999999988600, 0.4500000000000092300, 0.1499999999999956400 ) ) ;
#2039 = PLANE ( 'NONE',  #2037 ) ;
#2040 = FACE_OUTER_BOUND ( 'NONE', #8496, .T. ) ;
#2041 = DIRECTION ( 'NONE',  ( -1.000000000000000000, 2.720046410331632700E-015, 7.228014483236687700E-016 ) ) ;
#2042 = VECTOR ( 'NONE', #2041, 1000.000000000000000 ) ;
#2043 = CARTESIAN_POINT ( 'NONE',  ( -4.449999999999993100, -1.699999999999989100, 0.1499999999999938900 ) ) ;
#2044 = LINE ( 'NONE', #2043, #2042 ) ;
#2045 = DIRECTION ( 'NONE',  ( 1.000000000000000000, 0.0000000000000000000, 0.0000000000000000000 ) ) ;
#2046 = DIRECTION ( 'NONE',  ( 4.982546748554703600E-017, 0.0000000000000000000, 1.000000000000000000 ) ) ;
#2047 = AXIS2_PLACEMENT_3D ( 'NONE', #2050, #2046, #2045 ) ;
#2048 = CYLINDRICAL_SURFACE ( 'NONE', #2047, 0.1999999999999996500 ) ;
#2049 = CARTESIAN_POINT ( 'NONE',  ( 6.399999999999990600, -0.5199999999999998000, 6.580000000000000100 ) ) ;
#2050 = CARTESIAN_POINT ( 'NONE',  ( 6.249999999999991100, -0.6522875655532254200, 3.479999999999999500 ) ) ;
#2051 = DIRECTION ( 'NONE',  ( -1.000000000000000000, 0.0000000000000000000, 1.423015351387224000E-015 ) ) ;
#2052 = VECTOR ( 'NONE', #2055, 1000.000000000000000 ) ;
#2053 = CARTESIAN_POINT ( 'NONE',  ( 0.6000000000000002000, -0.09999999999999961700, -0.5000000000000054400 ) ) ;
#2054 = LINE ( 'NONE', #2053, #2052 ) ;
#2055 = DIRECTION ( 'NONE',  ( 0.0000000000000000000, 0.0000000000000000000, 1.000000000000000000 ) ) ;
#2056 = VECTOR ( 'NONE', #2061, 1000.000000000000000 ) ;
#2057 = CARTESIAN_POINT ( 'NONE',  ( -5.649999999999999500, -1.649999999999999700, 1.149999999999995500 ) ) ;
#2058 = LINE ( 'NONE', #2057, #2056 ) ;
#2059 = AXIS2_PLACEMENT_3D ( 'NONE', #2018, #2075, #2002 ) ;
#2060 = CARTESIAN_POINT ( 'NONE',  ( -5.649999999999999500, -0.8999999999999994700, 1.149999999999995500 ) ) ;
#2061 = DIRECTION ( 'NONE',  ( 0.0000000000000000000, 1.000000000000000000, 0.0000000000000000000 ) ) ;
#2062 = CARTESIAN_POINT ( 'NONE',  ( -5.000000000000000000, -1.450000000000000600, 0.7499999999999920100 ) ) ;
#2063 = DIRECTION ( 'NONE',  ( -1.000000000000000000, -0.0000000000000000000, 0.0000000000000000000 ) ) ;
#2064 = DIRECTION ( 'NONE',  ( 0.0000000000000000000, 1.000000000000000000, 0.0000000000000000000 ) ) ;
#2065 = CARTESIAN_POINT ( 'NONE',  ( 6.249999999999991100, -0.7199999999999999700, 6.647712434446770400 ) ) ;
#2066 = AXIS2_PLACEMENT_3D ( 'NONE', #2065, #2064, #2017 ) ;
#2067 = CIRCLE ( 'NONE', #2066, 0.1999999999999996500 ) ;
#2068 = CARTESIAN_POINT ( 'NONE',  ( 6.249999999999991100, -0.7199999999999999700, 3.612287565553225400 ) ) ;
#2069 = DIRECTION ( 'NONE',  ( 1.000000000000000000, -2.775557561562890600E-015, -7.228014483236688700E-016 ) ) ;
#2070 = DIRECTION ( 'NONE',  ( -1.000000000000000000, -0.0000000000000000000, -0.0000000000000000000 ) ) ;
#2071 = VECTOR ( 'NONE', #2070, 1000.000000000000000 ) ;
#2072 = CARTESIAN_POINT ( 'NONE',  ( -1.349999999999999600, 0.2000000000000003200, -0.1000000000000054200 ) ) ;
#2073 = LINE ( 'NONE', #2072, #2071 ) ;
#2074 = PLANE ( 'NONE',  #2009 ) ;
#2075 = DIRECTION ( 'NONE',  ( 1.000000000000000000, 0.0000000000000000000, 0.0000000000000000000 ) ) ;
#2076 = VECTOR ( 'NONE', #2006, 1000.000000000000000 ) ;
#2077 = CARTESIAN_POINT ( 'NONE',  ( 0.6000000000000002000, -0.09999999999999961700, -0.1000000000000054200 ) ) ;
#2078 = LINE ( 'NONE', #2077, #2012 ) ;
#2079 = CARTESIAN_POINT ( 'NONE',  ( -6.927459490400103400, -0.02264990188738749000, -0.1484332679249348600 ) ) ;
#2080 = CARTESIAN_POINT ( 'NONE',  ( -6.999999999999995600, -0.7199999999999999700, 6.580000000000000100 ) ) ;
#2081 = AXIS2_PLACEMENT_3D ( 'NONE', #2080, #2083, #2082 ) ;
#2082 = DIRECTION ( 'NONE',  ( 0.0000000000000000000, 0.0000000000000000000, 1.000000000000000000 ) ) ;
#2083 = DIRECTION ( 'NONE',  ( -1.000000000000000000, 0.0000000000000000000, -0.0000000000000000000 ) ) ;
#2084 = AXIS2_PLACEMENT_3D ( 'NONE', #2152, #2141, #2162 ) ;
#2085 = PLANE ( 'NONE',  #2119 ) ;
#2086 = CIRCLE ( 'NONE', #2084, 0.1999999999999996500 ) ;
#2087 = CIRCLE ( 'NONE', #2169, 0.2000000000000000900 ) ;
#2088 = CARTESIAN_POINT ( 'NONE',  ( -7.150000000000001200, -0.7199999999999999700, 3.679999999999999700 ) ) ;
#2089 = AXIS2_PLACEMENT_3D ( 'NONE', #2144, #2143, #2142 ) ;
#2090 = DIRECTION ( 'NONE',  ( 0.0000000000000000000, 0.0000000000000000000, -1.000000000000000000 ) ) ;
#2091 = DIRECTION ( 'NONE',  ( -1.000000000000000000, -0.0000000000000000000, 4.982546748554703600E-017 ) ) ;
#2092 = CARTESIAN_POINT ( 'NONE',  ( 6.399999999999994100, -0.7199999999999998600, 3.679999999999999700 ) ) ;
#2093 = DIRECTION ( 'NONE',  ( 0.0000000000000000000, 0.0000000000000000000, -1.000000000000000000 ) ) ;
#2094 = CARTESIAN_POINT ( 'NONE',  ( -0.7402166325562202800, -1.299999999999999800, 0.1499999999999956400 ) ) ;
#2095 = LINE ( 'NONE', #2094, #2114 ) ;
#2096 = DIRECTION ( 'NONE',  ( -1.000000000000000000, 2.442490654175344000E-015, 7.228014483236685700E-016 ) ) ;
#2097 = AXIS2_PLACEMENT_3D ( 'NONE', #2160, #2163, #2111 ) ;
#2098 = CARTESIAN_POINT ( 'NONE',  ( -4.599999999999999600, -1.499999999999998900, 0.7499999999999945600 ) ) ;
#2099 = CARTESIAN_POINT ( 'NONE',  ( -5.009797235679543300, 1.692232203322718000, 3.059999999999996100 ) ) ;
#2100 = LINE ( 'NONE', #2099, #2176 ) ;
#2101 = DIRECTION ( 'NONE',  ( -1.000000000000000000, 0.0000000000000000000, 0.0000000000000000000 ) ) ;
#2102 = DIRECTION ( 'NONE',  ( 0.0000000000000000000, 0.0000000000000000000, -1.000000000000000000 ) ) ;
#2103 = CARTESIAN_POINT ( 'NONE',  ( -6.999999999999995600, -0.6522875655532245400, 3.679999999999999700 ) ) ;
#2104 = AXIS2_PLACEMENT_3D ( 'NONE', #2103, #2102, #2101 ) ;
#2105 = CIRCLE ( 'NONE', #2104, 0.1999999999999996500 ) ;
#2106 = DIRECTION ( 'NONE',  ( -0.0000000000000000000, -0.0000000000000000000, 1.000000000000000000 ) ) ;
#2107 = VECTOR ( 'NONE', #2106, 1000.000000000000000 ) ;
#2108 = CARTESIAN_POINT ( 'NONE',  ( 6.399999999999990600, -0.5199999999999998000, 6.779999999999999400 ) ) ;
#2109 = LINE ( 'NONE', #2108, #2107 ) ;
#2110 = CARTESIAN_POINT ( 'NONE',  ( -7.149999999999999500, -0.7199999999999999700, 3.479999999999999500 ) ) ;
#2111 = DIRECTION ( 'NONE',  ( -1.000000000000000000, 0.0000000000000000000, 0.0000000000000000000 ) ) ;
#2112 = TOROIDAL_SURFACE ( 'NONE', #2089, 0.06771243444677631200, 0.2000000000000000100 ) ;
#2113 = DIRECTION ( 'NONE',  ( 1.000000000000000000, 0.0000000000000000000, 0.0000000000000000000 ) ) ;
#2114 = VECTOR ( 'NONE', #2113, 1000.000000000000000 ) ;
#2115 = DIRECTION ( 'NONE',  ( 0.0000000000000000000, 0.0000000000000000000, -1.000000000000000000 ) ) ;
#2116 = DIRECTION ( 'NONE',  ( -1.000000000000000000, -0.0000000000000000000, 4.982546748554703600E-017 ) ) ;
#2117 = DIRECTION ( 'NONE',  ( -7.228014483236668000E-016, 7.228014483236674900E-016, -1.000000000000000000 ) ) ;
#2118 = CARTESIAN_POINT ( 'NONE',  ( -4.449999999999987700, 0.4500000000000090000, 0.7499999999999954500 ) ) ;
#2119 = AXIS2_PLACEMENT_3D ( 'NONE', #2118, #2117, #2096 ) ;
#2120 = DIRECTION ( 'NONE',  ( -1.000000000000000000, -4.336808689942013800E-015, 1.301042606982604100E-015 ) ) ;
#2121 = FACE_OUTER_BOUND ( 'NONE', #8501, .T. ) ;
#2122 = CARTESIAN_POINT ( 'NONE',  ( -4.449999999999992200, -1.549999999999989200, 0.1499999999999947500 ) ) ;
#2123 = CARTESIAN_POINT ( 'NONE',  ( -5.000000000000000000, -1.300000000000000300, 0.1499999999999956400 ) ) ;
#2124 = CARTESIAN_POINT ( 'NONE',  ( 6.399999999999990600, -0.7199999999999999700, 6.779999999999999400 ) ) ;
#2125 = CARTESIAN_POINT ( 'NONE',  ( -4.449999999999993100, -1.699999999999989100, 0.1499999999999938900 ) ) ;
#2126 = CARTESIAN_POINT ( 'NONE',  ( -7.149999999999999500, -0.9199999999999999300, 6.580000000000000100 ) ) ;
#2127 = DIRECTION ( 'NONE',  ( 1.000000000000000000, -2.498001805406602200E-015, -7.228014483236688700E-016 ) ) ;
#2128 = VECTOR ( 'NONE', #2127, 1000.000000000000000 ) ;
#2129 = CARTESIAN_POINT ( 'NONE',  ( -4.449999999999992200, -1.549999999999989200, 0.1499999999999947500 ) ) ;
#2130 = LINE ( 'NONE', #2129, #2128 ) ;
#2131 = DIRECTION ( 'NONE',  ( 0.0000000000000000000, 0.0000000000000000000, -1.000000000000000000 ) ) ;
#2132 = DIRECTION ( 'NONE',  ( 1.000000000000000000, -0.0000000000000000000, -0.0000000000000000000 ) ) ;
#2133 = CARTESIAN_POINT ( 'NONE',  ( 6.249999999999991100, -0.7199999999999999700, 6.580000000000000100 ) ) ;
#2134 = CARTESIAN_POINT ( 'NONE',  ( -4.449999999999993100, -1.699999999999990200, 0.7499999999999920100 ) ) ;
#2135 = CARTESIAN_POINT ( 'NONE',  ( 6.399999999999994100, -0.7199999999999999700, 6.580000000000000100 ) ) ;
#2136 = AXIS2_PLACEMENT_3D ( 'NONE', #2135, #2116, #2115 ) ;
#2137 = FACE_OUTER_BOUND ( 'NONE', #8489, .T. ) ;
#2138 = DIRECTION ( 'NONE',  ( 1.000000000000000000, 0.0000000000000000000, 0.0000000000000000000 ) ) ;
#2139 = VECTOR ( 'NONE', #2138, 1000.000000000000000 ) ;
#2140 = CARTESIAN_POINT ( 'NONE',  ( -5.450000000000000200, -1.299999999999999800, 0.7499999999999945600 ) ) ;
#2141 = DIRECTION ( 'NONE',  ( 0.0000000000000000000, 0.0000000000000000000, -1.000000000000000000 ) ) ;
#2142 = DIRECTION ( 'NONE',  ( 0.0000000000000000000, 0.0000000000000000000, 1.000000000000000000 ) ) ;
#2143 = DIRECTION ( 'NONE',  ( -1.000000000000000000, 0.0000000000000000000, -0.0000000000000000000 ) ) ;
#2144 = CARTESIAN_POINT ( 'NONE',  ( -6.999999999999995600, -0.7199999999999998600, 3.679999999999999700 ) ) ;
#2145 = FACE_OUTER_BOUND ( 'NONE', #8541, .T. ) ;
#2146 = DIRECTION ( 'NONE',  ( -4.336808689942017700E-015, -1.000000000000000000, 0.0000000000000000000 ) ) ;
#2147 = DIRECTION ( 'NONE',  ( 1.000000000000000000, -2.218182005966622500E-015, -4.434466606213692200E-016 ) ) ;
#2148 = LINE ( 'NONE', #2140, #2139 ) ;
#2149 = CIRCLE ( 'NONE', #2136, 0.1999999999999996500 ) ;
#2150 = DIRECTION ( 'NONE',  ( 1.445602896647339700E-015, -0.0000000000000000000, 1.000000000000000000 ) ) ;
#2151 = CARTESIAN_POINT ( 'NONE',  ( -4.449999999999991300, -1.299999999999990300, 0.7499999999999920100 ) ) ;
#2152 = CARTESIAN_POINT ( 'NONE',  ( -6.999999999999995600, -0.7877124344467741900, 6.580000000000000100 ) ) ;
#2153 = VECTOR ( 'NONE', #2093, 1000.000000000000000 ) ;
#2154 = TOROIDAL_SURFACE ( 'NONE', #2155, 0.06771243444677436900, 0.2000000000000000100 ) ;
#2155 = AXIS2_PLACEMENT_3D ( 'NONE', #2133, #2132, #2131 ) ;
#2156 = CARTESIAN_POINT ( 'NONE',  ( -7.149999999999999500, -0.9199999999999999300, 6.779999999999999400 ) ) ;
#2157 = LINE ( 'NONE', #2156, #2153 ) ;
#2158 = DIRECTION ( 'NONE',  ( -4.336808689942017700E-015, -1.000000000000000000, 0.0000000000000000000 ) ) ;
#2159 = TOROIDAL_SURFACE ( 'NONE', #2081, 0.06771243444677436900, 0.2000000000000000100 ) ;
#2160 = CARTESIAN_POINT ( 'NONE',  ( -6.999999999999995600, -0.6522875655532254200, 6.580000000000000100 ) ) ;
#2161 = DIRECTION ( 'NONE',  ( 1.000000000000000000, -2.218182005966622500E-015, -4.434466606213692200E-016 ) ) ;
#2162 = DIRECTION ( 'NONE',  ( -1.000000000000000000, 0.0000000000000000000, 0.0000000000000000000 ) ) ;
#2163 = DIRECTION ( 'NONE',  ( 0.0000000000000000000, 0.0000000000000000000, -1.000000000000000000 ) ) ;
#2164 = AXIS2_PLACEMENT_3D ( 'NONE', #2088, #2161, #2158 ) ;
#2165 = CARTESIAN_POINT ( 'NONE',  ( -7.150000000000001200, -0.7199999999999998600, 3.679999999999999700 ) ) ;
#2166 = AXIS2_PLACEMENT_3D ( 'NONE', #2165, #2147, #2146 ) ;
#2167 = CIRCLE ( 'NONE', #2166, 0.1999999999999999800 ) ;
#2168 = CIRCLE ( 'NONE', #2164, 0.1999999999999999800 ) ;
#2169 = AXIS2_PLACEMENT_3D ( 'NONE', #2092, #2091, #2090 ) ;
#2170 = FACE_OUTER_BOUND ( 'NONE', #8578, .T. ) ;
#2171 = AXIS2_PLACEMENT_3D ( 'NONE', #2151, #2150, #2120 ) ;
#2172 = CIRCLE ( 'NONE', #2171, 0.2500000000000002200 ) ;
#2173 = CARTESIAN_POINT ( 'NONE',  ( 6.399999999999994100, -0.7199999999999998600, 6.580000000000000100 ) ) ;
#2174 = CYLINDRICAL_SURFACE ( 'NONE', #2257, 0.1999999999999996500 ) ;
#2175 = CIRCLE ( 'NONE', #2226, 0.2499999999999997800 ) ;
#2176 = VECTOR ( 'NONE', #2178, 1000.000000000000100 ) ;
#2177 =( BOUNDED_CURVE ( )  B_SPLINE_CURVE ( 3, ( #2328, #2366, #2291, #2309 ),
 .UNSPECIFIED., .F., .T. ) 
 B_SPLINE_CURVE_WITH_KNOTS ( ( 4, 4 ),
 ( 3.729595257137356100, 4.410979400371132000 ),
 .UNSPECIFIED. ) 
 CURVE ( )  GEOMETRIC_REPRESENTATION_ITEM ( )  RATIONAL_B_SPLINE_CURVE ( ( 1.000000000000000000, 0.9616824285489002900, 0.9616824285489002900, 1.000000000000000000 ) ) 
 REPRESENTATION_ITEM ( '' )  );
#2178 = DIRECTION ( 'NONE',  ( 0.7066945845505002700, 0.7075187376790779100, 0.0000000000000000000 ) ) ;
#2179 = DIRECTION ( 'NONE',  ( -1.000000000000000000, 0.0000000000000000000, 0.0000000000000000000 ) ) ;
#2180 = VECTOR ( 'NONE', #2179, 1000.000000000000000 ) ;
#2181 = CARTESIAN_POINT ( 'NONE',  ( -1.349999999999999600, -0.09999999999999961700, -0.3000000000000054300 ) ) ;
#2182 = LINE ( 'NONE', #2181, #2180 ) ;
#2183 = DIRECTION ( 'NONE',  ( 1.000000000000000000, -0.0000000000000000000, -0.0000000000000000000 ) ) ;
#2184 = LINE ( 'NONE', #2238, #2213 ) ;
#2185 = DIRECTION ( 'NONE',  ( 0.0000000000000000000, -7.228014483236698500E-016, 1.000000000000000000 ) ) ;
#2186 = CARTESIAN_POINT ( 'NONE',  ( -4.999999999999999100, -1.700000000000000600, 0.7499999999999920100 ) ) ;
#2187 = AXIS2_PLACEMENT_3D ( 'NONE', #2273, #2272, #2271 ) ;
#2188 = CIRCLE ( 'NONE', #2187, 0.1999999999999996500 ) ;
#2189 = DIRECTION ( 'NONE',  ( 1.000000000000000000, 0.0000000000000000000, 0.0000000000000000000 ) ) ;
#2190 = DIRECTION ( 'NONE',  ( 4.434466606213692200E-016, -0.0000000000000000000, 1.000000000000000000 ) ) ;
#2191 = AXIS2_PLACEMENT_3D ( 'NONE', #2228, #2190, #2189 ) ;
#2192 = DIRECTION ( 'NONE',  ( -1.000000000000000000, 0.0000000000000000000, 0.0000000000000000000 ) ) ;
#2193 = CIRCLE ( 'NONE', #2245, 0.3999999999999997400 ) ;
#2194 = CARTESIAN_POINT ( 'NONE',  ( -6.999999999999995600, -0.7877124344467741900, 3.679999999999999700 ) ) ;
#2195 = DIRECTION ( 'NONE',  ( 1.000000000000000000, 0.0000000000000000000, 0.0000000000000000000 ) ) ;
#2196 = DIRECTION ( 'NONE',  ( 4.434466606213692200E-016, -0.0000000000000000000, 1.000000000000000000 ) ) ;
#2197 = DIRECTION ( 'NONE',  ( -1.445602896647339700E-015, 0.0000000000000000000, -1.000000000000000000 ) ) ;
#2198 = CARTESIAN_POINT ( 'NONE',  ( -4.449999999999992200, -1.299999999999990300, 0.1499999999999956400 ) ) ;
#2199 = AXIS2_PLACEMENT_3D ( 'NONE', #2198, #2197, #2235 ) ;
#2200 = CIRCLE ( 'NONE', #2199, 0.2500000000000002200 ) ;
#2201 = LINE ( 'NONE', #2234, #2233 ) ;
#2202 = CARTESIAN_POINT ( 'NONE',  ( -4.599999999999992500, -1.499999999999989800, 0.1499999999999956400 ) ) ;
#2203 = DIRECTION ( 'NONE',  ( -4.336808689942017700E-015, -1.000000000000000000, 0.0000000000000000000 ) ) ;
#2204 = DIRECTION ( 'NONE',  ( 1.000000000000000000, -2.218182005966622500E-015, -4.434466606213692200E-016 ) ) ;
#2205 = CARTESIAN_POINT ( 'NONE',  ( -4.999999999999999100, -1.700000000000000200, 0.1499999999999956400 ) ) ;
#2206 = AXIS2_PLACEMENT_3D ( 'NONE', #2205, #2222, #2221 ) ;
#2207 = CIRCLE ( 'NONE', #2206, 0.3999999999999997400 ) ;
#2208 = DIRECTION ( 'NONE',  ( 1.000000000000000000, 0.0000000000000000000, 0.0000000000000000000 ) ) ;
#2209 = DIRECTION ( 'NONE',  ( 0.0000000000000000000, 0.0000000000000000000, 1.000000000000000000 ) ) ;
#2210 = CARTESIAN_POINT ( 'NONE',  ( 6.249999999999991100, -0.6522875655532254200, 3.679999999999999700 ) ) ;
#2211 = AXIS2_PLACEMENT_3D ( 'NONE', #2210, #2209, #2208 ) ;
#2212 = CIRCLE ( 'NONE', #2211, 0.1999999999999996500 ) ;
#2213 = VECTOR ( 'NONE', #2290, 1000.000000000000000 ) ;
#2214 = DIRECTION ( 'NONE',  ( 0.0000000000000000000, 0.0000000000000000000, 1.000000000000000000 ) ) ;
#2215 = DIRECTION ( 'NONE',  ( -1.000000000000000000, 0.0000000000000000000, -0.0000000000000000000 ) ) ;
#2216 = DIRECTION ( 'NONE',  ( 0.8000000000000019300, -0.5999999999999974200, -4.336808689942018200E-016 ) ) ;
#2217 = VECTOR ( 'NONE', #2216, 1000.000000000000000 ) ;
#2218 = CARTESIAN_POINT ( 'NONE',  ( -4.760000000000000700, -1.379999999999999000, 0.1499999999999947500 ) ) ;
#2219 = LINE ( 'NONE', #2218, #2217 ) ;
#2220 = CARTESIAN_POINT ( 'NONE',  ( -4.760000000000000700, -1.379999999999999200, 0.1499999999999956400 ) ) ;
#2221 = DIRECTION ( 'NONE',  ( -2.168404344971010400E-015, -1.000000000000000000, -7.453889935837847900E-016 ) ) ;
#2222 = DIRECTION ( 'NONE',  ( -0.0000000000000000000, 7.228014483236698500E-016, -1.000000000000000000 ) ) ;
#2223 = DIRECTION ( 'NONE',  ( -1.000000000000000000, 2.720046410331632700E-015, 7.228014483236687700E-016 ) ) ;
#2224 = VECTOR ( 'NONE', #2223, 1000.000000000000000 ) ;
#2225 = CARTESIAN_POINT ( 'NONE',  ( -4.999999999999999100, -1.700000000000000200, 0.1499999999999956400 ) ) ;
#2226 = AXIS2_PLACEMENT_3D ( 'NONE', #2225, #2243, #2242 ) ;
#2227 = CYLINDRICAL_SURFACE ( 'NONE', #2191, 0.1999999999999996500 ) ;
#2228 = CARTESIAN_POINT ( 'NONE',  ( -6.999999999999995600, -0.6522875655532245400, 3.479999999999999500 ) ) ;
#2229 = FACE_OUTER_BOUND ( 'NONE', #6845, .T. ) ;
#2230 = DIRECTION ( 'NONE',  ( 0.0000000000000000000, 0.0000000000000000000, 1.000000000000000000 ) ) ;
#2231 = DIRECTION ( 'NONE',  ( -1.000000000000000000, 0.0000000000000000000, -0.0000000000000000000 ) ) ;
#2232 = DIRECTION ( 'NONE',  ( 7.228014483236669900E-016, -7.228014483236675800E-016, 1.000000000000000000 ) ) ;
#2233 = VECTOR ( 'NONE', #2232, 1000.000000000000000 ) ;
#2234 = CARTESIAN_POINT ( 'NONE',  ( -4.449999999999993100, -1.699999999999989100, 0.1499999999999938900 ) ) ;
#2235 = DIRECTION ( 'NONE',  ( -1.000000000000000000, 0.0000000000000000000, 1.409462824231154600E-015 ) ) ;
#2236 = TOROIDAL_SURFACE ( 'NONE', #2247, 0.06771243444677436900, 0.2000000000000000100 ) ;
#2237 = CARTESIAN_POINT ( 'NONE',  ( -7.149999999999999500, -0.5199999999999998000, 6.580000000000000100 ) ) ;
#2238 = CARTESIAN_POINT ( 'NONE',  ( -4.760000000000000700, -1.379999999999999000, 0.7499999999999945600 ) ) ;
#2239 = LINE ( 'NONE', #2279, #2224 ) ;
#2240 = CARTESIAN_POINT ( 'NONE',  ( -5.000000000000000000, -1.300000000000000500, 0.7499999999999920100 ) ) ;
#2241 = DIRECTION ( 'NONE',  ( 0.0000000000000000000, -1.000000000000000000, -8.131516293641288200E-016 ) ) ;
#2242 = DIRECTION ( 'NONE',  ( 0.0000000000000000000, -1.000000000000000000, -7.589415207398537900E-016 ) ) ;
#2243 = DIRECTION ( 'NONE',  ( -0.0000000000000000000, 7.228014483236698500E-016, -1.000000000000000000 ) ) ;
#2244 = CARTESIAN_POINT ( 'NONE',  ( -7.149999999999999500, -0.9199999999999999300, 3.679999999999999700 ) ) ;
#2245 = AXIS2_PLACEMENT_3D ( 'NONE', #2186, #2185, #2241 ) ;
#2246 = CARTESIAN_POINT ( 'NONE',  ( -6.999999999999995600, -0.7199999999999998600, 6.580000000000000100 ) ) ;
#2247 = AXIS2_PLACEMENT_3D ( 'NONE', #2246, #2231, #2230 ) ;
#2248 = DIRECTION ( 'NONE',  ( -4.336808689942017700E-015, -1.000000000000000000, 0.0000000000000000000 ) ) ;
#2249 = DIRECTION ( 'NONE',  ( 1.000000000000000000, -2.218182005966622500E-015, -4.434466606213692200E-016 ) ) ;
#2250 = DIRECTION ( 'NONE',  ( -1.000000000000000000, -0.0000000000000000000, 4.982546748554703600E-017 ) ) ;
#2251 = AXIS2_PLACEMENT_3D ( 'NONE', #2173, #2250, #2276 ) ;
#2252 = CIRCLE ( 'NONE', #2251, 0.1999999999999996500 ) ;
#2253 = FACE_OUTER_BOUND ( 'NONE', #8599, .T. ) ;
#2254 = CARTESIAN_POINT ( 'NONE',  ( -0.7402166325562202800, -1.449999999999999700, 0.1499999999999956400 ) ) ;
#2255 = LINE ( 'NONE', #2254, #2275 ) ;
#2256 = CARTESIAN_POINT ( 'NONE',  ( -6.999999999999995600, -0.7877124344467761900, 3.479999999999999500 ) ) ;
#2257 = AXIS2_PLACEMENT_3D ( 'NONE', #2256, #2196, #2195 ) ;
#2258 = DIRECTION ( 'NONE',  ( 0.0000000000000000000, 0.0000000000000000000, -1.000000000000000000 ) ) ;
#2259 = AXIS2_PLACEMENT_3D ( 'NONE', #2194, #2258, #2192 ) ;
#2260 = CIRCLE ( 'NONE', #2259, 0.1999999999999996500 ) ;
#2261 = CARTESIAN_POINT ( 'NONE',  ( -5.000000000000000000, -1.449999999999999700, 0.1499999999999947500 ) ) ;
#2262 = CARTESIAN_POINT ( 'NONE',  ( -7.149999999999999500, -0.7199999999999998600, 6.580000000000000100 ) ) ;
#2263 = AXIS2_PLACEMENT_3D ( 'NONE', #2262, #2249, #2248 ) ;
#2264 = CIRCLE ( 'NONE', #2263, 0.1999999999999999800 ) ;
#2265 = FACE_OUTER_BOUND ( 'NONE', #8478, .T. ) ;
#2266 = CARTESIAN_POINT ( 'NONE',  ( -6.999999999999995600, -0.7199999999999999700, 3.679999999999999700 ) ) ;
#2267 = AXIS2_PLACEMENT_3D ( 'NONE', #2266, #2215, #2214 ) ;
#2268 = CARTESIAN_POINT ( 'NONE',  ( -7.149999999999999500, -0.7199999999999999700, 6.580000000000000100 ) ) ;
#2269 = AXIS2_PLACEMENT_3D ( 'NONE', #2268, #2204, #2203 ) ;
#2270 = CIRCLE ( 'NONE', #2269, 0.1999999999999999800 ) ;
#2271 = DIRECTION ( 'NONE',  ( 0.0000000000000000000, -1.626303258728259400E-015, -1.000000000000000000 ) ) ;
#2272 = DIRECTION ( 'NONE',  ( 7.108721645342160900E-030, -1.000000000000000000, 1.639159611035826300E-015 ) ) ;
#2273 = CARTESIAN_POINT ( 'NONE',  ( -6.999999999999995600, -0.7200000000000002000, 6.647712434446774000 ) ) ;
#2274 = DIRECTION ( 'NONE',  ( 1.000000000000000000, 0.0000000000000000000, 0.0000000000000000000 ) ) ;
#2275 = VECTOR ( 'NONE', #2274, 1000.000000000000000 ) ;
#2276 = DIRECTION ( 'NONE',  ( 0.0000000000000000000, 0.0000000000000000000, -1.000000000000000000 ) ) ;
#2277 = TOROIDAL_SURFACE ( 'NONE', #2267, 0.06771243444677631200, 0.2000000000000000100 ) ;
#2278 = FACE_OUTER_BOUND ( 'NONE', #8595, .T. ) ;
#2279 = CARTESIAN_POINT ( 'NONE',  ( -4.449999999999992200, -1.699999999999990000, 0.7499999999999937800 ) ) ;
#2280 = VECTOR ( 'NONE', #2183, 1000.000000000000000 ) ;
#2281 = CARTESIAN_POINT ( 'NONE',  ( -5.649999999999999500, -0.02264990188738749000, -0.1484332679249348600 ) ) ;
#2282 = LINE ( 'NONE', #2281, #2280 ) ;
#2283 = CARTESIAN_POINT ( 'NONE',  ( -6.927459490400103400, -0.02264990188738749000, -0.1484332679249348600 ) ) ;
#2284 = CARTESIAN_POINT ( 'NONE',  ( -4.689999999999992400, -1.619999999999989700, 0.1499999999999956400 ) ) ;
#2285 = CARTESIAN_POINT ( 'NONE',  ( -4.850000000000000500, -1.499999999999999600, 0.1499999999999956400 ) ) ;
#2286 = DIRECTION ( 'NONE',  ( -0.8000000000000004900, 0.5999999999999994200, 4.336808689942014800E-016 ) ) ;
#2287 = VECTOR ( 'NONE', #2286, 1000.000000000000000 ) ;
#2288 = CARTESIAN_POINT ( 'NONE',  ( -4.850000000000000500, -1.499999999999998400, 0.1499999999999947500 ) ) ;
#2289 = LINE ( 'NONE', #2288, #2287 ) ;
#2290 = DIRECTION ( 'NONE',  ( 0.8000000000000019300, -0.5999999999999974200, -4.336808689942018200E-016 ) ) ;
#2291 = CARTESIAN_POINT ( 'NONE',  ( -6.893077098732951500, -0.1885446446930082700, -0.2590297631286799200 ) ) ;
#2292 = DIRECTION ( 'NONE',  ( 0.0000000000000000000, 0.0000000000000000000, -1.000000000000000000 ) ) ;
#2293 = DIRECTION ( 'NONE',  ( 1.000000000000000000, 0.0000000000000000000, 0.0000000000000000000 ) ) ;
#2294 = CARTESIAN_POINT ( 'NONE',  ( -5.649999999999999500, -0.7013878188659954400, -5.421010862427522200E-015 ) ) ;
#2295 = AXIS2_PLACEMENT_3D ( 'NONE', #2294, #2293, #2292 ) ;
#2296 = CIRCLE ( 'NONE', #2295, 0.5000000000000000000 ) ;
#2297 = CARTESIAN_POINT ( 'NONE',  ( -5.650000000000000400, -0.8999999999999991300, -0.5000000000000054400 ) ) ;
#2298 = LINE ( 'NONE', #2297, #2365 ) ;
#2299 = VECTOR ( 'NONE', #2350, 1000.000000000000000 ) ;
#2300 = CARTESIAN_POINT ( 'NONE',  ( -5.600000000000001400, -0.5306213110653256200, 11.69364747424356900 ) ) ;
#2301 = LINE ( 'NONE', #2300, #2299 ) ;
#2302 = DIRECTION ( 'NONE',  ( 0.5864183332640214900, 0.5587728311431141600, 0.5864183332640240400 ) ) ;
#2303 = VECTOR ( 'NONE', #2302, 1000.000000000000000 ) ;
#2304 = CARTESIAN_POINT ( 'NONE',  ( -7.747292578386010000, -1.147137147275163500, 5.102707421613979800 ) ) ;
#2305 = LINE ( 'NONE', #2304, #2303 ) ;
#2306 = DIRECTION ( 'NONE',  ( 0.0000000000000000000, 0.0000000000000000000, 1.000000000000000000 ) ) ;
#2307 = VECTOR ( 'NONE', #2306, 1000.000000000000000 ) ;
#2308 = CARTESIAN_POINT ( 'NONE',  ( -1.349999999999999600, -0.09999999999999961700, -0.5000000000000054400 ) ) ;
#2309 = CARTESIAN_POINT ( 'NONE',  ( -6.927459490400103400, -0.02264990188738749000, -0.1484332679249348600 ) ) ;
#2310 = CARTESIAN_POINT ( 'NONE',  ( -6.727350098112613500, -0.4240377207533833600, -0.4160251471689288500 ) ) ;
#2311 = DIRECTION ( 'NONE',  ( 0.5773502691896257300, 0.5773502691896257300, 0.5773502691896257300 ) ) ;
#2312 = VECTOR ( 'NONE', #2311, 999.9999999999998900 ) ;
#2313 = CARTESIAN_POINT ( 'NONE',  ( -7.836666666666666900, -0.8366666666666667800, 2.073333333333328800 ) ) ;
#2314 = LINE ( 'NONE', #2313, #2312 ) ;
#2315 = LINE ( 'NONE', #2381, #2380 ) ;
#2316 = LINE ( 'NONE', #2308, #2307 ) ;
#2317 = AXIS2_PLACEMENT_3D ( 'NONE', #2333, #2332, #2331 ) ;
#2318 = FACE_OUTER_BOUND ( 'NONE', #8873, .T. ) ;
#2319 = FACE_OUTER_BOUND ( 'NONE', #8342, .T. ) ;
#2320 = CARTESIAN_POINT ( 'NONE',  ( -1.349999999999999600, -0.1000000000000004800, -0.1000000000000054200 ) ) ;
#2321 = AXIS2_PLACEMENT_3D ( 'NONE', #2340, #2339, #2338 ) ;
#2322 = CIRCLE ( 'NONE', #2321, 0.5000000000000000000 ) ;
#2323 = CARTESIAN_POINT ( 'NONE',  ( -5.649999999999999500, -0.5499999999999997100, -0.5000000000000054400 ) ) ;
#2324 = CARTESIAN_POINT ( 'NONE',  ( -6.850000000000000500, -0.04999999999999991300, 3.059999999999996100 ) ) ;
#2325 = CARTESIAN_POINT ( 'NONE',  ( -6.850000000000000500, -0.1501166208354493000, 3.059999999999996100 ) ) ;
#2326 = VECTOR ( 'NONE', #2359, 1000.000000000000000 ) ;
#2327 = PLANE ( 'NONE',  #2317 ) ;
#2328 = CARTESIAN_POINT ( 'NONE',  ( -6.727350098112613500, -0.4240377207533833600, -0.4160251471689288500 ) ) ;
#2329 = LINE ( 'NONE', #2370, #2369 ) ;
#2330 = LINE ( 'NONE', #2323, #2395 ) ;
#2331 = DIRECTION ( 'NONE',  ( 0.0000000000000000000, -0.8320502943378468300, -0.5547001962252244800 ) ) ;
#2332 = DIRECTION ( 'NONE',  ( 0.0000000000000000000, -0.5547001962252244800, 0.8320502943378468300 ) ) ;
#2333 = CARTESIAN_POINT ( 'NONE',  ( -4.748612181133994500, -0.5499999999999997100, -0.5000000000000054400 ) ) ;
#2334 = DIRECTION ( 'NONE',  ( 0.0000000000000000000, 1.000000000000000000, 0.0000000000000000000 ) ) ;
#2335 = CARTESIAN_POINT ( 'NONE',  ( -1.349999999999999600, -21.27065238466855800, -0.1000000000000054200 ) ) ;
#2336 = LINE ( 'NONE', #2335, #2374 ) ;
#2337 = LINE ( 'NONE', #2372, #2357 ) ;
#2338 = DIRECTION ( 'NONE',  ( 0.0000000000000000000, 0.0000000000000000000, -1.000000000000000000 ) ) ;
#2339 = DIRECTION ( 'NONE',  ( 1.000000000000000000, 0.0000000000000000000, 0.0000000000000000000 ) ) ;
#2340 = CARTESIAN_POINT ( 'NONE',  ( -5.649999999999999500, -0.2999999999999997100, 0.2675918792439885300 ) ) ;
#2341 = DIRECTION ( 'NONE',  ( 0.0000000000000000000, 1.000000000000000000, -0.0000000000000000000 ) ) ;
#2342 = PLANE ( 'NONE',  #2383 ) ;
#2343 = DIRECTION ( 'NONE',  ( 0.5773502691896266200, -0.5773502691896260600, -0.5773502691896246200 ) ) ;
#2344 = VECTOR ( 'NONE', #2343, 999.9999999999998900 ) ;
#2345 = LINE ( 'NONE', #2409, #2408 ) ;
#2346 = DIRECTION ( 'NONE',  ( -1.000000000000000000, -0.0000000000000000000, -0.0000000000000000000 ) ) ;
#2347 = VECTOR ( 'NONE', #2346, 1000.000000000000000 ) ;
#2348 = CARTESIAN_POINT ( 'NONE',  ( -5.600000000000001400, -0.6999999999999997300, 11.59999999999999400 ) ) ;
#2349 = LINE ( 'NONE', #2348, #2347 ) ;
#2350 = DIRECTION ( 'NONE',  ( -1.000000000000000000, -0.0000000000000000000, -0.0000000000000000000 ) ) ;
#2351 = CARTESIAN_POINT ( 'NONE',  ( -5.650000000000000400, -0.8999999999999998000, -5.421010862427522200E-015 ) ) ;
#2352 = LINE ( 'NONE', #2351, #2367 ) ;
#2353 = DIRECTION ( 'NONE',  ( 0.0000000000000000000, -0.04825290580208630600, 0.9988351501031863500 ) ) ;
#2354 = VECTOR ( 'NONE', #2353, 1000.000000000000100 ) ;
#2355 = CARTESIAN_POINT ( 'NONE',  ( -6.750000000000000000, -0.2016908212560384600, 6.199999999999994800 ) ) ;
#2356 = LINE ( 'NONE', #2355, #2354 ) ;
#2357 = VECTOR ( 'NONE', #2371, 1000.000000000000000 ) ;
#2358 = DIRECTION ( 'NONE',  ( 0.0000000000000000000, -0.0000000000000000000, 1.000000000000000000 ) ) ;
#2359 = DIRECTION ( 'NONE',  ( 0.0000000000000000000, -1.000000000000000000, 0.0000000000000000000 ) ) ;
#2360 = CARTESIAN_POINT ( 'NONE',  ( -6.850000000000000500, 3.630174922653363300, 3.059999999999996100 ) ) ;
#2361 = LINE ( 'NONE', #2360, #2326 ) ;
#2362 = FACE_OUTER_BOUND ( 'NONE', #8842, .T. ) ;
#2363 = CARTESIAN_POINT ( 'NONE',  ( -5.650000000000000400, -0.7013878188659954400, -0.5000000000000054400 ) ) ;
#2364 = DIRECTION ( 'NONE',  ( 0.0000000000000000000, 1.000000000000000000, 0.0000000000000000000 ) ) ;
#2365 = VECTOR ( 'NONE', #2364, 1000.000000000000000 ) ;
#2366 = CARTESIAN_POINT ( 'NONE',  ( -6.823716227844267100, -0.3276715910217310500, -0.3517810606811605500 ) ) ;
#2367 = VECTOR ( 'NONE', #2358, 1000.000000000000000 ) ;
#2368 = DIRECTION ( 'NONE',  ( -1.000000000000000000, 0.0000000000000000000, 0.0000000000000000000 ) ) ;
#2369 = VECTOR ( 'NONE', #2368, 1000.000000000000000 ) ;
#2370 = CARTESIAN_POINT ( 'NONE',  ( -6.950000000000000200, 0.2000000000000003200, 0.2675918792439885300 ) ) ;
#2371 = DIRECTION ( 'NONE',  ( -1.000000000000000000, 0.0000000000000000000, 0.0000000000000000000 ) ) ;
#2372 = CARTESIAN_POINT ( 'NONE',  ( -6.950000000000000200, -0.4240377207533833600, -0.4160251471689288500 ) ) ;
#2373 = CARTESIAN_POINT ( 'NONE',  ( -5.650000000000000400, -0.8999999999999991300, -0.5000000000000054400 ) ) ;
#2374 = VECTOR ( 'NONE', #2334, 1000.000000000000000 ) ;
#2375 = DIRECTION ( 'NONE',  ( 0.0000000000000000000, 0.0000000000000000000, 1.000000000000000000 ) ) ;
#2376 = CARTESIAN_POINT ( 'NONE',  ( -1.349999999999999600, 0.2000000000000003200, -0.1000000000000054200 ) ) ;
#2377 = CARTESIAN_POINT ( 'NONE',  ( -6.750000000000000000, -0.04999999999999991300, 3.059999999999994300 ) ) ;
#2378 = CARTESIAN_POINT ( 'NONE',  ( -6.899999999999999500, 0.1000000000000000500, 3.009999999999995300 ) ) ;
#2379 = DIRECTION ( 'NONE',  ( -1.000000000000000000, 0.0000000000000000000, 0.0000000000000000000 ) ) ;
#2380 = VECTOR ( 'NONE', #2379, 1000.000000000000000 ) ;
#2381 = CARTESIAN_POINT ( 'NONE',  ( 500000.0000000000600, 0.1000000000000000500, 3.009999999999995300 ) ) ;
#2382 = CARTESIAN_POINT ( 'NONE',  ( 0.6000000000000002000, -0.09999999999999961700, -0.5000000000000054400 ) ) ;
#2383 = AXIS2_PLACEMENT_3D ( 'NONE', #2382, #2341, #2375 ) ;
#2384 = CARTESIAN_POINT ( 'NONE',  ( -6.950000000000000200, 0.2000000000000003200, 0.2675918792439885800 ) ) ;
#2385 = DIRECTION ( 'NONE',  ( 0.0000000000000000000, -0.7071067811865460200, -0.7071067811865490200 ) ) ;
#2386 = DIRECTION ( 'NONE',  ( 0.0000000000000000000, -0.7071067811865490200, 0.7071067811865460200 ) ) ;
#2387 = CARTESIAN_POINT ( 'NONE',  ( 500000.0000000000600, 0.05000000000000012800, 2.959999999999995500 ) ) ;
#2388 = AXIS2_PLACEMENT_3D ( 'NONE', #2387, #2386, #2385 ) ;
#2389 = PLANE ( 'NONE',  #2388 ) ;
#2390 = FACE_OUTER_BOUND ( 'NONE', #9055, .T. ) ;
#2391 = DIRECTION ( 'NONE',  ( 0.0000000000000000000, 0.0000000000000000000, 1.000000000000000000 ) ) ;
#2392 = DIRECTION ( 'NONE',  ( -1.000000000000000000, -0.0000000000000000000, -0.0000000000000000000 ) ) ;
#2393 = CARTESIAN_POINT ( 'NONE',  ( -5.649999999999999500, -0.02264990188738749000, -0.1484332679249348600 ) ) ;
#2394 = DIRECTION ( 'NONE',  ( -0.0000000000000000000, 0.8320502943378468300, 0.5547001962252244800 ) ) ;
#2395 = VECTOR ( 'NONE', #2394, 999.9999999999998900 ) ;
#2396 = AXIS2_PLACEMENT_3D ( 'NONE', #2398, #2412, #2411 ) ;
#2397 = CYLINDRICAL_SURFACE ( 'NONE', #2396, 0.5000000000000000000 ) ;
#2398 = CARTESIAN_POINT ( 'NONE',  ( -4.748612181133994500, -0.7013878188659954400, -5.421010862427522200E-015 ) ) ;
#2399 = CARTESIAN_POINT ( 'NONE',  ( -0.6999999999999976200, -0.7500000000000008900, -0.9500000000000049500 ) ) ;
#2400 = LINE ( 'NONE', #2399, #2344 ) ;
#2401 = AXIS2_PLACEMENT_3D ( 'NONE', #2404, #2392, #2391 ) ;
#2402 = CYLINDRICAL_SURFACE ( 'NONE', #2401, 0.2000000000000005100 ) ;
#2403 = CARTESIAN_POINT ( 'NONE',  ( -6.950000000000000200, 0.1000000000000000500, 3.009999999999995300 ) ) ;
#2404 = CARTESIAN_POINT ( 'NONE',  ( -5.600000000000001400, -0.6999999999999997300, 11.79999999999999500 ) ) ;
#2405 = FACE_OUTER_BOUND ( 'NONE', #9038, .T. ) ;
#2406 = CARTESIAN_POINT ( 'NONE',  ( -6.850000000000000500, -0.2921456063426956000, 5.999999999999992900 ) ) ;
#2407 = DIRECTION ( 'NONE',  ( 0.0000000000000000000, 0.04825290580208631300, -0.9988351501031863500 ) ) ;
#2408 = VECTOR ( 'NONE', #2407, 1000.000000000000200 ) ;
#2409 = CARTESIAN_POINT ( 'NONE',  ( -6.850000000000000500, -0.1498835150103184400, 3.055174709419785200 ) ) ;
#2410 = CARTESIAN_POINT ( 'NONE',  ( -5.649999999999999500, -0.4240377207533833600, -0.4160251471689289100 ) ) ;
#2411 = DIRECTION ( 'NONE',  ( 0.0000000000000000000, 0.0000000000000000000, -1.000000000000000000 ) ) ;
#2412 = DIRECTION ( 'NONE',  ( 1.000000000000000000, 0.0000000000000000000, 0.0000000000000000000 ) ) ;
#2413 = FACE_OUTER_BOUND ( 'NONE', #8982, .T. ) ;
#2414 = CARTESIAN_POINT ( 'NONE',  ( -6.650000000000000400, -0.2398477157360406100, 6.989847715736036800 ) ) ;
#2415 = DIRECTION ( 'NONE',  ( 0.0000000000000000000, 1.000000000000000000, 0.0000000000000000000 ) ) ;
#2416 = VECTOR ( 'NONE', #2415, 1000.000000000000000 ) ;
#2417 = CARTESIAN_POINT ( 'NONE',  ( -6.650000000000000400, -0.2398477157360388600, 6.989847715736035900 ) ) ;
#2418 = LINE ( 'NONE', #2417, #2416 ) ;
#2419 = DIRECTION ( 'NONE',  ( 0.0000000000000000000, 0.0000000000000000000, -1.000000000000000000 ) ) ;
#2420 = VECTOR ( 'NONE', #2419, 1000.000000000000000 ) ;
#2421 = CARTESIAN_POINT ( 'NONE',  ( 5.849999999999998800, 0.0000000000000000000, 13.00000000000000000 ) ) ;
#2422 = LINE ( 'NONE', #2421, #2420 ) ;
#2423 = LINE ( 'NONE', #2464, #2439 ) ;
#2424 = CARTESIAN_POINT ( 'NONE',  ( -6.950000000000000200, 0.05000000000000012800, 2.959999999999995500 ) ) ;
#2425 = AXIS2_PLACEMENT_3D ( 'NONE', #2426, #2454, #2453 ) ;
#2426 = CARTESIAN_POINT ( 'NONE',  ( -5.949999999999999300, -21.27065238466855800, 14.89999999999999500 ) ) ;
#2427 = PLANE ( 'NONE',  #2425 ) ;
#2428 = FACE_OUTER_BOUND ( 'NONE', #9118, .T. ) ;
#2429 = PLANE ( 'NONE',  #2461 ) ;
#2430 = CARTESIAN_POINT ( 'NONE',  ( 5.849999999999997900, -0.1920402400956199000, 6.000232969979356800 ) ) ;
#2431 = DIRECTION ( 'NONE',  ( 0.0000000000000000000, 0.5317626287821228800, 0.8468934446733698000 ) ) ;
#2432 = CARTESIAN_POINT ( 'NONE',  ( 5.949999999999997500, -1.329999999999999800, 12.99999999999998600 ) ) ;
#2433 = CARTESIAN_POINT ( 'NONE',  ( 5.550000000000001600, -0.1920402400956166500, 6.000232969979355100 ) ) ;
#2434 = DIRECTION ( 'NONE',  ( 1.000000000000000000, 0.0000000000000000000, 0.0000000000000000000 ) ) ;
#2435 = VECTOR ( 'NONE', #2434, 1000.000000000000000 ) ;
#2436 = CARTESIAN_POINT ( 'NONE',  ( -6.950000000000000200, -0.2398477157360403800, 6.989847715736035900 ) ) ;
#2437 = LINE ( 'NONE', #2436, #2435 ) ;
#2438 = DIRECTION ( 'NONE',  ( 0.0000000000000000000, 0.7071067811865460200, 0.7071067811865489100 ) ) ;
#2439 = VECTOR ( 'NONE', #2438, 1000.000000000000100 ) ;
#2440 = FACE_OUTER_BOUND ( 'NONE', #9040, .T. ) ;
#2441 = DIRECTION ( 'NONE',  ( 0.0000000000000000000, -0.5317626287821228800, -0.8468934446733698000 ) ) ;
#2442 = VECTOR ( 'NONE', #2507, 1000.000000000000000 ) ;
#2443 = CARTESIAN_POINT ( 'NONE',  ( -5.649999999999997700, 0.0000000000000000000, 6.989847715736035900 ) ) ;
#2444 = LINE ( 'NONE', #2443, #2442 ) ;
#2445 = DIRECTION ( 'NONE',  ( 0.0000000000000000000, 1.000000000000000000, 0.0000000000000000000 ) ) ;
#2446 = DIRECTION ( 'NONE',  ( 0.0000000000000000000, 0.0000000000000000000, -1.000000000000000000 ) ) ;
#2447 = CARTESIAN_POINT ( 'NONE',  ( 6.349999999999818500, -1.330000000000001400, 12.99999999999998900 ) ) ;
#2448 = CARTESIAN_POINT ( 'NONE',  ( 5.849999999999997900, 0.0000000000000000000, 6.000232969979356800 ) ) ;
#2449 = DIRECTION ( 'NONE',  ( -1.000000000000000000, 0.0000000000000000000, 0.0000000000000000000 ) ) ;
#2450 = VECTOR ( 'NONE', #2449, 1000.000000000000000 ) ;
#2451 = CARTESIAN_POINT ( 'NONE',  ( -5.649999999999997700, 0.0000000000000000000, 6.000232969979356800 ) ) ;
#2452 = LINE ( 'NONE', #2451, #2450 ) ;
#2453 = DIRECTION ( 'NONE',  ( 1.096517117266992700E-016, 0.0000000000000000000, 1.000000000000000000 ) ) ;
#2454 = DIRECTION ( 'NONE',  ( -1.000000000000000000, 0.0000000000000000000, 1.096517117266992700E-016 ) ) ;
#2455 = DIRECTION ( 'NONE',  ( 2.119160464792172700E-029, -1.000000000000000000, 1.932628712695394300E-013 ) ) ;
#2456 = VECTOR ( 'NONE', #2455, 1000.000000000000000 ) ;
#2457 = CARTESIAN_POINT ( 'NONE',  ( -5.949999999999999300, -1.049999999999919900, 13.00000000000006000 ) ) ;
#2458 = LINE ( 'NONE', #2457, #2456 ) ;
#2459 = DIRECTION ( 'NONE',  ( -0.7071067811865469100, 0.7062831079254470200, 0.03411995690461098300 ) ) ;
#2460 = CARTESIAN_POINT ( 'NONE',  ( -6.750000000000000000, -0.04999999999999969700, 3.059999999999994300 ) ) ;
#2461 = AXIS2_PLACEMENT_3D ( 'NONE', #2460, #2459, #2510 ) ;
#2462 = CARTESIAN_POINT ( 'NONE',  ( -6.950000000000000200, 3.630174922653363300, 3.059999999999996100 ) ) ;
#2463 = PLANE ( 'NONE',  #2532 ) ;
#2464 = CARTESIAN_POINT ( 'NONE',  ( -6.950000000000000200, 0.05000000000000012800, 2.959999999999995500 ) ) ;
#2465 = LINE ( 'NONE', #2493, #2508 ) ;
#2466 = VECTOR ( 'NONE', #2445, 1000.000000000000000 ) ;
#2467 = CARTESIAN_POINT ( 'NONE',  ( 5.550000000000001600, -21.27065238466855800, 6.000232969979356800 ) ) ;
#2468 = LINE ( 'NONE', #2467, #2466 ) ;
#2469 = CARTESIAN_POINT ( 'NONE',  ( 5.949999999999997500, -1.329999999999999800, 13.09999999999999800 ) ) ;
#2470 = LINE ( 'NONE', #2469, #2475 ) ;
#2471 = DIRECTION ( 'NONE',  ( -1.000000000000000000, -0.0000000000000000000, -0.0000000000000000000 ) ) ;
#2472 = LINE ( 'NONE', #2530, #2529 ) ;
#2473 = CARTESIAN_POINT ( 'NONE',  ( 6.799999999999998000, -1.329999999999999800, 13.09999999999999800 ) ) ;
#2474 = DIRECTION ( 'NONE',  ( 0.0000000000000000000, 1.445602896647336200E-016, 1.000000000000000000 ) ) ;
#2475 = VECTOR ( 'NONE', #2474, 1000.000000000000000 ) ;
#2476 = VECTOR ( 'NONE', #2534, 1000.000000000000000 ) ;
#2477 = CARTESIAN_POINT ( 'NONE',  ( -5.600000000000001400, 0.2000000000000011800, 13.02999999999999400 ) ) ;
#2478 = LINE ( 'NONE', #2477, #2476 ) ;
#2479 = CARTESIAN_POINT ( 'NONE',  ( 6.349999999999822000, -1.330000000000001400, 12.49999999999998900 ) ) ;
#2480 = AXIS2_PLACEMENT_3D ( 'NONE', #2479, #2524, #2523 ) ;
#2481 = CIRCLE ( 'NONE', #2480, 0.4999999999999995600 ) ;
#2482 = DIRECTION ( 'NONE',  ( 1.000000000000000000, 0.0000000000000000000, 0.0000000000000000000 ) ) ;
#2483 = VECTOR ( 'NONE', #2482, 1000.000000000000000 ) ;
#2484 = CARTESIAN_POINT ( 'NONE',  ( -6.950000000000000200, -0.1920402400956212100, 6.000232969979356800 ) ) ;
#2485 = LINE ( 'NONE', #2484, #2483 ) ;
#2486 = DIRECTION ( 'NONE',  ( -1.000000000000000000, -0.0000000000000000000, -0.0000000000000000000 ) ) ;
#2487 = CARTESIAN_POINT ( 'NONE',  ( -5.600000000000001400, -0.3999999999999986900, 13.02999999999999400 ) ) ;
#2488 = AXIS2_PLACEMENT_3D ( 'NONE', #2487, #2486, #2501 ) ;
#2489 = CYLINDRICAL_SURFACE ( 'NONE', #2488, 0.5999999999999998700 ) ;
#2490 = AXIS2_PLACEMENT_3D ( 'NONE', #2526, #2525, #2431 ) ;
#2491 = FACE_OUTER_BOUND ( 'NONE', #9125, .T. ) ;
#2492 = FACE_OUTER_BOUND ( 'NONE', #9111, .T. ) ;
#2493 = CARTESIAN_POINT ( 'NONE',  ( -6.800000000000000700, -0.04999999999999969700, 3.059999999999996100 ) ) ;
#2494 = CARTESIAN_POINT ( 'NONE',  ( 5.849999999999997900, 0.2000000000000004600, 5.741803398874992600 ) ) ;
#2495 = CARTESIAN_POINT ( 'NONE',  ( 5.849999999999998800, 0.0000000000000000000, 5.741803398874992600 ) ) ;
#2496 = DIRECTION ( 'NONE',  ( 0.0000000000000000000, 1.000000000000000000, 0.0000000000000000000 ) ) ;
#2497 = VECTOR ( 'NONE', #2496, 1000.000000000000000 ) ;
#2498 = CARTESIAN_POINT ( 'NONE',  ( 5.849999999999997900, -31.82741950266988700, 5.741803398874991700 ) ) ;
#2499 = LINE ( 'NONE', #2498, #2497 ) ;
#2500 = AXIS2_PLACEMENT_3D ( 'NONE', #2512, #2531, #2441 ) ;
#2501 = DIRECTION ( 'NONE',  ( 0.0000000000000000000, 0.0000000000000000000, 1.000000000000000000 ) ) ;
#2502 = FACE_OUTER_BOUND ( 'NONE', #8996, .T. ) ;
#2503 = DIRECTION ( 'NONE',  ( -1.000000000000000000, 0.0000000000000000000, -0.0000000000000000000 ) ) ;
#2504 = LINE ( 'NONE', #2542, #2541 ) ;
#2505 = CARTESIAN_POINT ( 'NONE',  ( 5.550000000000001600, 0.0000000000000000000, 6.000232969979356800 ) ) ;
#2506 = CARTESIAN_POINT ( 'NONE',  ( -6.650000000000000400, 0.0000000000000000000, 6.989847715736035900 ) ) ;
#2507 = DIRECTION ( 'NONE',  ( -1.000000000000000000, 0.0000000000000000000, 0.0000000000000000000 ) ) ;
#2508 = VECTOR ( 'NONE', #2471, 1000.000000000000000 ) ;
#2509 = CARTESIAN_POINT ( 'NONE',  ( 5.849999999999997900, -0.04999999999999991300, 3.059999999999994300 ) ) ;
#2510 = DIRECTION ( 'NONE',  ( -0.7066945845505002700, -0.7075187376790779100, 0.0000000000000000000 ) ) ;
#2511 = PLANE ( 'NONE',  #2490 ) ;
#2512 = CARTESIAN_POINT ( 'NONE',  ( 5.600000000000001400, -0.5306213110653258400, 11.69364747424356900 ) ) ;
#2513 = CARTESIAN_POINT ( 'NONE',  ( -6.750000000000000000, -0.1968599033816424700, 6.099999999999995200 ) ) ;
#2514 = DIRECTION ( 'NONE',  ( -0.0000000000000000000, 1.445602896647336200E-016, 1.000000000000000000 ) ) ;
#2515 = VECTOR ( 'NONE', #2514, 1000.000000000000000 ) ;
#2516 = CARTESIAN_POINT ( 'NONE',  ( -5.949999999999997500, -1.329999999999999800, 13.09999999999999800 ) ) ;
#2517 = LINE ( 'NONE', #2516, #2515 ) ;
#2518 = DIRECTION ( 'NONE',  ( 0.0000000000000000000, -5.437607511115494400E-016, 1.000000000000000000 ) ) ;
#2519 = VECTOR ( 'NONE', #2518, 1000.000000000000000 ) ;
#2520 = CARTESIAN_POINT ( 'NONE',  ( 5.849999999999997900, 0.2000000000000020400, 2.809999999999994700 ) ) ;
#2521 = LINE ( 'NONE', #2520, #2519 ) ;
#2522 = CARTESIAN_POINT ( 'NONE',  ( 6.799999999999998000, -1.329999999999999800, 12.71794494717665100 ) ) ;
#2523 = DIRECTION ( 'NONE',  ( -1.000000000000000000, 0.0000000000000000000, 0.0000000000000000000 ) ) ;
#2524 = DIRECTION ( 'NONE',  ( -1.232595164407831200E-032, 1.000000000000000000, 0.0000000000000000000 ) ) ;
#2525 = DIRECTION ( 'NONE',  ( 0.0000000000000000000, 0.8468934446733698000, -0.5317626287821228800 ) ) ;
#2526 = CARTESIAN_POINT ( 'NONE',  ( -5.600000000000001400, -0.5306213110653258400, 11.69364747424356900 ) ) ;
#2527 = FACE_OUTER_BOUND ( 'NONE', #9219, .T. ) ;
#2528 = DIRECTION ( 'NONE',  ( 1.000000000000000000, 0.0000000000000000000, 0.0000000000000000000 ) ) ;
#2529 = VECTOR ( 'NONE', #2528, 1000.000000000000000 ) ;
#2530 = CARTESIAN_POINT ( 'NONE',  ( 5.949999999999997500, -1.329999999999999800, 13.09999999999999800 ) ) ;
#2531 = DIRECTION ( 'NONE',  ( 0.0000000000000000000, -0.8468934446733698000, 0.5317626287821228800 ) ) ;
#2532 = AXIS2_PLACEMENT_3D ( 'NONE', #2462, #2446, #2503 ) ;
#2533 = PLANE ( 'NONE',  #2500 ) ;
#2534 = DIRECTION ( 'NONE',  ( -1.000000000000000000, -0.0000000000000000000, -0.0000000000000000000 ) ) ;
#2535 = CARTESIAN_POINT ( 'NONE',  ( 5.949999999999997500, -1.329999999999999800, 13.09999999999999800 ) ) ;
#2536 = DIRECTION ( 'NONE',  ( -1.000000000000000000, -0.0000000000000000000, -0.0000000000000000000 ) ) ;
#2537 = VECTOR ( 'NONE', #2536, 1000.000000000000000 ) ;
#2538 = CARTESIAN_POINT ( 'NONE',  ( -5.600000000000001400, 0.1081360668040230300, 12.71094242273072100 ) ) ;
#2539 = LINE ( 'NONE', #2538, #2537 ) ;
#2540 = DIRECTION ( 'NONE',  ( 1.000000000000000000, -0.0000000000000000000, -0.0000000000000000000 ) ) ;
#2541 = VECTOR ( 'NONE', #2540, 1000.000000000000000 ) ;
#2542 = CARTESIAN_POINT ( 'NONE',  ( 5.600000000000001400, 0.1081360668040230300, 12.71094242273072100 ) ) ;
#2543 = DIRECTION ( 'NONE',  ( 1.000000000000000000, 1.232595164407830900E-032, 0.0000000000000000000 ) ) ;
#2544 = DIRECTION ( 'NONE',  ( 0.0000000000000000000, 0.0000000000000000000, -1.000000000000000000 ) ) ;
#2545 = PLANE ( 'NONE',  #2581 ) ;
#2546 = CARTESIAN_POINT ( 'NONE',  ( -6.950000000000000200, -0.04999999999999969700, 3.059999999999994300 ) ) ;
#2547 = FACE_OUTER_BOUND ( 'NONE', #9203, .T. ) ;
#2548 = VECTOR ( 'NONE', #2550, 1000.000000000000000 ) ;
#2549 = LINE ( 'NONE', #2578, #2559 ) ;
#2550 = DIRECTION ( 'NONE',  ( -1.000000000000000000, 0.0000000000000000000, 0.0000000000000000000 ) ) ;
#2551 = CARTESIAN_POINT ( 'NONE',  ( 5.899999999999999500, -0.4120881868696221200, 6.199999999999994800 ) ) ;
#2552 = PLANE ( 'NONE',  #2580 ) ;
#2553 = LINE ( 'NONE', #2562, #2548 ) ;
#2554 = DIRECTION ( 'NONE',  ( -1.232595164407830900E-032, 1.000000000000000000, 0.0000000000000000000 ) ) ;
#2555 = FACE_OUTER_BOUND ( 'NONE', #9183, .T. ) ;
#2556 = CARTESIAN_POINT ( 'NONE',  ( 5.849999999999997900, -0.1920402400956199000, 6.000232969979356800 ) ) ;
#2557 = FACE_OUTER_BOUND ( 'NONE', #9223, .T. ) ;
#2558 = CARTESIAN_POINT ( 'NONE',  ( -5.949999999999997500, -1.329999999999999800, 13.09999999999999800 ) ) ;
#2559 = VECTOR ( 'NONE', #2577, 1000.000000000000000 ) ;
#2560 = CARTESIAN_POINT ( 'NONE',  ( -5.950000000000000200, -0.2398477157360388600, 6.989847715736035000 ) ) ;
#2561 = DIRECTION ( 'NONE',  ( -1.000000000000000000, 0.0000000000000000000, -0.0000000000000000000 ) ) ;
#2562 = CARTESIAN_POINT ( 'NONE',  ( 5.449999999999994800, -0.4120881868696221200, 6.199999999999994800 ) ) ;
#2563 = CARTESIAN_POINT ( 'NONE',  ( -0.5373116916788358600, -1.330000000000001200, 11.89999999999999100 ) ) ;
#2564 = DIRECTION ( 'NONE',  ( 0.0000000000000000000, 1.000000000000000000, 0.0000000000000000000 ) ) ;
#2565 = VECTOR ( 'NONE', #2564, 1000.000000000000000 ) ;
#2566 = CARTESIAN_POINT ( 'NONE',  ( -5.950000000000000200, -21.27065238466855800, 6.989847715736035000 ) ) ;
#2567 = LINE ( 'NONE', #2566, #2565 ) ;
#2568 = DIRECTION ( 'NONE',  ( 0.0000000000000000000, 0.0000000000000000000, -1.000000000000000000 ) ) ;
#2569 = CARTESIAN_POINT ( 'NONE',  ( -10.85292671120756000, -0.2398477157360388600, 6.989847715736035900 ) ) ;
#2570 = AXIS2_PLACEMENT_3D ( 'NONE', #2569, #2568, #2561 ) ;
#2571 = AXIS2_PLACEMENT_3D ( 'NONE', #2556, #2544, #2576 ) ;
#2572 = PLANE ( 'NONE',  #2570 ) ;
#2573 = DIRECTION ( 'NONE',  ( 0.0000000000000000000, -0.9988351501031864600, -0.04825290580208631300 ) ) ;
#2574 = CARTESIAN_POINT ( 'NONE',  ( -5.950000000000000200, 0.0000000000000000000, 6.989847715736035000 ) ) ;
#2575 = CARTESIAN_POINT ( 'NONE',  ( -5.950000000000187600, -1.330000000000000500, 13.00000000000005900 ) ) ;
#2576 = DIRECTION ( 'NONE',  ( -1.000000000000000000, 0.0000000000000000000, -0.0000000000000000000 ) ) ;
#2577 = DIRECTION ( 'NONE',  ( 1.000000000000000000, 1.232595164407831200E-032, 8.017293097285274000E-015 ) ) ;
#2578 = CARTESIAN_POINT ( 'NONE',  ( 5.649999999999818300, -1.330000000000001400, 12.99999999999998400 ) ) ;
#2579 = PLANE ( 'NONE',  #2571 ) ;
#2580 = AXIS2_PLACEMENT_3D ( 'NONE', #2546, #2573, #2582 ) ;
#2581 = AXIS2_PLACEMENT_3D ( 'NONE', #2563, #2554, #2543 ) ;
#2582 = DIRECTION ( 'NONE',  ( 0.0000000000000000000, 0.04825290580208630600, -0.9988351501031863500 ) ) ;
#2583 = CC_DESIGN_PERSON_AND_ORGANIZATION_ASSIGNMENT ( #2593, #2592, ( #2608 ) ) ;
#2584 = CARTESIAN_POINT ( 'NONE',  ( 5.849999999999997900, -0.1920402400956199000, 6.000232969979356800 ) ) ;
#2585 = LINE ( 'NONE', #2584, #2620 ) ;
#2586 = LINE ( 'NONE', #2667, #2619 ) ;
#2587 = DIRECTION ( 'NONE',  ( 1.000000000000000000, 0.0000000000000000000, 0.0000000000000000000 ) ) ;
#2588 = FACE_OUTER_BOUND ( 'NONE', #9201, .T. ) ;
#2589 = CARTESIAN_POINT ( 'NONE',  ( 5.849999999999997900, 0.2000000000000003200, 2.809999999999993800 ) ) ;
#2590 = AXIS2_PLACEMENT_3D ( 'NONE', #2631, #2591, #2587 ) ;
#2591 = DIRECTION ( 'NONE',  ( 0.0000000000000000000, 0.0000000000000000000, 1.000000000000000000 ) ) ;
#2592 = PERSON_AND_ORGANIZATION_ROLE ( 'design_supplier' ) ;
#2593 = PERSON_AND_ORGANIZATION ( #2622, #2621 ) ;
#2594 = CC_DESIGN_PERSON_AND_ORGANIZATION_ASSIGNMENT ( #2596, #2595, ( #2608 ) ) ;
#2595 = PERSON_AND_ORGANIZATION_ROLE ( 'creator' ) ;
#2596 = PERSON_AND_ORGANIZATION ( #2622, #2621 ) ;
#2597 = CC_DESIGN_APPROVAL ( #2605, ( #2608 ) ) ;
#2598 = APPROVAL_DATE_TIME ( #2599, #2605 ) ;
#2599 = DATE_AND_TIME ( #2600, #2601 ) ;
#2600 = CALENDAR_DATE ( 2012, 2, 3 ) ;
#2601 = LOCAL_TIME ( 16, 43, 31.00000000000000000, #2602 ) ;
#2602 = COORDINATED_UNIVERSAL_TIME_OFFSET ( 9, 0, .AHEAD. ) ;
#2603 = APPROVAL_PERSON_ORGANIZATION ( #2607, #2605, #2604 ) ;
#2604 = APPROVAL_ROLE ( '' ) ;
#2605 = APPROVAL ( #2606, 'UNSPECIFIED' ) ;
#2606 = APPROVAL_STATUS ( 'not_yet_approved' ) ;
#2607 = PERSON_AND_ORGANIZATION ( #2622, #2621 ) ;
#2608 = PRODUCT_DEFINITION_FORMATION_WITH_SPECIFIED_SOURCE ( 'ANY', '', #2609, .NOT_KNOWN. ) ;
#2609 = PRODUCT ( 'K3D-ST1W008S4E-V1_JAE_Proprietary', 'K3D-ST1W008S4E-V1_JAE_Proprietary', '', ( #2610 ) ) ;
#2610 = MECHANICAL_CONTEXT ( 'NONE', #2615, 'mechanical' ) ;
#2611 = APPLICATION_PROTOCOL_DEFINITION ( 'international standard', 'config_control_design', 1994, #2615 ) ;
#2612 = LINE ( 'NONE', #2618, #2617 ) ;
#2613 = DIRECTION ( 'NONE',  ( 0.0000000000000000000, 0.0000000000000000000, -1.000000000000000000 ) ) ;
#2614 = DIRECTION ( 'NONE',  ( -1.000000000000000000, -0.0000000000000000000, -0.0000000000000000000 ) ) ;
#2615 = APPLICATION_CONTEXT ( 'configuration controlled 3d designs of mechanical parts and assemblies' ) ;
#2616 = DIRECTION ( 'NONE',  ( 0.0000000000000000000, 1.445602896647336200E-016, 1.000000000000000000 ) ) ;
#2617 = VECTOR ( 'NONE', #2628, 1000.000000000000100 ) ;
#2618 = CARTESIAN_POINT ( 'NONE',  ( 5.849999999999997900, -0.1920402400956199000, 6.000232969979356800 ) ) ;
#2619 = VECTOR ( 'NONE', #2616, 1000.000000000000000 ) ;
#2620 = VECTOR ( 'NONE', #2624, 1000.000000000000000 ) ;
#2621 = ORGANIZATION ( 'UNSPECIFIED', 'UNSPECIFIED', '' ) ;
#2622 = PERSON ( 'UNSPECIFIED', 'UNSPECIFIED', 'UNSPECIFIED', ('UNSPECIFIED'), ('UNSPECIFIED'), ('UNSPECIFIED') ) ;
#2623 =( LENGTH_UNIT ( ) NAMED_UNIT ( * ) SI_UNIT ( .MILLI., .METRE. ) );
#2624 = DIRECTION ( 'NONE',  ( -0.0000000000000000000, -1.000000000000000000, -0.0000000000000000000 ) ) ;
#2625 = DIRECTION ( 'NONE',  ( 0.0000000000000000000, 0.0000000000000000000, -1.000000000000000000 ) ) ;
#2626 = DIRECTION ( 'NONE',  ( 1.000000000000000000, 0.0000000000000000000, 0.0000000000000000000 ) ) ;
#2627 = CARTESIAN_POINT ( 'NONE',  ( 5.849999999999997900, -0.04999999999999969700, 2.809999999999994700 ) ) ;
#2628 = DIRECTION ( 'NONE',  ( 0.0000000000000000000, 0.04825290580208590300, -0.9988351501031863500 ) ) ;
#2629 = CARTESIAN_POINT ( 'NONE',  ( 5.849999999999997900, -0.04999999999999969700, 2.809999999999994700 ) ) ;
#2630 = PLANE ( 'NONE',  #2666 ) ;
#2631 = CARTESIAN_POINT ( 'NONE',  ( 0.0000000000000000000, 0.0000000000000000000, 0.0000000000000000000 ) ) ;
#2632 =( NAMED_UNIT ( * ) SI_UNIT ( $, .STERADIAN. ) SOLID_ANGLE_UNIT ( ) );
#2633 = ADVANCED_BREP_SHAPE_REPRESENTATION ( 'K3D-ST1W008S4E-V1_JAE_Proprietary', ( #9214, #2590 ), #2634 ) ;
#2634 =( GEOMETRIC_REPRESENTATION_CONTEXT ( 3 ) GLOBAL_UNCERTAINTY_ASSIGNED_CONTEXT ( ( #2637 ) ) GLOBAL_UNIT_ASSIGNED_CONTEXT ( ( #2623, #2638, #2632 ) ) REPRESENTATION_CONTEXT ( 'NONE', 'WORKASPACE' ) );
#2635 = AXIS2_PLACEMENT_3D ( 'NONE', #2627, #2614, #2613 ) ;
#2636 = CIRCLE ( 'NONE', #2635, 0.2500000000000028300 ) ;
#2637 = UNCERTAINTY_MEASURE_WITH_UNIT (LENGTH_MEASURE( 1.000000000000000100E-005 ), #2623, 'distance_accuracy_value', 'NONE');
#2638 =( NAMED_UNIT ( * ) PLANE_ANGLE_UNIT ( ) SI_UNIT ( $, .RADIAN. ) );
#2639 = CC_DESIGN_DATE_AND_TIME_ASSIGNMENT ( #2641, #2640, ( #2659 ) ) ;
#2640 = DATE_TIME_ROLE ( 'creation_date' ) ;
#2641 = DATE_AND_TIME ( #2642, #2643 ) ;
#2642 = CALENDAR_DATE ( 2012, 2, 3 ) ;
#2643 = LOCAL_TIME ( 16, 43, 31.00000000000000000, #2644 ) ;
#2644 = COORDINATED_UNIVERSAL_TIME_OFFSET ( 9, 0, .AHEAD. ) ;
#2645 = CC_DESIGN_PERSON_AND_ORGANIZATION_ASSIGNMENT ( #2647, #2646, ( #2659 ) ) ;
#2646 = PERSON_AND_ORGANIZATION_ROLE ( 'creator' ) ;
#2647 = PERSON_AND_ORGANIZATION ( #2622, #2621 ) ;
#2648 = CC_DESIGN_APPROVAL ( #2656, ( #2659 ) ) ;
#2649 = APPROVAL_DATE_TIME ( #2650, #2656 ) ;
#2650 = DATE_AND_TIME ( #2651, #2652 ) ;
#2651 = CALENDAR_DATE ( 2012, 2, 3 ) ;
#2652 = LOCAL_TIME ( 16, 43, 31.00000000000000000, #2653 ) ;
#2653 = COORDINATED_UNIVERSAL_TIME_OFFSET ( 9, 0, .AHEAD. ) ;
#2654 = APPROVAL_PERSON_ORGANIZATION ( #2658, #2656, #2655 ) ;
#2655 = APPROVAL_ROLE ( '' ) ;
#2656 = APPROVAL ( #2657, 'UNSPECIFIED' ) ;
#2657 = APPROVAL_STATUS ( 'not_yet_approved' ) ;
#2658 = PERSON_AND_ORGANIZATION ( #2622, #2621 ) ;
#2659 = PRODUCT_DEFINITION ( 'UNKNOWN', '', #2608, #2660 ) ;
#2660 = DESIGN_CONTEXT ( 'detailed design', #2662, 'design' ) ;
#2661 = APPLICATION_PROTOCOL_DEFINITION ( 'international standard', 'config_control_design', 1994, #2662 ) ;
#2662 = APPLICATION_CONTEXT ( 'configuration controlled 3d designs of mechanical parts and assemblies' ) ;
#2663 = CC_DESIGN_PERSON_AND_ORGANIZATION_ASSIGNMENT ( #2665, #2664, ( #2609 ) ) ;
#2664 = PERSON_AND_ORGANIZATION_ROLE ( 'design_owner' ) ;
#2665 = PERSON_AND_ORGANIZATION ( #2622, #2621 ) ;
#2666 = AXIS2_PLACEMENT_3D ( 'NONE', #2629, #2626, #2625 ) ;
#2667 = CARTESIAN_POINT ( 'NONE',  ( 6.799999999999998000, -1.329999999999999800, 13.09999999999999800 ) ) ;
#2668 = PRODUCT_RELATED_PRODUCT_CATEGORY ( 'detail', '', ( #2609 ) ) ;
#2669 = CALENDAR_DATE ( 2012, 2, 3 ) ;
#2670 = APPROVAL_STATUS ( 'not_yet_approved' ) ;
#2671 = PERSON_AND_ORGANIZATION ( #2622, #2621 ) ;
#2672 = COORDINATED_UNIVERSAL_TIME_OFFSET ( 9, 0, .AHEAD. ) ;
#2673 = DATE_AND_TIME ( #2674, #2679 ) ;
#2674 = CALENDAR_DATE ( 2012, 2, 3 ) ;
#2675 = SHAPE_DEFINITION_REPRESENTATION ( #2676, #2633 ) ;
#2676 = PRODUCT_DEFINITION_SHAPE ( 'NONE', 'NONE',  #2659 ) ;
#2677 = CC_DESIGN_DATE_AND_TIME_ASSIGNMENT ( #2693, #2688, ( #2690 ) ) ;
#2678 = APPROVAL_DATE_TIME ( #2673, #2680 ) ;
#2679 = LOCAL_TIME ( 16, 43, 31.00000000000000000, #2672 ) ;
#2680 = APPROVAL ( #2670, 'UNSPECIFIED' ) ;
#2681 = CC_DESIGN_PERSON_AND_ORGANIZATION_ASSIGNMENT ( #2671, #2684, ( #2690 ) ) ;
#2682 = COORDINATED_UNIVERSAL_TIME_OFFSET ( 9, 0, .AHEAD. ) ;
#2683 = APPROVAL_PERSON_ORGANIZATION ( #2692, #2680, #2689 ) ;
#2684 = PERSON_AND_ORGANIZATION_ROLE ( 'classification_officer' ) ;
#2685 = CC_DESIGN_APPROVAL ( #2680, ( #2690 ) ) ;
#2686 = CC_DESIGN_SECURITY_CLASSIFICATION ( #2690, ( #2608 ) ) ;
#2687 = SECURITY_CLASSIFICATION_LEVEL ( 'unclassified' ) ;
#2688 = DATE_TIME_ROLE ( 'classification_date' ) ;
#2689 = APPROVAL_ROLE ( '' ) ;
#2690 = SECURITY_CLASSIFICATION ( '', '', #2687 ) ;
#2691 = LOCAL_TIME ( 16, 43, 31.00000000000000000, #2682 ) ;
#2692 = PERSON_AND_ORGANIZATION ( #2622, #2621 ) ;
#2693 = DATE_AND_TIME ( #2669, #2691 ) ;
#2694 = VECTOR ( 'NONE', #2728, 1000.000000000000000 ) ;
#2695 = CARTESIAN_POINT ( 'NONE',  ( 3.699999999999992200, -1.549999999999988700, 0.1499999999999947500 ) ) ;
#2696 = LINE ( 'NONE', #2695, #2694 ) ;
#2697 = DIRECTION ( 'NONE',  ( 3.774758283725531400E-015, -1.000000000000000000, -4.336808689942021700E-016 ) ) ;
#2698 = CARTESIAN_POINT ( 'NONE',  ( 2.899999999999984400, 0.4500000000000085600, 0.7499999999999945600 ) ) ;
#2699 = FACE_OUTER_BOUND ( 'NONE', #6783, .T. ) ;
#2700 = VECTOR ( 'NONE', #2697, 1000.000000000000000 ) ;
#2701 = DIRECTION ( 'NONE',  ( -1.445602896647374400E-016, -4.336808689942026600E-016, 1.000000000000000000 ) ) ;
#2702 = VECTOR ( 'NONE', #2701, 1000.000000000000000 ) ;
#2703 = CARTESIAN_POINT ( 'NONE',  ( 2.899999999999991900, -1.699999999999992200, 0.1499999999999938900 ) ) ;
#2704 = DIRECTION ( 'NONE',  ( 3.774758283725531400E-015, -1.000000000000000000, -4.336808689942021700E-016 ) ) ;
#2705 = DIRECTION ( 'NONE',  ( 1.000000000000000000, 3.774758283725531400E-015, 1.445602896647389000E-016 ) ) ;
#2706 = DIRECTION ( 'NONE',  ( 0.0000000000000000000, 1.000000000000000000, 0.0000000000000000000 ) ) ;
#2707 = DIRECTION ( 'NONE',  ( 0.0000000000000000000, 7.228014483236698500E-016, -1.000000000000000000 ) ) ;
#2708 = DIRECTION ( 'NONE',  ( 3.774758283725531400E-015, -1.000000000000000000, -4.336808689942021700E-016 ) ) ;
#2709 = VECTOR ( 'NONE', #2708, 1000.000000000000000 ) ;
#2710 = CARTESIAN_POINT ( 'NONE',  ( 2.899999999999984400, 0.4500000000000087800, 0.1499999999999947500 ) ) ;
#2711 = LINE ( 'NONE', #2710, #2709 ) ;
#2712 = CARTESIAN_POINT ( 'NONE',  ( 4.250000000000000000, -1.700000000000024600, 34.38197628560691000 ) ) ;
#2713 = DIRECTION ( 'NONE',  ( -1.000000000000000000, -3.719247132494274400E-015, -1.445602896647389200E-016 ) ) ;
#2714 = VECTOR ( 'NONE', #2713, 1000.000000000000000 ) ;
#2715 = CARTESIAN_POINT ( 'NONE',  ( 3.699999999999992200, -1.699999999999988600, 0.7499999999999937800 ) ) ;
#2716 = LINE ( 'NONE', #2715, #2714 ) ;
#2717 = DIRECTION ( 'NONE',  ( 1.000000000000000000, 3.774758283725531400E-015, 1.445602896647388700E-016 ) ) ;
#2718 = DIRECTION ( 'NONE',  ( -3.774758283725531400E-015, 1.000000000000000000, 4.336808689942021700E-016 ) ) ;
#2719 = CARTESIAN_POINT ( 'NONE',  ( 3.699999999999992600, -1.699999999999988600, 0.1499999999999938900 ) ) ;
#2720 = LINE ( 'NONE', #2703, #2702 ) ;
#2721 = PLANE ( 'NONE',  #2726 ) ;
#2722 = CARTESIAN_POINT ( 'NONE',  ( 2.899999999999991000, -1.549999999999992100, 0.7499999999999937800 ) ) ;
#2723 = CARTESIAN_POINT ( 'NONE',  ( 2.899999999999984400, 0.4500000000000087800, 0.1499999999999947500 ) ) ;
#2724 = AXIS2_PLACEMENT_3D ( 'NONE', #2723, #2705, #2704 ) ;
#2725 = PLANE ( 'NONE',  #2724 ) ;
#2726 = AXIS2_PLACEMENT_3D ( 'NONE', #2719, #2718, #2717 ) ;
#2727 = FACE_OUTER_BOUND ( 'NONE', #6780, .T. ) ;
#2728 = DIRECTION ( 'NONE',  ( -1.445602896647374400E-016, -4.336808689942026600E-016, 1.000000000000000000 ) ) ;
#2729 = LINE ( 'NONE', #2698, #2700 ) ;
#2730 = CARTESIAN_POINT ( 'NONE',  ( 3.699999999999992600, -1.549999999999988500, 0.1499999999999956400 ) ) ;
#2731 = DIRECTION ( 'NONE',  ( 1.099474886651785200E-029, -1.000000000000000000, 1.972094703645293900E-015 ) ) ;
#2732 = CARTESIAN_POINT ( 'NONE',  ( -6.350000000000182600, 2.874922359499705300, 12.50000000000004300 ) ) ;
#2733 = CARTESIAN_POINT ( 'NONE',  ( 6.199999999999994000, 0.2141592653589789500, 5.780000000000000200 ) ) ;
#2734 = AXIS2_PLACEMENT_3D ( 'NONE', #2733, #2806, #2805 ) ;
#2735 = PLANE ( 'NONE',  #2734 ) ;
#2736 = FACE_BOUND ( 'NONE', #6860, .T. ) ;
#2737 = FACE_OUTER_BOUND ( 'NONE', #6859, .T. ) ;
#2738 = CARTESIAN_POINT ( 'NONE',  ( 3.699999999999992200, -1.699999999999988600, 0.7499999999999937800 ) ) ;
#2739 = DIRECTION ( 'NONE',  ( 0.0000000000000000000, -1.000000000000000000, -8.673617379884043400E-016 ) ) ;
#2740 = DIRECTION ( 'NONE',  ( 0.0000000000000000000, -7.228014483236698500E-016, 1.000000000000000000 ) ) ;
#2741 = CARTESIAN_POINT ( 'NONE',  ( -4.999999999999999100, -1.700000000000000600, 0.7499999999999920100 ) ) ;
#2742 = AXIS2_PLACEMENT_3D ( 'NONE', #2741, #2740, #2739 ) ;
#2743 = FACE_OUTER_BOUND ( 'NONE', #6764, .T. ) ;
#2744 = DIRECTION ( 'NONE',  ( 1.000000000000000000, 3.719247132494274400E-015, 1.445602896647389200E-016 ) ) ;
#2745 = VECTOR ( 'NONE', #2744, 1000.000000000000000 ) ;
#2746 = DIRECTION ( 'NONE',  ( -1.000000000000000000, -3.774758283725531400E-015, -1.445602896647388700E-016 ) ) ;
#2747 = DIRECTION ( 'NONE',  ( 3.774758283725531400E-015, -1.000000000000000000, -4.336808689942021700E-016 ) ) ;
#2748 = FACE_OUTER_BOUND ( 'NONE', #6706, .T. ) ;
#2749 = AXIS2_PLACEMENT_3D ( 'NONE', #2779, #2778, #2777 ) ;
#2750 = PLANE ( 'NONE',  #2749 ) ;
#2751 = DIRECTION ( 'NONE',  ( 4.336808689942014800E-016, -1.445602896647336700E-016, 1.000000000000000000 ) ) ;
#2752 = VECTOR ( 'NONE', #2751, 1000.000000000000000 ) ;
#2753 = CARTESIAN_POINT ( 'NONE',  ( -4.850000000000000500, -1.499999999999998400, 0.1499999999999947500 ) ) ;
#2754 = LINE ( 'NONE', #2753, #2752 ) ;
#2755 = DIRECTION ( 'NONE',  ( -1.000000000000000000, 0.0000000000000000000, -1.369518533665897500E-015 ) ) ;
#2756 = DIRECTION ( 'NONE',  ( 1.369518533665897500E-015, 3.781101201043498500E-030, -1.000000000000000000 ) ) ;
#2757 = AXIS2_PLACEMENT_3D ( 'NONE', #2759, #2756, #2755 ) ;
#2758 = LINE ( 'NONE', #2770, #2769 ) ;
#2759 = CARTESIAN_POINT ( 'NONE',  ( 5.550000000000002500, -0.8000000000000003800, 8.899999999999993200 ) ) ;
#2760 = PLANE ( 'NONE',  #2757 ) ;
#2761 = CIRCLE ( 'NONE', #2742, 0.2499999999999997800 ) ;
#2762 = DIRECTION ( 'NONE',  ( 0.0000000000000000000, 1.626303258728255900E-015, -1.000000000000000000 ) ) ;
#2763 = DIRECTION ( 'NONE',  ( -0.0000000000000000000, -1.000000000000000000, -1.639159611035844800E-015 ) ) ;
#2764 = CARTESIAN_POINT ( 'NONE',  ( -6.999999999999995600, -0.7200000000000002000, 3.612287565553223200 ) ) ;
#2765 = AXIS2_PLACEMENT_3D ( 'NONE', #2764, #2763, #2762 ) ;
#2766 = CIRCLE ( 'NONE', #2765, 0.2000000000000000900 ) ;
#2767 = CARTESIAN_POINT ( 'NONE',  ( -4.850000000000000500, -1.500000000000000000, 0.7499999999999920100 ) ) ;
#2768 = DIRECTION ( 'NONE',  ( 4.336808689942014800E-016, -1.445602896647336700E-016, 1.000000000000000000 ) ) ;
#2769 = VECTOR ( 'NONE', #2768, 1000.000000000000000 ) ;
#2770 = CARTESIAN_POINT ( 'NONE',  ( -4.599999999999999600, -1.499999999999998900, 0.1499999999999947500 ) ) ;
#2771 = DIRECTION ( 'NONE',  ( -0.0000000000000000000, -0.0000000000000000000, 1.000000000000000000 ) ) ;
#2772 = VECTOR ( 'NONE', #2771, 1000.000000000000000 ) ;
#2773 = CARTESIAN_POINT ( 'NONE',  ( -5.000000000000000000, -1.300000000000000000, 0.1499999999999947500 ) ) ;
#2774 = LINE ( 'NONE', #2773, #2772 ) ;
#2775 = CARTESIAN_POINT ( 'NONE',  ( 6.099999999999993400, 0.0000000000000000000, 8.500000000000000000 ) ) ;
#2776 = LINE ( 'NONE', #2775, #2817 ) ;
#2777 = DIRECTION ( 'NONE',  ( 1.000000000000000000, 2.817712545836301500E-029, 8.718241554666199800E-015 ) ) ;
#2778 = DIRECTION ( 'NONE',  ( -8.718241554666199800E-015, 1.972094703645293500E-015, 1.000000000000000000 ) ) ;
#2779 = CARTESIAN_POINT ( 'NONE',  ( -5.650000000000172700, 2.874922359499700400, 11.20000000000005100 ) ) ;
#2780 = CARTESIAN_POINT ( 'NONE',  ( 3.699999999999992200, -1.549999999999988700, 0.1499999999999947500 ) ) ;
#2781 = CARTESIAN_POINT ( 'NONE',  ( 2.899999999999991900, -1.699999999999992200, 0.7499999999999937800 ) ) ;
#2782 = DIRECTION ( 'NONE',  ( 8.673617379884027600E-015, -1.734723475976805500E-015, -1.000000000000000000 ) ) ;
#2783 = LINE ( 'NONE', #2780, #2745 ) ;
#2784 = DIRECTION ( 'NONE',  ( -1.000000000000000000, 0.0000000000000000000, -0.0000000000000000000 ) ) ;
#2785 = DIRECTION ( 'NONE',  ( 0.0000000000000000000, -1.000000000000000000, -0.0000000000000000000 ) ) ;
#2786 = CARTESIAN_POINT ( 'NONE',  ( 3.699999999999992200, -1.549999999999988700, 0.1499999999999947500 ) ) ;
#2787 = PLANE ( 'NONE',  #2831 ) ;
#2788 = DIRECTION ( 'NONE',  ( 1.000000000000000000, -7.991950973366438100E-016, -1.573964872444122200E-015 ) ) ;
#2789 = DIRECTION ( 'NONE',  ( 1.573964872444595100E-015, 5.917463408510307200E-013, 1.000000000000000000 ) ) ;
#2790 = AXIS2_PLACEMENT_3D ( 'NONE', #2792, #2789, #2788 ) ;
#2791 = FACE_OUTER_BOUND ( 'NONE', #6869, .T. ) ;
#2792 = CARTESIAN_POINT ( 'NONE',  ( -6.850000000000072500, -1.150000000000109600, 12.50000000000003600 ) ) ;
#2793 = PLANE ( 'NONE',  #2790 ) ;
#2794 = FACE_OUTER_BOUND ( 'NONE', #6662, .T. ) ;
#2795 = DIRECTION ( 'NONE',  ( -8.673617379884027600E-015, 2.168404344971006900E-015, 1.000000000000000000 ) ) ;
#2796 = PLANE ( 'NONE',  #2819 ) ;
#2797 = VECTOR ( 'NONE', #2853, 1000.000000000000000 ) ;
#2798 = CARTESIAN_POINT ( 'NONE',  ( -0.7402166325561747600, -1.299999999999999800, 8.000000000000008900 ) ) ;
#2799 = LINE ( 'NONE', #2798, #2855 ) ;
#2800 = FACE_OUTER_BOUND ( 'NONE', #6856, .T. ) ;
#2801 = DIRECTION ( 'NONE',  ( 4.982546748554703600E-017, 4.982546748554711600E-017, 1.000000000000000000 ) ) ;
#2802 = VECTOR ( 'NONE', #2801, 1000.000000000000000 ) ;
#2803 = CARTESIAN_POINT ( 'NONE',  ( 6.199999999999994000, -0.1000000000000002600, 5.780000000000000200 ) ) ;
#2804 = LINE ( 'NONE', #2803, #2802 ) ;
#2805 = DIRECTION ( 'NONE',  ( -9.240109930013183600E-016, 1.000000000000000000, -4.982546748554715300E-017 ) ) ;
#2806 = DIRECTION ( 'NONE',  ( 1.000000000000000000, 9.240109930013183600E-016, -4.982546748554707900E-017 ) ) ;
#2807 = FACE_OUTER_BOUND ( 'NONE', #8010, .T. ) ;
#2808 = FACE_OUTER_BOUND ( 'NONE', #6899, .T. ) ;
#2809 = DIRECTION ( 'NONE',  ( 0.8000000000000004900, -0.5999999999999994200, -4.336808689942015300E-016 ) ) ;
#2810 = DIRECTION ( 'NONE',  ( 0.5999999999999994200, 0.8000000000000004900, -1.445602896647336500E-016 ) ) ;
#2811 = CARTESIAN_POINT ( 'NONE',  ( -4.850000000000000500, -1.499999999999998400, 0.1499999999999947500 ) ) ;
#2812 = CARTESIAN_POINT ( 'NONE',  ( 4.349999999999994300, -31.82741950266988700, 5.779999999999999400 ) ) ;
#2813 = AXIS2_PLACEMENT_3D ( 'NONE', #2812, #2825, #2824 ) ;
#2814 = PLANE ( 'NONE',  #2813 ) ;
#2815 = FACE_OUTER_BOUND ( 'NONE', #6821, .T. ) ;
#2816 = DIRECTION ( 'NONE',  ( -0.0000000000000000000, -0.0000000000000000000, 1.000000000000000000 ) ) ;
#2817 = VECTOR ( 'NONE', #2816, 1000.000000000000000 ) ;
#2818 = CARTESIAN_POINT ( 'NONE',  ( 10.00000000000000000, -1.449999999999999700, 18.99999999999999600 ) ) ;
#2819 = AXIS2_PLACEMENT_3D ( 'NONE', #2818, #2785, #2784 ) ;
#2820 = DIRECTION ( 'NONE',  ( -1.099474886651785200E-029, 1.000000000000000000, -1.972094703645293900E-015 ) ) ;
#2821 = CARTESIAN_POINT ( 'NONE',  ( -6.350000000000176400, -1.149999999999922900, 11.70000000000005100 ) ) ;
#2822 = AXIS2_PLACEMENT_3D ( 'NONE', #2821, #2820, #2795 ) ;
#2823 = CIRCLE ( 'NONE', #2822, 0.5000000000000004400 ) ;
#2824 = DIRECTION ( 'NONE',  ( 1.000000000000000000, 0.0000000000000000000, 4.688441826964341300E-016 ) ) ;
#2825 = DIRECTION ( 'NONE',  ( -4.688441826964341300E-016, 0.0000000000000000000, 1.000000000000000000 ) ) ;
#2826 = AXIS2_PLACEMENT_3D ( 'NONE', #2811, #2810, #2809 ) ;
#2827 = FACE_OUTER_BOUND ( 'NONE', #6720, .T. ) ;
#2828 = DIRECTION ( 'NONE',  ( 4.336808689942014800E-016, -1.445602896647336700E-016, 1.000000000000000000 ) ) ;
#2829 = VECTOR ( 'NONE', #2828, 1000.000000000000000 ) ;
#2830 = CARTESIAN_POINT ( 'NONE',  ( -4.760000000000000700, -1.379999999999999000, 0.1499999999999947500 ) ) ;
#2831 = AXIS2_PLACEMENT_3D ( 'NONE', #2786, #2747, #2746 ) ;
#2832 = CYLINDRICAL_SURFACE ( 'NONE', #2833, 0.5000000000000004400 ) ;
#2833 = AXIS2_PLACEMENT_3D ( 'NONE', #2732, #2731, #2782 ) ;
#2834 = LINE ( 'NONE', #2830, #2829 ) ;
#2835 = PLANE ( 'NONE',  #2826 ) ;
#2836 = CARTESIAN_POINT ( 'NONE',  ( -5.650000000000172700, -1.149999999999924400, 11.20000000000005800 ) ) ;
#2837 = PLANE ( 'NONE',  #2914 ) ;
#2838 = FACE_OUTER_BOUND ( 'NONE', #6715, .T. ) ;
#2839 = CYLINDRICAL_SURFACE ( 'NONE', #2906, 0.09999999999999983900 ) ;
#2840 = AXIS2_PLACEMENT_3D ( 'NONE', #2851, #2850, #2849 ) ;
#2841 = CONICAL_SURFACE ( 'NONE', #2840, 0.4499999999998897100, 0.7853981633974634900 ) ;
#2842 = AXIS2_PLACEMENT_3D ( 'NONE', #2862, #2861, #2848 ) ;
#2843 = FACE_OUTER_BOUND ( 'NONE', #6896, .T. ) ;
#2844 = CARTESIAN_POINT ( 'NONE',  ( -6.850000000000175500, -1.349999999999923300, 11.70000000000004900 ) ) ;
#2845 = CARTESIAN_POINT ( 'NONE',  ( -6.850000000000175500, -1.149999999999923700, 11.70000000000004700 ) ) ;
#2846 = CARTESIAN_POINT ( 'NONE',  ( -6.350000000000171100, -1.349999999999924100, 11.20000000000005300 ) ) ;
#2847 = DIRECTION ( 'NONE',  ( 1.099474886651785200E-029, -1.000000000000000000, 1.972094703645293900E-015 ) ) ;
#2848 = DIRECTION ( 'NONE',  ( 0.0000000000000000000, -1.000000000000000000, -3.313077793191184300E-014 ) ) ;
#2849 = DIRECTION ( 'NONE',  ( 0.0000000000000000000, -1.927470528863591500E-015, -1.000000000000000000 ) ) ;
#2850 = DIRECTION ( 'NONE',  ( 1.099474886651785200E-029, -1.000000000000000000, 1.972094703645293900E-015 ) ) ;
#2851 = CARTESIAN_POINT ( 'NONE',  ( -6.350000000000183500, -1.150000000000109600, 12.50000000000005000 ) ) ;
#2852 = CYLINDRICAL_SURFACE ( 'NONE', #2856, 0.3999999999999999700 ) ;
#2853 = DIRECTION ( 'NONE',  ( -1.000000000000000000, 0.0000000000000000000, -0.0000000000000000000 ) ) ;
#2854 = DIRECTION ( 'NONE',  ( -1.000000000000000000, 0.0000000000000000000, -2.168404344971009300E-015 ) ) ;
#2855 = VECTOR ( 'NONE', #2854, 1000.000000000000000 ) ;
#2856 = AXIS2_PLACEMENT_3D ( 'NONE', #2712, #2707, #2706 ) ;
#2857 = FACE_OUTER_BOUND ( 'NONE', #7070, .T. ) ;
#2858 = LINE ( 'NONE', #2889, #2888 ) ;
#2859 = CARTESIAN_POINT ( 'NONE',  ( -6.850000000000182600, -1.349999999999921500, 12.50000000000004800 ) ) ;
#2860 = AXIS2_PLACEMENT_3D ( 'NONE', #2890, #2908, #2907 ) ;
#2861 = DIRECTION ( 'NONE',  ( -1.369518533665897500E-015, -3.313077793191184300E-014, 1.000000000000000000 ) ) ;
#2862 = CARTESIAN_POINT ( 'NONE',  ( 5.549999999999999800, -0.8000000000000003800, 10.80000000000000200 ) ) ;
#2863 = VECTOR ( 'NONE', #2847, 1000.000000000000000 ) ;
#2864 = CARTESIAN_POINT ( 'NONE',  ( -6.350000000000171100, 2.874922359499701800, 11.20000000000004400 ) ) ;
#2865 = LINE ( 'NONE', #2864, #2863 ) ;
#2866 = DIRECTION ( 'NONE',  ( 0.0000000000000000000, -1.000000000000000000, 0.0000000000000000000 ) ) ;
#2867 = DIRECTION ( 'NONE',  ( 0.0000000000000000000, 4.982546748554711000E-017, 1.000000000000000000 ) ) ;
#2868 = DIRECTION ( 'NONE',  ( -0.7071067811865404700, -0.7071067811865546800, 4.195408115927490800E-013 ) ) ;
#2869 = VECTOR ( 'NONE', #2868, 1000.000000000000100 ) ;
#2870 = CARTESIAN_POINT ( 'NONE',  ( -6.800000000000072700, -1.150000000000109600, 12.50000000000003600 ) ) ;
#2871 = LINE ( 'NONE', #2870, #2869 ) ;
#2872 = FACE_OUTER_BOUND ( 'NONE', #6871, .T. ) ;
#2873 = DIRECTION ( 'NONE',  ( 1.099474886651785200E-029, -1.000000000000000000, 1.972094703645293900E-015 ) ) ;
#2874 = CARTESIAN_POINT ( 'NONE',  ( 6.099999999999993400, -0.1000000000000010900, -13.32826560412495100 ) ) ;
#2875 = DIRECTION ( 'NONE',  ( -0.0000000000000000000, -0.0000000000000000000, 1.000000000000000000 ) ) ;
#2876 = VECTOR ( 'NONE', #2875, 1000.000000000000000 ) ;
#2877 = CARTESIAN_POINT ( 'NONE',  ( 4.250000000000000000, -1.300000000000000000, 0.1499999999999947500 ) ) ;
#2878 = LINE ( 'NONE', #2877, #2876 ) ;
#2879 = VECTOR ( 'NONE', #2898, 1000.000000000000000 ) ;
#2880 = DIRECTION ( 'NONE',  ( -8.673617379884027600E-015, 2.168404344971006900E-015, 1.000000000000000000 ) ) ;
#2881 = DIRECTION ( 'NONE',  ( 1.099474886651785200E-029, -1.000000000000000000, 1.972094703645293900E-015 ) ) ;
#2882 = CARTESIAN_POINT ( 'NONE',  ( -6.350000000000176400, -1.349999999999923300, 11.70000000000005300 ) ) ;
#2883 = AXIS2_PLACEMENT_3D ( 'NONE', #2882, #2881, #2880 ) ;
#2884 = CIRCLE ( 'NONE', #2883, 0.5000000000000004400 ) ;
#2885 = PLANE ( 'NONE',  #2915 ) ;
#2886 = FACE_OUTER_BOUND ( 'NONE', #6892, .T. ) ;
#2887 = CARTESIAN_POINT ( 'NONE',  ( -5.650000000000172700, -1.349999999999924100, 11.20000000000006000 ) ) ;
#2888 = VECTOR ( 'NONE', #2873, 1000.000000000000000 ) ;
#2889 = CARTESIAN_POINT ( 'NONE',  ( -6.850000000000175500, 2.874922359499703500, 11.70000000000004000 ) ) ;
#2890 = CARTESIAN_POINT ( 'NONE',  ( -5.649999999999997700, 0.2000000000000000100, 13.00000000000000000 ) ) ;
#2891 = PLANE ( 'NONE',  #2860 ) ;
#2892 = DIRECTION ( 'NONE',  ( -1.000000000000000000, -2.817712545836301500E-029, -8.718241554666199800E-015 ) ) ;
#2893 = VECTOR ( 'NONE', #2892, 1000.000000000000000 ) ;
#2894 = CARTESIAN_POINT ( 'NONE',  ( -5.650000000000187800, -1.349999999999920600, 13.00000000000005900 ) ) ;
#2895 = DIRECTION ( 'NONE',  ( -8.718241554666199800E-015, 1.972094703645293500E-015, 1.000000000000000000 ) ) ;
#2896 = DIRECTION ( 'NONE',  ( -1.099474886651785800E-029, 1.000000000000000000, -1.972094703645293500E-015 ) ) ;
#2897 = FACE_OUTER_BOUND ( 'NONE', #6881, .T. ) ;
#2898 = DIRECTION ( 'NONE',  ( -4.336808689942048800E-016, -1.445602896647362600E-016, 1.000000000000000000 ) ) ;
#2899 = CARTESIAN_POINT ( 'NONE',  ( 4.099999999999999600, -1.500000000000000700, 0.1499999999999947500 ) ) ;
#2900 = LINE ( 'NONE', #2899, #2879 ) ;
#2901 = CARTESIAN_POINT ( 'NONE',  ( -6.350000000000171100, -1.149999999999924400, 11.20000000000005100 ) ) ;
#2902 = DIRECTION ( 'NONE',  ( -1.000000000000000000, -2.817712545836301500E-029, -8.718241554666199800E-015 ) ) ;
#2903 = VECTOR ( 'NONE', #2902, 1000.000000000000000 ) ;
#2904 = CARTESIAN_POINT ( 'NONE',  ( -5.650000000000172700, -1.349999999999924100, 11.20000000000006000 ) ) ;
#2905 = LINE ( 'NONE', #2904, #2903 ) ;
#2906 = AXIS2_PLACEMENT_3D ( 'NONE', #2874, #2867, #2866 ) ;
#2907 = DIRECTION ( 'NONE',  ( 0.0000000000000000000, -0.0000000000000000000, 1.000000000000000000 ) ) ;
#2908 = DIRECTION ( 'NONE',  ( 0.0000000000000000000, 1.000000000000000000, 0.0000000000000000000 ) ) ;
#2909 = CARTESIAN_POINT ( 'NONE',  ( -6.850000000000072500, -1.150000000000109600, 12.50000000000003600 ) ) ;
#2910 = LINE ( 'NONE', #2894, #2893 ) ;
#2911 = PLANE ( 'NONE',  #2842 ) ;
#2912 = DIRECTION ( 'NONE',  ( -8.718241554666199800E-015, 1.972094703645293500E-015, 1.000000000000000000 ) ) ;
#2913 = DIRECTION ( 'NONE',  ( -1.099474886651785800E-029, 1.000000000000000000, -1.972094703645293500E-015 ) ) ;
#2914 = AXIS2_PLACEMENT_3D ( 'NONE', #2836, #2913, #2912 ) ;
#2915 = AXIS2_PLACEMENT_3D ( 'NONE', #2887, #2896, #2895 ) ;
#2916 = DIRECTION ( 'NONE',  ( 0.0000000000000000000, 0.0000000000000000000, 1.000000000000000000 ) ) ;
#2917 = AXIS2_PLACEMENT_3D ( 'NONE', #2960, #2959, #2958 ) ;
#2918 = FACE_OUTER_BOUND ( 'NONE', #6941, .T. ) ;
#2919 = DIRECTION ( 'NONE',  ( -0.0000000000000000000, 1.000000000000000000, -0.0000000000000000000 ) ) ;
#2920 = DIRECTION ( 'NONE',  ( -0.0000000000000000000, 1.000000000000000000, -0.0000000000000000000 ) ) ;
#2921 = VECTOR ( 'NONE', #2920, 1000.000000000000000 ) ;
#2922 = CARTESIAN_POINT ( 'NONE',  ( -5.500000000000000000, -1.449999999999999700, 15.69999999999999200 ) ) ;
#2923 = DIRECTION ( 'NONE',  ( -1.000000000000000000, 0.0000000000000000000, -0.0000000000000000000 ) ) ;
#2924 = DIRECTION ( 'NONE',  ( 0.0000000000000000000, -1.000000000000000000, -0.0000000000000000000 ) ) ;
#2925 = CARTESIAN_POINT ( 'NONE',  ( 10.00000000000000000, -1.299999999999999800, 18.99999999999999600 ) ) ;
#2926 = VECTOR ( 'NONE', #2919, 1000.000000000000000 ) ;
#2927 = CARTESIAN_POINT ( 'NONE',  ( 5.999999999999994700, -1.449999999999999700, 7.999999999999991100 ) ) ;
#2928 = LINE ( 'NONE', #2927, #2926 ) ;
#2929 = PLANE ( 'NONE',  #2917 ) ;
#2930 = CARTESIAN_POINT ( 'NONE',  ( 4.500000000000000900, -1.299999999999999800, 29.00370380478671400 ) ) ;
#2931 = VECTOR ( 'NONE', #2970, 1000.000000000000000 ) ;
#2932 = CARTESIAN_POINT ( 'NONE',  ( 10.00000000000000000, -1.299999999999999800, 15.69999999999999200 ) ) ;
#2933 = LINE ( 'NONE', #2932, #2931 ) ;
#2934 = PLANE ( 'NONE',  #2962 ) ;
#2935 = AXIS2_PLACEMENT_3D ( 'NONE', #2930, #2957, #2916 ) ;
#2936 = FACE_OUTER_BOUND ( 'NONE', #7204, .T. ) ;
#2937 = CARTESIAN_POINT ( 'NONE',  ( -4.500000000000000900, -1.299999999999999800, 29.00370380478671400 ) ) ;
#2938 = AXIS2_PLACEMENT_3D ( 'NONE', #2937, #2956, #2955 ) ;
#2939 = PLANE ( 'NONE',  #2938 ) ;
#2940 = FACE_OUTER_BOUND ( 'NONE', #7048, .T. ) ;
#2941 = DIRECTION ( 'NONE',  ( 0.0000000000000000000, 0.0000000000000000000, -1.000000000000000000 ) ) ;
#2942 = VECTOR ( 'NONE', #2941, 1000.000000000000000 ) ;
#2943 = CARTESIAN_POINT ( 'NONE',  ( -4.500000000000000900, -1.299999999999999800, 29.00370380478671400 ) ) ;
#2944 = DIRECTION ( 'NONE',  ( -0.0000000000000000000, 1.000000000000000000, -0.0000000000000000000 ) ) ;
#2945 = VECTOR ( 'NONE', #2944, 1000.000000000000000 ) ;
#2946 = CARTESIAN_POINT ( 'NONE',  ( -4.500000000000000900, -1.449999999999999700, 15.69999999999999200 ) ) ;
#2947 = LINE ( 'NONE', #2946, #2945 ) ;
#2948 = CARTESIAN_POINT ( 'NONE',  ( -4.500000000000000900, -1.299999999999999800, 15.69999999999999200 ) ) ;
#2949 = LINE ( 'NONE', #2922, #2921 ) ;
#2950 = CARTESIAN_POINT ( 'NONE',  ( -6.650000000000000400, -1.299999999999999800, 6.499999999999993800 ) ) ;
#2951 = DIRECTION ( 'NONE',  ( -0.0000000000000000000, 1.000000000000000000, -0.0000000000000000000 ) ) ;
#2952 = VECTOR ( 'NONE', #2951, 1000.000000000000000 ) ;
#2953 = CARTESIAN_POINT ( 'NONE',  ( -6.750000000000000900, -1.449999999999999700, 6.499999999999993800 ) ) ;
#2954 = LINE ( 'NONE', #2953, #2952 ) ;
#2955 = DIRECTION ( 'NONE',  ( 0.0000000000000000000, 0.0000000000000000000, 1.000000000000000000 ) ) ;
#2956 = DIRECTION ( 'NONE',  ( -1.000000000000000000, 0.0000000000000000000, 0.0000000000000000000 ) ) ;
#2957 = DIRECTION ( 'NONE',  ( -1.000000000000000000, 0.0000000000000000000, 0.0000000000000000000 ) ) ;
#2958 = DIRECTION ( 'NONE',  ( -1.000000000000000000, 0.0000000000000000000, -2.523234146875357000E-016 ) ) ;
#2959 = DIRECTION ( 'NONE',  ( -2.523234146875357000E-016, -0.0000000000000000000, 1.000000000000000000 ) ) ;
#2960 = CARTESIAN_POINT ( 'NONE',  ( 10.00000000000000000, -1.449999999999999700, 15.69999999999999200 ) ) ;
#2961 = LINE ( 'NONE', #2943, #2942 ) ;
#2962 = AXIS2_PLACEMENT_3D ( 'NONE', #2925, #2924, #2923 ) ;
#2963 = DIRECTION ( 'NONE',  ( 1.000000000000000000, 0.0000000000000000000, -5.507058653894625900E-016 ) ) ;
#2964 = DIRECTION ( 'NONE',  ( 5.507058653894625900E-016, 0.0000000000000000000, 1.000000000000000000 ) ) ;
#2965 = CARTESIAN_POINT ( 'NONE',  ( -0.7402166325562327100, 65.90119046564578300, 6.499999999999993800 ) ) ;
#2966 = PLANE ( 'NONE',  #2968 ) ;
#2967 = FACE_OUTER_BOUND ( 'NONE', #6950, .T. ) ;
#2968 = AXIS2_PLACEMENT_3D ( 'NONE', #2965, #2964, #2963 ) ;
#2969 = FACE_OUTER_BOUND ( 'NONE', #6935, .T. ) ;
#2970 = DIRECTION ( 'NONE',  ( -1.000000000000000000, 0.0000000000000000000, -0.0000000000000000000 ) ) ;
#2971 = DIRECTION ( 'NONE',  ( 0.0000000000000000000, 0.0000000000000000000, -1.000000000000000000 ) ) ;
#2972 = VECTOR ( 'NONE', #2971, 1000.000000000000000 ) ;
#2973 = CARTESIAN_POINT ( 'NONE',  ( -5.500000000000000000, -1.299999999999999800, 29.00370380478671400 ) ) ;
#2974 = LINE ( 'NONE', #2973, #2972 ) ;
#2975 = PLANE ( 'NONE',  #2935 ) ;
#2976 = CARTESIAN_POINT ( 'NONE',  ( -5.500000000000000000, -1.299999999999999800, 15.69999999999999200 ) ) ;
#2977 = CARTESIAN_POINT ( 'NONE',  ( 5.500000000000000000, -1.299999999999999800, 15.69999999999999200 ) ) ;
#2978 = DIRECTION ( 'NONE',  ( 0.0000000000000000000, -1.000000000000000000, 0.0000000000000000000 ) ) ;
#2979 = DIRECTION ( 'NONE',  ( 1.000000000000000000, 0.0000000000000000000, 2.168404344971009300E-015 ) ) ;
#2980 = DIRECTION ( 'NONE',  ( -2.168404344971009300E-015, -0.0000000000000000000, 1.000000000000000000 ) ) ;
#2981 = CARTESIAN_POINT ( 'NONE',  ( -0.7402166325561747600, 65.90119046564578300, 8.000000000000008900 ) ) ;
#2982 = DIRECTION ( 'NONE',  ( -0.0000000000000000000, -0.0000000000000000000, 1.000000000000000000 ) ) ;
#2983 = VECTOR ( 'NONE', #2982, 1000.000000000000000 ) ;
#2984 = CARTESIAN_POINT ( 'NONE',  ( -6.750000000000000900, -1.299999999999999800, 18.99999999999999600 ) ) ;
#2985 = DIRECTION ( 'NONE',  ( -0.0000000000000000000, 1.000000000000000000, -0.0000000000000000000 ) ) ;
#2986 = VECTOR ( 'NONE', #2985, 1000.000000000000000 ) ;
#2987 = CARTESIAN_POINT ( 'NONE',  ( 5.999999999999994700, -1.449999999999999700, 6.499999999999990200 ) ) ;
#2988 = FACE_OUTER_BOUND ( 'NONE', #7011, .T. ) ;
#2989 = AXIS2_PLACEMENT_3D ( 'NONE', #3001, #3013, #3041 ) ;
#2990 = DIRECTION ( 'NONE',  ( -1.000000000000000000, 0.0000000000000000000, -0.0000000000000000000 ) ) ;
#2991 = DIRECTION ( 'NONE',  ( 0.0000000000000000000, -1.000000000000000000, -0.0000000000000000000 ) ) ;
#2992 = CARTESIAN_POINT ( 'NONE',  ( 10.00000000000000000, -1.299999999999999800, 18.99999999999999600 ) ) ;
#2993 = DIRECTION ( 'NONE',  ( 0.0000000000000000000, 0.0000000000000000000, -1.000000000000000000 ) ) ;
#2994 = VECTOR ( 'NONE', #2993, 1000.000000000000000 ) ;
#2995 = CARTESIAN_POINT ( 'NONE',  ( -6.650000000000001200, -1.299999999999999800, 18.99999999999999600 ) ) ;
#2996 = LINE ( 'NONE', #2995, #2994 ) ;
#2997 = PLANE ( 'NONE',  #2989 ) ;
#2998 = FACE_OUTER_BOUND ( 'NONE', #7042, .T. ) ;
#2999 = DIRECTION ( 'NONE',  ( -1.000000000000000000, 0.0000000000000000000, 0.0000000000000000000 ) ) ;
#3000 = DIRECTION ( 'NONE',  ( 0.0000000000000000000, 0.0000000000000000000, -1.000000000000000000 ) ) ;
#3001 = CARTESIAN_POINT ( 'NONE',  ( -0.7402166325562202800, 65.90119046564578300, 6.499999999999993800 ) ) ;
#3002 = DIRECTION ( 'NONE',  ( -1.000000000000000000, 0.0000000000000000000, 0.0000000000000000000 ) ) ;
#3003 = CARTESIAN_POINT ( 'NONE',  ( -5.500000000000000000, 65.90119046564578300, 29.00370380478671400 ) ) ;
#3004 = AXIS2_PLACEMENT_3D ( 'NONE', #3003, #3002, #3025 ) ;
#3005 = CARTESIAN_POINT ( 'NONE',  ( -6.750000000000000900, -1.449999999999999700, 18.99999999999999600 ) ) ;
#3006 = PLANE ( 'NONE',  #3039 ) ;
#3007 = AXIS2_PLACEMENT_3D ( 'NONE', #3008, #3000, #2999 ) ;
#3008 = CARTESIAN_POINT ( 'NONE',  ( -0.7402166325562202800, 65.90119046564578300, 7.999999999999991100 ) ) ;
#3009 = LINE ( 'NONE', #2984, #2983 ) ;
#3010 = LINE ( 'NONE', #2987, #2986 ) ;
#3011 = LINE ( 'NONE', #3031, #3030 ) ;
#3012 = AXIS2_PLACEMENT_3D ( 'NONE', #2981, #2980, #2979 ) ;
#3013 = DIRECTION ( 'NONE',  ( 0.0000000000000000000, 0.0000000000000000000, -1.000000000000000000 ) ) ;
#3014 = CARTESIAN_POINT ( 'NONE',  ( 10.00000000000000000, -1.299999999999999800, 15.69999999999999200 ) ) ;
#3015 = LINE ( 'NONE', #3014, #2797 ) ;
#3016 = CARTESIAN_POINT ( 'NONE',  ( 6.449999999999990400, -0.7199999999999998600, 6.580000000000000100 ) ) ;
#3017 = DIRECTION ( 'NONE',  ( -0.0000000000000000000, -0.0000000000000000000, 1.000000000000000000 ) ) ;
#3018 = VECTOR ( 'NONE', #3017, 1000.000000000000000 ) ;
#3019 = CARTESIAN_POINT ( 'NONE',  ( 4.250000000000000000, -1.449999999999999700, 0.1499999999999947500 ) ) ;
#3020 = LINE ( 'NONE', #3019, #3018 ) ;
#3021 = VECTOR ( 'NONE', #2978, 1000.000000000000000 ) ;
#3022 = CARTESIAN_POINT ( 'NONE',  ( -6.650000000000000400, 65.90119046564578300, 7.999999999999996400 ) ) ;
#3023 = LINE ( 'NONE', #3022, #3021 ) ;
#3024 = CARTESIAN_POINT ( 'NONE',  ( -6.650000000000000400, -1.299999999999999800, 7.999999999999996400 ) ) ;
#3025 = DIRECTION ( 'NONE',  ( 0.0000000000000000000, 0.0000000000000000000, 1.000000000000000000 ) ) ;
#3026 = DIRECTION ( 'NONE',  ( 0.0000000000000000000, 0.0000000000000000000, 1.000000000000000000 ) ) ;
#3027 = DIRECTION ( 'NONE',  ( 1.000000000000000000, 0.0000000000000000000, -0.0000000000000000000 ) ) ;
#3028 = FACE_OUTER_BOUND ( 'NONE', #6982, .T. ) ;
#3029 = DIRECTION ( 'NONE',  ( -0.0000000000000000000, 1.000000000000000000, -0.0000000000000000000 ) ) ;
#3030 = VECTOR ( 'NONE', #3029, 1000.000000000000000 ) ;
#3031 = CARTESIAN_POINT ( 'NONE',  ( -6.750000000000000900, -1.449999999999999700, 7.999999999999994700 ) ) ;
#3032 = CARTESIAN_POINT ( 'NONE',  ( -0.7402166325562202800, -1.299999999999999800, 6.499999999999993800 ) ) ;
#3033 = LINE ( 'NONE', #3032, #3038 ) ;
#3034 = PLANE ( 'NONE',  #3007 ) ;
#3035 = CARTESIAN_POINT ( 'NONE',  ( -6.750000000000000900, -1.299999999999999800, 6.499999999999993800 ) ) ;
#3036 = FACE_OUTER_BOUND ( 'NONE', #7043, .T. ) ;
#3037 = DIRECTION ( 'NONE',  ( 1.000000000000000000, 0.0000000000000000000, 0.0000000000000000000 ) ) ;
#3038 = VECTOR ( 'NONE', #3037, 1000.000000000000000 ) ;
#3039 = AXIS2_PLACEMENT_3D ( 'NONE', #3005, #3027, #3026 ) ;
#3040 = FACE_OUTER_BOUND ( 'NONE', #7026, .T. ) ;
#3041 = DIRECTION ( 'NONE',  ( -1.000000000000000000, 0.0000000000000000000, 0.0000000000000000000 ) ) ;
#3042 = PLANE ( 'NONE',  #3004 ) ;
#3043 = CARTESIAN_POINT ( 'NONE',  ( -6.750000000000000900, -1.299999999999999800, 7.999999999999994700 ) ) ;
#3044 = PLANE ( 'NONE',  #3012 ) ;
#3045 = PLANE ( 'NONE',  #3046 ) ;
#3046 = AXIS2_PLACEMENT_3D ( 'NONE', #2992, #2991, #2990 ) ;
#3047 = FACE_OUTER_BOUND ( 'NONE', #7052, .T. ) ;
#3048 = FACE_OUTER_BOUND ( 'NONE', #7073, .T. ) ;
#3049 = CARTESIAN_POINT ( 'NONE',  ( 10.00000000000000000, -1.299999999999999800, 18.99999999999999600 ) ) ;
#3050 = LINE ( 'NONE', #3064, #3063 ) ;
#3051 = DIRECTION ( 'NONE',  ( 1.000000000000000000, 0.0000000000000000000, 0.0000000000000000000 ) ) ;
#3052 = VECTOR ( 'NONE', #3051, 1000.000000000000000 ) ;
#3053 = CARTESIAN_POINT ( 'NONE',  ( 4.699999999999999300, -1.299999999999999800, 0.7499999999999945600 ) ) ;
#3054 = CARTESIAN_POINT ( 'NONE',  ( 4.250000000000000000, -1.449999999999999700, 0.7499999999999945600 ) ) ;
#3055 = CARTESIAN_POINT ( 'NONE',  ( 3.849999999999992500, -1.499999999999988900, 0.7499999999999920100 ) ) ;
#3056 = DIRECTION ( 'NONE',  ( 1.000000000000000000, 0.0000000000000000000, 8.673617379884027600E-016 ) ) ;
#3057 = DIRECTION ( 'NONE',  ( -7.228014483236698500E-016, -7.228014483236698500E-016, 1.000000000000000000 ) ) ;
#3058 = CARTESIAN_POINT ( 'NONE',  ( 3.699999999999992200, -1.299999999999988900, 0.7499999999999920100 ) ) ;
#3059 = LINE ( 'NONE', #3155, #3154 ) ;
#3060 = CARTESIAN_POINT ( 'NONE',  ( 4.250000000000000000, -1.300000000000000300, 0.7499999999999920100 ) ) ;
#3061 = CARTESIAN_POINT ( 'NONE',  ( 4.009999999999998000, -1.380000000000001900, 0.7499999999999920100 ) ) ;
#3062 = DIRECTION ( 'NONE',  ( 0.7999999999999990500, 0.6000000000000012000, 4.336808689942054200E-016 ) ) ;
#3063 = VECTOR ( 'NONE', #3062, 1000.000000000000300 ) ;
#3064 = CARTESIAN_POINT ( 'NONE',  ( 4.009999999999999800, -1.380000000000000800, 0.7499999999999945600 ) ) ;
#3065 = FACE_OUTER_BOUND ( 'NONE', #7181, .T. ) ;
#3066 = DIRECTION ( 'NONE',  ( -0.0000000000000000000, 1.000000000000000000, -0.0000000000000000000 ) ) ;
#3067 = VECTOR ( 'NONE', #3066, 1000.000000000000000 ) ;
#3068 = DIRECTION ( 'NONE',  ( 0.0000000000000000000, -1.000000000000000000, -0.0000000000000000000 ) ) ;
#3069 = CARTESIAN_POINT ( 'NONE',  ( 3.699999999999992600, -1.699999999999988400, 0.1499999999999956400 ) ) ;
#3070 = DIRECTION ( 'NONE',  ( 0.0000000000000000000, 1.000000000000000000, 8.673617379884035500E-016 ) ) ;
#3071 = DIRECTION ( 'NONE',  ( -0.0000000000000000000, -7.228014483236698500E-016, 1.000000000000000000 ) ) ;
#3072 = AXIS2_PLACEMENT_3D ( 'NONE', #3116, #3071, #3070 ) ;
#3073 = CIRCLE ( 'NONE', #3072, 0.2500000000000000000 ) ;
#3074 = CARTESIAN_POINT ( 'NONE',  ( 10.00000000000000000, -1.299999999999999800, 0.09999999999999419100 ) ) ;
#3075 = DIRECTION ( 'NONE',  ( 0.0000000000000000000, 0.0000000000000000000, 1.000000000000000000 ) ) ;
#3076 = FACE_OUTER_BOUND ( 'NONE', #7200, .T. ) ;
#3077 = DIRECTION ( 'NONE',  ( 0.7999999999999967100, 0.6000000000000043100, 4.336808689942048800E-016 ) ) ;
#3078 = DIRECTION ( 'NONE',  ( -0.6000000000000043100, 0.7999999999999967100, -1.445602896647363100E-016 ) ) ;
#3079 = CARTESIAN_POINT ( 'NONE',  ( 4.099999999999999600, -1.500000000000000700, 0.1499999999999947500 ) ) ;
#3080 = AXIS2_PLACEMENT_3D ( 'NONE', #3079, #3078, #3077 ) ;
#3081 = PLANE ( 'NONE',  #3080 ) ;
#3082 = DIRECTION ( 'NONE',  ( 1.000000000000000000, -0.0000000000000000000, -0.0000000000000000000 ) ) ;
#3083 = FACE_OUTER_BOUND ( 'NONE', #7190, .T. ) ;
#3084 = DIRECTION ( 'NONE',  ( -4.336808689942048800E-016, -1.445602896647362600E-016, 1.000000000000000000 ) ) ;
#3085 = VECTOR ( 'NONE', #3084, 1000.000000000000000 ) ;
#3086 = CARTESIAN_POINT ( 'NONE',  ( 3.850000000000000500, -1.500000000000000700, 0.1499999999999947500 ) ) ;
#3087 = LINE ( 'NONE', #3086, #3085 ) ;
#3088 = DIRECTION ( 'NONE',  ( 0.0000000000000000000, 1.000000000000000000, 7.453889935837844000E-016 ) ) ;
#3089 = DIRECTION ( 'NONE',  ( 0.0000000000000000000, 7.228014483236698500E-016, -1.000000000000000000 ) ) ;
#3090 = CARTESIAN_POINT ( 'NONE',  ( 4.250000000000000000, -1.700000000000000000, 0.1499999999999956400 ) ) ;
#3091 = AXIS2_PLACEMENT_3D ( 'NONE', #3090, #3089, #3088 ) ;
#3092 = DIRECTION ( 'NONE',  ( -1.000000000000000000, 0.0000000000000000000, -2.523234146875357000E-016 ) ) ;
#3093 = DIRECTION ( 'NONE',  ( -2.523234146875357000E-016, -0.0000000000000000000, 1.000000000000000000 ) ) ;
#3094 = AXIS2_PLACEMENT_3D ( 'NONE', #3172, #3093, #3092 ) ;
#3095 = AXIS2_PLACEMENT_3D ( 'NONE', #3190, #3189, #3188 ) ;
#3096 = CYLINDRICAL_SURFACE ( 'NONE', #3095, 0.2499999999999997800 ) ;
#3097 = CARTESIAN_POINT ( 'NONE',  ( 4.009999999999998900, -1.380000000000001200, 0.1499999999999947500 ) ) ;
#3098 = CARTESIAN_POINT ( 'NONE',  ( 3.850000000000000500, -1.500000000000000700, 0.1499999999999947500 ) ) ;
#3099 = CARTESIAN_POINT ( 'NONE',  ( 4.099999999999999600, -1.500000000000001100, 0.7499999999999945600 ) ) ;
#3100 = DIRECTION ( 'NONE',  ( -1.000000000000000000, -3.719247132494274400E-015, -1.445602896647389200E-016 ) ) ;
#3101 = VECTOR ( 'NONE', #3100, 1000.000000000000000 ) ;
#3102 = CARTESIAN_POINT ( 'NONE',  ( 3.699999999999992600, -1.699999999999988600, 0.1499999999999938900 ) ) ;
#3103 = LINE ( 'NONE', #3102, #3101 ) ;
#3104 = DIRECTION ( 'NONE',  ( -1.000000000000000000, -3.774758283725531400E-015, -1.445602896647388700E-016 ) ) ;
#3105 = DIRECTION ( 'NONE',  ( 1.445602896647372400E-016, 4.336808689942026600E-016, -1.000000000000000000 ) ) ;
#3106 = CARTESIAN_POINT ( 'NONE',  ( 4.250000000000000000, -1.300000000000000000, 0.1499999999999956400 ) ) ;
#3107 = CARTESIAN_POINT ( 'NONE',  ( 4.099999999999999600, -1.500000000000000700, 0.1499999999999947500 ) ) ;
#3108 = DIRECTION ( 'NONE',  ( -4.336808689942048800E-016, -1.445602896647362600E-016, 1.000000000000000000 ) ) ;
#3109 = VECTOR ( 'NONE', #3108, 1000.000000000000000 ) ;
#3110 = CARTESIAN_POINT ( 'NONE',  ( 4.009999999999999800, -1.380000000000000800, 0.1499999999999947500 ) ) ;
#3111 = LINE ( 'NONE', #3110, #3109 ) ;
#3112 = DIRECTION ( 'NONE',  ( 1.000000000000000000, 1.084202172485505200E-015, 7.453889935837847900E-016 ) ) ;
#3113 = DIRECTION ( 'NONE',  ( -1.445602896647374400E-016, -4.336808689942026600E-016, 1.000000000000000000 ) ) ;
#3114 = VECTOR ( 'NONE', #3113, 1000.000000000000000 ) ;
#3115 = CARTESIAN_POINT ( 'NONE',  ( 3.699999999999992600, -1.699999999999988600, 0.1499999999999938900 ) ) ;
#3116 = CARTESIAN_POINT ( 'NONE',  ( 4.250000000000000000, -1.700000000000000400, 0.7499999999999920100 ) ) ;
#3117 = DIRECTION ( 'NONE',  ( 1.000000000000000000, 8.673617379884043400E-016, 7.589415207398537900E-016 ) ) ;
#3118 = DIRECTION ( 'NONE',  ( 7.228014483236698500E-016, 7.228014483236698500E-016, -1.000000000000000000 ) ) ;
#3119 = CARTESIAN_POINT ( 'NONE',  ( 3.699999999999992600, -1.299999999999988500, 0.1499999999999956400 ) ) ;
#3120 = AXIS2_PLACEMENT_3D ( 'NONE', #3119, #3118, #3117 ) ;
#3121 = CIRCLE ( 'NONE', #3120, 0.2499999999999997800 ) ;
#3122 = LINE ( 'NONE', #3139, #3138 ) ;
#3123 = CIRCLE ( 'NONE', #3185, 0.4000000000000001900 ) ;
#3124 = DIRECTION ( 'NONE',  ( -0.7999999999999967100, -0.6000000000000043100, -4.336808689942048800E-016 ) ) ;
#3125 = VECTOR ( 'NONE', #3124, 1000.000000000000000 ) ;
#3126 = CARTESIAN_POINT ( 'NONE',  ( 4.099999999999999600, -1.500000000000001100, 0.7499999999999945600 ) ) ;
#3127 = LINE ( 'NONE', #3126, #3125 ) ;
#3128 = AXIS2_PLACEMENT_3D ( 'NONE', #3058, #3057, #3056 ) ;
#3129 = CIRCLE ( 'NONE', #3128, 0.2500000000000002200 ) ;
#3130 = DIRECTION ( 'NONE',  ( 0.7999999999999990500, 0.6000000000000012000, 4.336808689942054200E-016 ) ) ;
#3131 = DIRECTION ( 'NONE',  ( -0.0000000000000000000, 1.000000000000000000, -0.0000000000000000000 ) ) ;
#3132 = VECTOR ( 'NONE', #3131, 1000.000000000000000 ) ;
#3133 = CARTESIAN_POINT ( 'NONE',  ( 4.500000000000000900, -1.449999999999999700, 15.69999999999999200 ) ) ;
#3134 = LINE ( 'NONE', #3133, #3132 ) ;
#3135 = CARTESIAN_POINT ( 'NONE',  ( 4.500000000000000900, -1.299999999999999800, 15.69999999999999200 ) ) ;
#3136 = CARTESIAN_POINT ( 'NONE',  ( 5.500000000000000000, -1.449999999999999700, 15.69999999999999200 ) ) ;
#3137 = LINE ( 'NONE', #3136, #3067 ) ;
#3138 = VECTOR ( 'NONE', #3130, 1000.000000000000300 ) ;
#3139 = CARTESIAN_POINT ( 'NONE',  ( 4.009999999999999800, -1.380000000000000800, 0.1499999999999947500 ) ) ;
#3140 = DIRECTION ( 'NONE',  ( 0.0000000000000000000, 1.000000000000000000, 7.589415207398531000E-016 ) ) ;
#3141 = DIRECTION ( 'NONE',  ( 0.0000000000000000000, 7.228014483236698500E-016, -1.000000000000000000 ) ) ;
#3142 = CARTESIAN_POINT ( 'NONE',  ( 4.250000000000000000, -1.700000000000000000, 0.1499999999999956400 ) ) ;
#3143 = AXIS2_PLACEMENT_3D ( 'NONE', #3142, #3141, #3140 ) ;
#3144 = CARTESIAN_POINT ( 'NONE',  ( 3.699999999999985100, 0.4500000000000117800, 0.1499999999999947500 ) ) ;
#3145 = AXIS2_PLACEMENT_3D ( 'NONE', #3144, #3105, #3104 ) ;
#3146 = PLANE ( 'NONE',  #3145 ) ;
#3147 = FACE_OUTER_BOUND ( 'NONE', #7125, .T. ) ;
#3148 = DIRECTION ( 'NONE',  ( -1.000000000000000000, 0.0000000000000000000, 0.0000000000000000000 ) ) ;
#3149 = VECTOR ( 'NONE', #3148, 1000.000000000000000 ) ;
#3150 = CARTESIAN_POINT ( 'NONE',  ( 4.699999999999999300, -1.449999999999999700, 0.7499999999999945600 ) ) ;
#3151 = LINE ( 'NONE', #3150, #3149 ) ;
#3152 = FACE_OUTER_BOUND ( 'NONE', #7077, .T. ) ;
#3153 = DIRECTION ( 'NONE',  ( 0.0000000000000000000, 0.0000000000000000000, -1.000000000000000000 ) ) ;
#3154 = VECTOR ( 'NONE', #3153, 1000.000000000000000 ) ;
#3155 = CARTESIAN_POINT ( 'NONE',  ( 5.500000000000000000, -1.299999999999999800, 29.00370380478671400 ) ) ;
#3156 = DIRECTION ( 'NONE',  ( 7.228014483236698500E-016, 7.228014483236698500E-016, -1.000000000000000000 ) ) ;
#3157 = CARTESIAN_POINT ( 'NONE',  ( 3.699999999999992600, -1.299999999999988500, 0.1499999999999956400 ) ) ;
#3158 = AXIS2_PLACEMENT_3D ( 'NONE', #3157, #3156, #3112 ) ;
#3159 = CIRCLE ( 'NONE', #3158, 0.3999999999999997400 ) ;
#3160 = DIRECTION ( 'NONE',  ( -1.000000000000000000, 0.0000000000000000000, 0.0000000000000000000 ) ) ;
#3161 = VECTOR ( 'NONE', #3160, 1000.000000000000000 ) ;
#3162 = CARTESIAN_POINT ( 'NONE',  ( -0.7402166325562202800, -1.299999999999999800, 0.1499999999999956400 ) ) ;
#3163 = LINE ( 'NONE', #3162, #3161 ) ;
#3164 = AXIS2_PLACEMENT_3D ( 'NONE', #3049, #3068, #3196 ) ;
#3165 = CIRCLE ( 'NONE', #3091, 0.3999999999999999700 ) ;
#3166 = CARTESIAN_POINT ( 'NONE',  ( 4.250000000000000000, -1.450000000000000000, 0.1499999999999956400 ) ) ;
#3167 = CARTESIAN_POINT ( 'NONE',  ( 3.939999999999992000, -1.619999999999989000, 0.1499999999999956400 ) ) ;
#3168 = DIRECTION ( 'NONE',  ( -1.000000000000000000, 0.0000000000000000000, 0.0000000000000000000 ) ) ;
#3169 = VECTOR ( 'NONE', #3168, 1000.000000000000000 ) ;
#3170 = CARTESIAN_POINT ( 'NONE',  ( -0.7402166325562202800, -1.449999999999999700, 0.1499999999999956400 ) ) ;
#3171 = LINE ( 'NONE', #3170, #3169 ) ;
#3172 = CARTESIAN_POINT ( 'NONE',  ( 10.00000000000000000, -1.449999999999999700, 15.69999999999999200 ) ) ;
#3173 = PLANE ( 'NONE',  #3094 ) ;
#3174 = DIRECTION ( 'NONE',  ( 0.0000000000000000000, 1.000000000000000000, 8.131516293641284200E-016 ) ) ;
#3175 = DIRECTION ( 'NONE',  ( -0.0000000000000000000, -7.228014483236698500E-016, 1.000000000000000000 ) ) ;
#3176 = CARTESIAN_POINT ( 'NONE',  ( 4.250000000000000000, -1.700000000000000400, 0.7499999999999920100 ) ) ;
#3177 = AXIS2_PLACEMENT_3D ( 'NONE', #3176, #3175, #3174 ) ;
#3178 = CIRCLE ( 'NONE', #3177, 0.3999999999999999700 ) ;
#3179 = LINE ( 'NONE', #3053, #3052 ) ;
#3180 = DIRECTION ( 'NONE',  ( -1.000000000000000000, -3.774758283725531400E-015, -1.445602896647388700E-016 ) ) ;
#3181 = PLANE ( 'NONE',  #3164 ) ;
#3182 = DIRECTION ( 'NONE',  ( 1.000000000000000000, 0.0000000000000000000, 8.131516293641279300E-016 ) ) ;
#3183 = DIRECTION ( 'NONE',  ( -7.228014483236698500E-016, -7.228014483236698500E-016, 1.000000000000000000 ) ) ;
#3184 = CARTESIAN_POINT ( 'NONE',  ( 3.699999999999992200, -1.299999999999988900, 0.7499999999999920100 ) ) ;
#3185 = AXIS2_PLACEMENT_3D ( 'NONE', #3184, #3183, #3182 ) ;
#3186 = LINE ( 'NONE', #3115, #3114 ) ;
#3187 = CIRCLE ( 'NONE', #3143, 0.2500000000000000000 ) ;
#3188 = DIRECTION ( 'NONE',  ( 1.000000000000000000, 0.0000000000000000000, 0.0000000000000000000 ) ) ;
#3189 = DIRECTION ( 'NONE',  ( -7.228014483236698500E-016, -7.228014483236698500E-016, 1.000000000000000000 ) ) ;
#3190 = CARTESIAN_POINT ( 'NONE',  ( 3.700000000000017100, -1.299999999999964100, -33.52421525915891500 ) ) ;
#3191 = DIRECTION ( 'NONE',  ( 1.445602896647372400E-016, 4.336808689942026600E-016, -1.000000000000000000 ) ) ;
#3192 = AXIS2_PLACEMENT_3D ( 'NONE', #3193, #3191, #3180 ) ;
#3193 = CARTESIAN_POINT ( 'NONE',  ( 3.699999999999984600, 0.4500000000000117800, 0.7499999999999945600 ) ) ;
#3194 = PLANE ( 'NONE',  #3192 ) ;
#3195 = FACE_OUTER_BOUND ( 'NONE', #7146, .T. ) ;
#3196 = DIRECTION ( 'NONE',  ( -1.000000000000000000, 0.0000000000000000000, -0.0000000000000000000 ) ) ;
#3197 = DIRECTION ( 'NONE',  ( 1.000000000000000000, 0.0000000000000000000, 0.0000000000000000000 ) ) ;
#3198 = DIRECTION ( 'NONE',  ( -7.228014483236698500E-016, -7.228014483236698500E-016, 1.000000000000000000 ) ) ;
#3199 = CARTESIAN_POINT ( 'NONE',  ( 3.700000000000017100, -1.299999999999964100, -33.52421525915891500 ) ) ;
#3200 = AXIS2_PLACEMENT_3D ( 'NONE', #3199, #3198, #3197 ) ;
#3201 = PLANE ( 'NONE',  #3214 ) ;
#3202 = FACE_OUTER_BOUND ( 'NONE', #7234, .T. ) ;
#3203 = AXIS2_PLACEMENT_3D ( 'NONE', #3252, #3242, #3241 ) ;
#3204 = FACE_OUTER_BOUND ( 'NONE', #7206, .T. ) ;
#3205 = FACE_OUTER_BOUND ( 'NONE', #7219, .T. ) ;
#3206 = CYLINDRICAL_SURFACE ( 'NONE', #3200, 0.3999999999999997400 ) ;
#3207 = FACE_OUTER_BOUND ( 'NONE', #7159, .T. ) ;
#3208 = CARTESIAN_POINT ( 'NONE',  ( 4.250000000000000000, -1.700000000000024600, 34.38197628560691000 ) ) ;
#3209 = AXIS2_PLACEMENT_3D ( 'NONE', #3208, #3231, #3230 ) ;
#3210 = CYLINDRICAL_SURFACE ( 'NONE', #3209, 0.2500000000000000000 ) ;
#3211 = DIRECTION ( 'NONE',  ( -1.000000000000000000, 0.0000000000000000000, -0.0000000000000000000 ) ) ;
#3212 = DIRECTION ( 'NONE',  ( 0.0000000000000000000, -1.000000000000000000, -0.0000000000000000000 ) ) ;
#3213 = CARTESIAN_POINT ( 'NONE',  ( 10.00000000000000000, -1.299999999999999800, 18.99999999999999600 ) ) ;
#3214 = AXIS2_PLACEMENT_3D ( 'NONE', #3213, #3212, #3211 ) ;
#3215 = FACE_OUTER_BOUND ( 'NONE', #7236, .T. ) ;
#3216 = CARTESIAN_POINT ( 'NONE',  ( 5.999999999999995600, -1.449999999999999700, 18.99999999999999600 ) ) ;
#3217 = PLANE ( 'NONE',  #3251 ) ;
#3218 = DIRECTION ( 'NONE',  ( -1.000000000000000000, 0.0000000000000000000, -0.0000000000000000000 ) ) ;
#3219 = DIRECTION ( 'NONE',  ( 0.0000000000000000000, -1.000000000000000000, -0.0000000000000000000 ) ) ;
#3220 = CARTESIAN_POINT ( 'NONE',  ( 10.00000000000000000, -1.449999999999999700, 18.99999999999999600 ) ) ;
#3221 = AXIS2_PLACEMENT_3D ( 'NONE', #3220, #3219, #3218 ) ;
#3222 = PLANE ( 'NONE',  #3221 ) ;
#3223 = VECTOR ( 'NONE', #3224, 1000.000000000000000 ) ;
#3224 = DIRECTION ( 'NONE',  ( -1.000000000000000000, 0.0000000000000000000, -0.0000000000000000000 ) ) ;
#3225 = FACE_OUTER_BOUND ( 'NONE', #7381, .T. ) ;
#3226 = DIRECTION ( 'NONE',  ( 0.0000000000000000000, 0.0000000000000000000, -1.000000000000000000 ) ) ;
#3227 = VECTOR ( 'NONE', #3226, 1000.000000000000000 ) ;
#3228 = CARTESIAN_POINT ( 'NONE',  ( 4.500000000000000900, -1.299999999999999800, 29.00370380478671400 ) ) ;
#3229 = LINE ( 'NONE', #3228, #3227 ) ;
#3230 = DIRECTION ( 'NONE',  ( 0.0000000000000000000, 1.000000000000000000, 0.0000000000000000000 ) ) ;
#3231 = DIRECTION ( 'NONE',  ( 0.0000000000000000000, 7.228014483236698500E-016, -1.000000000000000000 ) ) ;
#3232 = DIRECTION ( 'NONE',  ( -0.7999999999999967100, -0.6000000000000043100, -4.336808689942048800E-016 ) ) ;
#3233 = VECTOR ( 'NONE', #3232, 1000.000000000000000 ) ;
#3234 = CARTESIAN_POINT ( 'NONE',  ( 4.099999999999999600, -1.500000000000000700, 0.1499999999999947500 ) ) ;
#3235 = LINE ( 'NONE', #3234, #3233 ) ;
#3236 = DIRECTION ( 'NONE',  ( -0.7999999999999990500, -0.6000000000000012000, -4.336808689942054200E-016 ) ) ;
#3237 = FACE_OUTER_BOUND ( 'NONE', #7167, .T. ) ;
#3238 = DIRECTION ( 'NONE',  ( -4.336808689942048800E-016, -1.445602896647362600E-016, 1.000000000000000000 ) ) ;
#3239 = VECTOR ( 'NONE', #3238, 1000.000000000000000 ) ;
#3240 = CARTESIAN_POINT ( 'NONE',  ( 3.940000000000000800, -1.620000000000000600, 0.1499999999999947500 ) ) ;
#3241 = DIRECTION ( 'NONE',  ( 0.0000000000000000000, 0.0000000000000000000, 1.000000000000000000 ) ) ;
#3242 = DIRECTION ( 'NONE',  ( -1.000000000000000000, 0.0000000000000000000, 0.0000000000000000000 ) ) ;
#3243 = PLANE ( 'NONE',  #3203 ) ;
#3244 = DIRECTION ( 'NONE',  ( 0.6000000000000013100, -0.7999999999999991600, 1.445602896647346300E-016 ) ) ;
#3245 = CARTESIAN_POINT ( 'NONE',  ( 4.009999999999999800, -1.380000000000000800, 0.1499999999999947500 ) ) ;
#3246 = AXIS2_PLACEMENT_3D ( 'NONE', #3245, #3244, #3236 ) ;
#3247 = PLANE ( 'NONE',  #3246 ) ;
#3248 = LINE ( 'NONE', #3240, #3239 ) ;
#3249 = DIRECTION ( 'NONE',  ( 8.182657905550978300E-017, 0.0000000000000000000, 1.000000000000000000 ) ) ;
#3250 = DIRECTION ( 'NONE',  ( 1.000000000000000000, 0.0000000000000000000, -8.182657905550978300E-017 ) ) ;
#3251 = AXIS2_PLACEMENT_3D ( 'NONE', #3216, #3250, #3249 ) ;
#3252 = CARTESIAN_POINT ( 'NONE',  ( 5.500000000000000000, 65.90119046564578300, 29.00370380478671400 ) ) ;
#3253 = DIRECTION ( 'NONE',  ( 0.0000000000000000000, 0.0000000000000000000, 1.000000000000000000 ) ) ;
#3254 = DIRECTION ( 'NONE',  ( -1.000000000000000000, 0.0000000000000000000, 0.0000000000000000000 ) ) ;
#3255 = CARTESIAN_POINT ( 'NONE',  ( 6.449999999999990400, -0.5199999999999998000, 6.779999999999999400 ) ) ;
#3256 = AXIS2_PLACEMENT_3D ( 'NONE', #3255, #3254, #3253 ) ;
#3257 = AXIS2_PLACEMENT_3D ( 'NONE', #3016, #3082, #3075 ) ;
#3258 = CIRCLE ( 'NONE', #3257, 0.06771243444677471600 ) ;
#3259 = CARTESIAN_POINT ( 'NONE',  ( 6.100000000000000500, -1.299999999999999800, 9.499999999999996400 ) ) ;
#3260 = PLANE ( 'NONE',  #3256 ) ;
#3261 = CARTESIAN_POINT ( 'NONE',  ( 6.449999999999990400, -0.6522875655532254200, 6.580000000000000100 ) ) ;
#3262 = LINE ( 'NONE', #3265, #3287 ) ;
#3263 = CARTESIAN_POINT ( 'NONE',  ( 6.449999999999990400, -0.7199999999999998600, 6.647712434446774800 ) ) ;
#3264 = LINE ( 'NONE', #3074, #3223 ) ;
#3265 = CARTESIAN_POINT ( 'NONE',  ( 5.549999999999998900, -1.649999999999999700, 9.499999999999996400 ) ) ;
#3266 = DIRECTION ( 'NONE',  ( -1.000000000000000000, 0.0000000000000000000, -0.0000000000000000000 ) ) ;
#3267 = PLANE ( 'NONE',  #3289 ) ;
#3268 = CARTESIAN_POINT ( 'NONE',  ( 6.249999999999991100, -0.7199999999999999700, 3.679999999999999700 ) ) ;
#3269 = AXIS2_PLACEMENT_3D ( 'NONE', #3268, #3297, #3296 ) ;
#3270 = TOROIDAL_SURFACE ( 'NONE', #3269, 0.06771243444677436900, 0.2000000000000000100 ) ;
#3271 = CARTESIAN_POINT ( 'NONE',  ( 10.00000000000000000, -1.299999999999999800, 0.09999999999999419100 ) ) ;
#3272 = DIRECTION ( 'NONE',  ( 1.000000000000000000, 0.0000000000000000000, 0.0000000000000000000 ) ) ;
#3273 = DIRECTION ( 'NONE',  ( 0.0000000000000000000, 0.0000000000000000000, 1.000000000000000000 ) ) ;
#3274 = CARTESIAN_POINT ( 'NONE',  ( 6.249999999999991100, -0.7877124344467701900, 6.580000000000000100 ) ) ;
#3275 = CARTESIAN_POINT ( 'NONE',  ( 6.399999999999990600, -0.9199999999999999300, 6.580000000000000100 ) ) ;
#3276 = AXIS2_PLACEMENT_3D ( 'NONE', #3274, #3273, #3272 ) ;
#3277 = CIRCLE ( 'NONE', #3276, 0.1999999999999996500 ) ;
#3278 = CARTESIAN_POINT ( 'NONE',  ( 6.399999999999990600, -0.7199999999999998600, 3.479999999999999500 ) ) ;
#3279 = DIRECTION ( 'NONE',  ( -0.0000000000000000000, -0.0000000000000000000, 1.000000000000000000 ) ) ;
#3280 = VECTOR ( 'NONE', #3279, 1000.000000000000000 ) ;
#3281 = CARTESIAN_POINT ( 'NONE',  ( 6.399999999999990600, -0.9199999999999999300, 6.779999999999999400 ) ) ;
#3282 = LINE ( 'NONE', #3281, #3280 ) ;
#3283 = CIRCLE ( 'NONE', #3292, 0.2000000000000000900 ) ;
#3284 = DIRECTION ( 'NONE',  ( 1.334402673828315300E-016, 0.0000000000000000000, -1.000000000000000000 ) ) ;
#3285 = DIRECTION ( 'NONE',  ( 1.000000000000000000, 0.0000000000000000000, 1.334402673828315300E-016 ) ) ;
#3286 = DIRECTION ( 'NONE',  ( 0.0000000000000000000, 0.0000000000000000000, 1.000000000000000000 ) ) ;
#3287 = VECTOR ( 'NONE', #3286, 1000.000000000000000 ) ;
#3288 = CARTESIAN_POINT ( 'NONE',  ( -2.850000000000003200, 65.90119046564578300, 29.00370380478671400 ) ) ;
#3289 = AXIS2_PLACEMENT_3D ( 'NONE', #3288, #3285, #3284 ) ;
#3290 = FACE_OUTER_BOUND ( 'NONE', #7279, .T. ) ;
#3291 = CARTESIAN_POINT ( 'NONE',  ( 6.399999999999994100, -0.7199999999999999700, 3.679999999999999700 ) ) ;
#3292 = AXIS2_PLACEMENT_3D ( 'NONE', #3291, #3294, #3293 ) ;
#3293 = DIRECTION ( 'NONE',  ( 0.0000000000000000000, 0.0000000000000000000, -1.000000000000000000 ) ) ;
#3294 = DIRECTION ( 'NONE',  ( -1.000000000000000000, -0.0000000000000000000, 4.982546748554703600E-017 ) ) ;
#3295 = VECTOR ( 'NONE', #3266, 1000.000000000000000 ) ;
#3296 = DIRECTION ( 'NONE',  ( 0.0000000000000000000, 0.0000000000000000000, -1.000000000000000000 ) ) ;
#3297 = DIRECTION ( 'NONE',  ( 1.000000000000000000, -0.0000000000000000000, -0.0000000000000000000 ) ) ;
#3298 = FACE_OUTER_BOUND ( 'NONE', #7265, .T. ) ;
#3299 = LINE ( 'NONE', #3271, #3295 ) ;
#3300 = LINE ( 'NONE', #3304, #3303 ) ;
#3301 = CARTESIAN_POINT ( 'NONE',  ( 2.100000000000000100, -1.299999999999999800, 0.09999999999999419100 ) ) ;
#3302 = DIRECTION ( 'NONE',  ( -2.668805347656631100E-016, 0.0000000000000000000, 1.000000000000000000 ) ) ;
#3303 = VECTOR ( 'NONE', #3302, 1000.000000000000000 ) ;
#3304 = CARTESIAN_POINT ( 'NONE',  ( 2.099999999999992500, -1.299999999999999800, 29.00370380478671400 ) ) ;
#3305 = DIRECTION ( 'NONE',  ( 0.0000000000000000000, 0.0000000000000000000, -1.000000000000000000 ) ) ;
#3306 = DIRECTION ( 'NONE',  ( 1.000000000000000000, -0.0000000000000000000, -0.0000000000000000000 ) ) ;
#3307 = CARTESIAN_POINT ( 'NONE',  ( 6.249999999999991100, -0.7199999999999998600, 6.580000000000000100 ) ) ;
#3308 = AXIS2_PLACEMENT_3D ( 'NONE', #3307, #3306, #3305 ) ;
#3309 = TOROIDAL_SURFACE ( 'NONE', #3308, 0.06771243444677436900, 0.2000000000000000100 ) ;
#3310 = FACE_OUTER_BOUND ( 'NONE', #8450, .T. ) ;
#3311 = DIRECTION ( 'NONE',  ( 5.310377987684116700E-016, 0.0000000000000000000, 1.000000000000000000 ) ) ;
#3312 = VECTOR ( 'NONE', #3311, 1000.000000000000000 ) ;
#3313 = CARTESIAN_POINT ( 'NONE',  ( -1.749999999999984000, -1.299999999999999800, 29.00370380478671400 ) ) ;
#3314 = LINE ( 'NONE', #3313, #3312 ) ;
#3315 = DIRECTION ( 'NONE',  ( -0.0000000000000000000, 1.000000000000000000, -0.0000000000000000000 ) ) ;
#3316 = VECTOR ( 'NONE', #3315, 1000.000000000000000 ) ;
#3317 = CARTESIAN_POINT ( 'NONE',  ( -2.849999999999999200, -1.449999999999999700, 0.09999999999999419100 ) ) ;
#3318 = LINE ( 'NONE', #3317, #3316 ) ;
#3319 = CARTESIAN_POINT ( 'NONE',  ( 6.249999999999991100, -0.7199999999999998600, 3.679999999999999700 ) ) ;
#3320 = CARTESIAN_POINT ( 'NONE',  ( 6.399999999999990600, -0.5199999999999998000, 3.679999999999999700 ) ) ;
#3321 = CARTESIAN_POINT ( 'NONE',  ( -7.149999999999999500, -0.5199999999999998000, 3.679999999999999700 ) ) ;
#3322 = TOROIDAL_SURFACE ( 'NONE', #3324, 0.06771243444677436900, 0.2000000000000000100 ) ;
#3323 = DIRECTION ( 'NONE',  ( 1.000000000000000000, -0.0000000000000000000, -0.0000000000000000000 ) ) ;
#3324 = AXIS2_PLACEMENT_3D ( 'NONE', #3319, #3323, #3334 ) ;
#3325 = DIRECTION ( 'NONE',  ( 0.0000000000000000000, 0.0000000000000000000, 1.000000000000000000 ) ) ;
#3326 = DIRECTION ( 'NONE',  ( -1.000000000000000000, 0.0000000000000000000, 0.0000000000000000000 ) ) ;
#3327 = AXIS2_PLACEMENT_3D ( 'NONE', #3330, #3326, #3325 ) ;
#3328 = LINE ( 'NONE', #3259, #3415 ) ;
#3329 = CARTESIAN_POINT ( 'NONE',  ( 5.999999999999999100, -0.04999999999999969700, 3.059999999999994300 ) ) ;
#3330 = CARTESIAN_POINT ( 'NONE',  ( 1.000000000000000200, -1.299999999999999800, 29.00370380478671400 ) ) ;
#3331 = PLANE ( 'NONE',  #3327 ) ;
#3332 = FACE_OUTER_BOUND ( 'NONE', #8522, .T. ) ;
#3333 = FACE_OUTER_BOUND ( 'NONE', #7327, .T. ) ;
#3334 = DIRECTION ( 'NONE',  ( 0.0000000000000000000, 0.0000000000000000000, -1.000000000000000000 ) ) ;
#3335 = LINE ( 'NONE', #3407, #3406 ) ;
#3336 = CARTESIAN_POINT ( 'NONE',  ( -2.849999999999999600, -1.299999999999999800, 0.09999999999999419100 ) ) ;
#3337 = DIRECTION ( 'NONE',  ( -1.000000000000000000, 0.0000000000000000000, 0.0000000000000000000 ) ) ;
#3338 = VECTOR ( 'NONE', #3337, 1000.000000000000000 ) ;
#3339 = VECTOR ( 'NONE', #3484, 1000.000000000000000 ) ;
#3340 = CARTESIAN_POINT ( 'NONE',  ( 10.00000000000000000, -1.449999999999999700, 0.09999999999999419100 ) ) ;
#3341 = LINE ( 'NONE', #3340, #3339 ) ;
#3342 = DIRECTION ( 'NONE',  ( 0.0000000000000000000, 1.000000000000000000, 0.0000000000000000000 ) ) ;
#3343 = VECTOR ( 'NONE', #3342, 1000.000000000000000 ) ;
#3344 = DIRECTION ( 'NONE',  ( -1.000000000000000000, 0.0000000000000000000, -0.0000000000000000000 ) ) ;
#3345 = DIRECTION ( 'NONE',  ( 0.0000000000000000000, -1.000000000000000000, -0.0000000000000000000 ) ) ;
#3346 = CARTESIAN_POINT ( 'NONE',  ( 10.00000000000000000, -1.449999999999999700, 18.99999999999999600 ) ) ;
#3347 = CARTESIAN_POINT ( 'NONE',  ( 0.9999999999999993300, -1.299999999999999800, 0.09999999999999419100 ) ) ;
#3348 = CARTESIAN_POINT ( 'NONE',  ( -6.650000000000000400, 65.90119046564578300, 6.499999999999993800 ) ) ;
#3349 = LINE ( 'NONE', #3348, #3343 ) ;
#3350 = DIRECTION ( 'NONE',  ( 0.0000000000000000000, 0.0000000000000000000, -1.000000000000000000 ) ) ;
#3351 = DIRECTION ( 'NONE',  ( 1.000000000000000000, -0.0000000000000000000, 0.0000000000000000000 ) ) ;
#3352 = AXIS2_PLACEMENT_3D ( 'NONE', #3468, #3351, #3350 ) ;
#3353 = DIRECTION ( 'NONE',  ( -0.0000000000000000000, -0.0000000000000000000, -1.000000000000000000 ) ) ;
#3354 = VECTOR ( 'NONE', #3353, 1000.000000000000000 ) ;
#3355 = CARTESIAN_POINT ( 'NONE',  ( 6.449999999999990400, -0.7877124344467741900, 6.779999999999999400 ) ) ;
#3356 = CARTESIAN_POINT ( 'NONE',  ( -2.849999999999999200, -1.449999999999999700, 0.09999999999999419100 ) ) ;
#3357 = CARTESIAN_POINT ( 'NONE',  ( 6.249999999999990200, -0.7200000000000000800, 6.580000000000000100 ) ) ;
#3358 = CARTESIAN_POINT ( 'NONE',  ( 6.249999999999990200, -0.7877124344467753000, 6.580000000000000100 ) ) ;
#3359 = DIRECTION ( 'NONE',  ( 0.0000000000000000000, -0.0000000000000000000, 1.000000000000000000 ) ) ;
#3360 = VECTOR ( 'NONE', #3359, 1000.000000000000000 ) ;
#3361 = CARTESIAN_POINT ( 'NONE',  ( 6.249999999999990200, -0.7877124344467753000, 3.479999999999999500 ) ) ;
#3362 = LINE ( 'NONE', #3361, #3360 ) ;
#3363 = CARTESIAN_POINT ( 'NONE',  ( 0.9999999999999993300, -1.449999999999999700, 0.09999999999999419100 ) ) ;
#3364 = DIRECTION ( 'NONE',  ( 0.0000000000000000000, 0.0000000000000000000, 1.000000000000000000 ) ) ;
#3365 = DIRECTION ( 'NONE',  ( -1.000000000000000000, 0.0000000000000000000, -0.0000000000000000000 ) ) ;
#3366 = DIRECTION ( 'NONE',  ( 0.0000000000000000000, -1.000000000000000000, -0.0000000000000000000 ) ) ;
#3367 = CARTESIAN_POINT ( 'NONE',  ( 10.00000000000000000, -1.299999999999999800, 18.99999999999999600 ) ) ;
#3368 = AXIS2_PLACEMENT_3D ( 'NONE', #3367, #3366, #3365 ) ;
#3369 = CARTESIAN_POINT ( 'NONE',  ( 6.449999999999990400, -0.6522875655532254200, 3.679999999999999700 ) ) ;
#3370 = CARTESIAN_POINT ( 'NONE',  ( 6.449999999999990400, -0.7199999999999999700, 3.612287565553225400 ) ) ;
#3371 = DIRECTION ( 'NONE',  ( 0.0000000000000000000, 0.0000000000000000000, 1.000000000000000000 ) ) ;
#3372 = DIRECTION ( 'NONE',  ( 1.000000000000000000, -0.0000000000000000000, -0.0000000000000000000 ) ) ;
#3373 = AXIS2_PLACEMENT_3D ( 'NONE', #3378, #3372, #3371 ) ;
#3374 = CIRCLE ( 'NONE', #3373, 0.06771243444677428600 ) ;
#3375 = DIRECTION ( 'NONE',  ( -1.000000000000000000, 0.0000000000000000000, -0.0000000000000000000 ) ) ;
#3376 = DIRECTION ( 'NONE',  ( 0.0000000000000000000, -1.000000000000000000, -0.0000000000000000000 ) ) ;
#3377 = AXIS2_PLACEMENT_3D ( 'NONE', #3379, #3376, #3375 ) ;
#3378 = CARTESIAN_POINT ( 'NONE',  ( 6.449999999999990400, -0.7199999999999998600, 3.679999999999999700 ) ) ;
#3379 = CARTESIAN_POINT ( 'NONE',  ( 10.00000000000000000, -1.299999999999999800, 18.99999999999999600 ) ) ;
#3380 = PLANE ( 'NONE',  #3377 ) ;
#3381 = FACE_OUTER_BOUND ( 'NONE', #7249, .T. ) ;
#3382 = DIRECTION ( 'NONE',  ( 0.0000000000000000000, 0.0000000000000000000, -1.000000000000000000 ) ) ;
#3383 = DIRECTION ( 'NONE',  ( -1.000000000000000000, -0.0000000000000000000, 0.0000000000000000000 ) ) ;
#3384 = AXIS2_PLACEMENT_3D ( 'NONE', #3357, #3383, #3382 ) ;
#3385 = CIRCLE ( 'NONE', #3384, 0.06771243444677557700 ) ;
#3386 = DIRECTION ( 'NONE',  ( -1.334402673828315300E-016, 0.0000000000000000000, 1.000000000000000000 ) ) ;
#3387 = VECTOR ( 'NONE', #3386, 1000.000000000000000 ) ;
#3388 = CARTESIAN_POINT ( 'NONE',  ( -2.850000000000003200, -1.449999999999999700, 29.00370380478671400 ) ) ;
#3389 = LINE ( 'NONE', #3388, #3387 ) ;
#3390 = DIRECTION ( 'NONE',  ( -1.000000000000000000, 0.0000000000000000000, 0.0000000000000000000 ) ) ;
#3391 = DIRECTION ( 'NONE',  ( 0.0000000000000000000, -0.0000000000000000000, 1.000000000000000000 ) ) ;
#3392 = DIRECTION ( 'NONE',  ( 0.0000000000000000000, 0.0000000000000000000, 1.000000000000000000 ) ) ;
#3393 = DIRECTION ( 'NONE',  ( 1.000000000000000000, -0.0000000000000000000, -0.0000000000000000000 ) ) ;
#3394 = CARTESIAN_POINT ( 'NONE',  ( 6.449999999999990400, -0.7199999999999999700, 3.679999999999999700 ) ) ;
#3395 = AXIS2_PLACEMENT_3D ( 'NONE', #3394, #3393, #3392 ) ;
#3396 = CIRCLE ( 'NONE', #3395, 0.06771243444677428600 ) ;
#3397 = DIRECTION ( 'NONE',  ( 1.000000000000000000, -0.0000000000000000000, -0.0000000000000000000 ) ) ;
#3398 = AXIS2_PLACEMENT_3D ( 'NONE', #3434, #3397, #3364 ) ;
#3399 = CIRCLE ( 'NONE', #3398, 0.06771243444677471600 ) ;
#3400 = CARTESIAN_POINT ( 'NONE',  ( 6.449999999999990400, -0.7877124344467743000, 6.580000000000000100 ) ) ;
#3401 = CARTESIAN_POINT ( 'NONE',  ( 10.00000000000000000, -1.449999999999999700, 0.09999999999999419100 ) ) ;
#3402 = AXIS2_PLACEMENT_3D ( 'NONE', #3401, #3391, #3390 ) ;
#3403 = PLANE ( 'NONE',  #3402 ) ;
#3404 = FACE_OUTER_BOUND ( 'NONE', #7342, .T. ) ;
#3405 = DIRECTION ( 'NONE',  ( -0.0000000000000000000, 1.000000000000000000, -0.0000000000000000000 ) ) ;
#3406 = VECTOR ( 'NONE', #3405, 1000.000000000000000 ) ;
#3407 = CARTESIAN_POINT ( 'NONE',  ( -1.749999999999999600, -1.449999999999999700, 0.09999999999999419100 ) ) ;
#3408 = LINE ( 'NONE', #3355, #3354 ) ;
#3409 = DIRECTION ( 'NONE',  ( 0.0000000000000000000, 0.0000000000000000000, -1.000000000000000000 ) ) ;
#3410 = DIRECTION ( 'NONE',  ( 1.000000000000000000, 0.0000000000000000000, 0.0000000000000000000 ) ) ;
#3411 = DIRECTION ( 'NONE',  ( 4.982546748554703600E-017, 0.0000000000000000000, 1.000000000000000000 ) ) ;
#3412 = AXIS2_PLACEMENT_3D ( 'NONE', #3416, #3411, #3410 ) ;
#3413 = CYLINDRICAL_SURFACE ( 'NONE', #3412, 0.1999999999999996500 ) ;
#3414 = VECTOR ( 'NONE', #3624, 1000.000000000000100 ) ;
#3415 = VECTOR ( 'NONE', #3409, 1000.000000000000000 ) ;
#3416 = CARTESIAN_POINT ( 'NONE',  ( 6.249999999999991100, -0.7877124344467741900, 3.479999999999999500 ) ) ;
#3417 = FACE_OUTER_BOUND ( 'NONE', #7398, .T. ) ;
#3418 = CARTESIAN_POINT ( 'NONE',  ( -7.199999999999995700, -0.7877124344467761900, 6.580000000000000100 ) ) ;
#3419 = CARTESIAN_POINT ( 'NONE',  ( -7.199999999999995700, -0.7200000000000002000, 3.612287565553223200 ) ) ;
#3420 = DIRECTION ( 'NONE',  ( 0.0000000000000000000, 0.0000000000000000000, 1.000000000000000000 ) ) ;
#3421 = VECTOR ( 'NONE', #3420, 1000.000000000000000 ) ;
#3422 = CARTESIAN_POINT ( 'NONE',  ( 6.449999999999990400, -0.6522875655532254200, 6.779999999999999400 ) ) ;
#3423 = LINE ( 'NONE', #3422, #3421 ) ;
#3424 = CARTESIAN_POINT ( 'NONE',  ( 2.099999999999992500, 65.90119046564578300, 29.00370380478671400 ) ) ;
#3425 = AXIS2_PLACEMENT_3D ( 'NONE', #3424, #3480, #3479 ) ;
#3426 = PLANE ( 'NONE',  #3425 ) ;
#3427 = VECTOR ( 'NONE', #3431, 1000.000000000000000 ) ;
#3428 = CARTESIAN_POINT ( 'NONE',  ( 1.000000000000000200, -1.299999999999999800, 29.00370380478671400 ) ) ;
#3429 = LINE ( 'NONE', #3428, #3427 ) ;
#3430 = CARTESIAN_POINT ( 'NONE',  ( 0.9999999999999993300, -1.449999999999999700, 0.09999999999999419100 ) ) ;
#3431 = DIRECTION ( 'NONE',  ( 0.0000000000000000000, 0.0000000000000000000, -1.000000000000000000 ) ) ;
#3432 = FACE_OUTER_BOUND ( 'NONE', #7312, .T. ) ;
#3433 = VECTOR ( 'NONE', #3473, 1000.000000000000000 ) ;
#3434 = CARTESIAN_POINT ( 'NONE',  ( 6.449999999999990400, -0.7199999999999999700, 6.580000000000000100 ) ) ;
#3435 = PLANE ( 'NONE',  #3436 ) ;
#3436 = AXIS2_PLACEMENT_3D ( 'NONE', #3346, #3345, #3344 ) ;
#3437 = DIRECTION ( 'NONE',  ( 0.0000000000000000000, 0.0000000000000000000, -1.000000000000000000 ) ) ;
#3438 = VECTOR ( 'NONE', #3437, 1000.000000000000000 ) ;
#3439 = CARTESIAN_POINT ( 'NONE',  ( 1.000000000000000200, -1.449999999999999700, 29.00370380478671400 ) ) ;
#3440 = LINE ( 'NONE', #3439, #3438 ) ;
#3441 = CARTESIAN_POINT ( 'NONE',  ( -1.749999999999984000, -1.299999999999999800, 29.00370380478671400 ) ) ;
#3442 = PLANE ( 'NONE',  #3462 ) ;
#3443 = DIRECTION ( 'NONE',  ( -1.000000000000000000, 0.0000000000000000000, -0.0000000000000000000 ) ) ;
#3444 = DIRECTION ( 'NONE',  ( 0.0000000000000000000, -1.000000000000000000, -0.0000000000000000000 ) ) ;
#3445 = CARTESIAN_POINT ( 'NONE',  ( 10.00000000000000000, -1.449999999999999700, 18.99999999999999600 ) ) ;
#3446 = PLANE ( 'NONE',  #3448 ) ;
#3447 = FACE_OUTER_BOUND ( 'NONE', #7291, .T. ) ;
#3448 = AXIS2_PLACEMENT_3D ( 'NONE', #3445, #3444, #3443 ) ;
#3449 = FACE_OUTER_BOUND ( 'NONE', #7260, .T. ) ;
#3450 = DIRECTION ( 'NONE',  ( -2.668805347656631100E-016, 0.0000000000000000000, 1.000000000000000000 ) ) ;
#3451 = VECTOR ( 'NONE', #3450, 1000.000000000000000 ) ;
#3452 = CARTESIAN_POINT ( 'NONE',  ( 2.099999999999992500, -1.449999999999999700, 29.00370380478671400 ) ) ;
#3453 = LINE ( 'NONE', #3452, #3451 ) ;
#3454 = FACE_OUTER_BOUND ( 'NONE', #7353, .T. ) ;
#3455 = DIRECTION ( 'NONE',  ( 5.310377987684116700E-016, 0.0000000000000000000, 1.000000000000000000 ) ) ;
#3456 = VECTOR ( 'NONE', #3455, 1000.000000000000000 ) ;
#3457 = CARTESIAN_POINT ( 'NONE',  ( -1.749999999999984000, -1.449999999999999700, 29.00370380478671400 ) ) ;
#3458 = LINE ( 'NONE', #3457, #3456 ) ;
#3459 = CARTESIAN_POINT ( 'NONE',  ( 6.449999999999990400, -0.7877124344467741900, 3.679999999999999700 ) ) ;
#3460 = DIRECTION ( 'NONE',  ( -5.310377987684116700E-016, 0.0000000000000000000, -1.000000000000000000 ) ) ;
#3461 = DIRECTION ( 'NONE',  ( 1.000000000000000000, 0.0000000000000000000, -5.310377987684116700E-016 ) ) ;
#3462 = AXIS2_PLACEMENT_3D ( 'NONE', #3441, #3461, #3460 ) ;
#3463 = DIRECTION ( 'NONE',  ( -0.0000000000000000000, 0.0000000000000000000, -1.000000000000000000 ) ) ;
#3464 = VECTOR ( 'NONE', #3463, 1000.000000000000000 ) ;
#3465 = CARTESIAN_POINT ( 'NONE',  ( 6.249999999999990200, -0.6522875655532245400, 3.479999999999999500 ) ) ;
#3466 = LINE ( 'NONE', #3465, #3464 ) ;
#3467 = DIRECTION ( 'NONE',  ( 0.0000000000000000000, 0.0000000000000000000, -1.000000000000000000 ) ) ;
#3468 = CARTESIAN_POINT ( 'NONE',  ( -7.199999999999995700, -0.5199999999999998000, 6.779999999999999400 ) ) ;
#3469 = PLANE ( 'NONE',  #3352 ) ;
#3470 = FACE_OUTER_BOUND ( 'NONE', #7329, .T. ) ;
#3471 = PLANE ( 'NONE',  #3368 ) ;
#3472 = FACE_OUTER_BOUND ( 'NONE', #7358, .T. ) ;
#3473 = DIRECTION ( 'NONE',  ( -0.0000000000000000000, 1.000000000000000000, -0.0000000000000000000 ) ) ;
#3474 = DIRECTION ( 'NONE',  ( -1.000000000000000000, -0.0000000000000000000, 0.0000000000000000000 ) ) ;
#3475 = CARTESIAN_POINT ( 'NONE',  ( 6.249999999999990200, -0.7199999999999999700, 6.580000000000000100 ) ) ;
#3476 = AXIS2_PLACEMENT_3D ( 'NONE', #3475, #3474, #3467 ) ;
#3477 = CIRCLE ( 'NONE', #3476, 0.06771243444677557700 ) ;
#3478 = CARTESIAN_POINT ( 'NONE',  ( -1.749999999999999600, -1.449999999999999700, 0.09999999999999419100 ) ) ;
#3479 = DIRECTION ( 'NONE',  ( 2.668805347656631100E-016, 0.0000000000000000000, -1.000000000000000000 ) ) ;
#3480 = DIRECTION ( 'NONE',  ( 1.000000000000000000, 0.0000000000000000000, 2.668805347656631100E-016 ) ) ;
#3481 = CARTESIAN_POINT ( 'NONE',  ( 10.00000000000000000, -1.449999999999999700, 0.09999999999999419100 ) ) ;
#3482 = LINE ( 'NONE', #3481, #3338 ) ;
#3483 = CARTESIAN_POINT ( 'NONE',  ( 2.100000000000000100, -1.449999999999999700, 0.09999999999999419100 ) ) ;
#3484 = DIRECTION ( 'NONE',  ( -1.000000000000000000, 0.0000000000000000000, 0.0000000000000000000 ) ) ;
#3485 = LINE ( 'NONE', #3363, #3433 ) ;
#3486 = CARTESIAN_POINT ( 'NONE',  ( 5.950000000000000200, 0.2000000000000003200, 13.09999999999999600 ) ) ;
#3487 = DIRECTION ( 'NONE',  ( 0.0000000000000000000, -1.000000000000000000, 0.0000000000000000000 ) ) ;
#3488 = VECTOR ( 'NONE', #3487, 1000.000000000000000 ) ;
#3489 = CARTESIAN_POINT ( 'NONE',  ( 5.549999999999998900, -31.82741950266988700, 8.500000000000000000 ) ) ;
#3490 = LINE ( 'NONE', #3489, #3488 ) ;
#3491 = DIRECTION ( 'NONE',  ( -8.718241554666199800E-015, 1.972094703645293500E-015, 1.000000000000000000 ) ) ;
#3492 = VECTOR ( 'NONE', #3491, 1000.000000000000000 ) ;
#3493 = LINE ( 'NONE', #3550, #3545 ) ;
#3494 = AXIS2_PLACEMENT_3D ( 'NONE', #3495, #3620, #3619 ) ;
#3495 = CARTESIAN_POINT ( 'NONE',  ( 5.950000000000000200, 14.43376267892646900, 11.59999999999999300 ) ) ;
#3496 = PLANE ( 'NONE',  #3494 ) ;
#3497 = FACE_OUTER_BOUND ( 'NONE', #7464, .T. ) ;
#3498 = DIRECTION ( 'NONE',  ( -0.0000000000000000000, 0.0000000000000000000, -1.000000000000000000 ) ) ;
#3499 = VECTOR ( 'NONE', #3498, 1000.000000000000000 ) ;
#3500 = CARTESIAN_POINT ( 'NONE',  ( 5.549999999999999800, 0.0000000000000000000, 13.00000000000000000 ) ) ;
#3501 = LINE ( 'NONE', #3500, #3499 ) ;
#3502 = PLANE ( 'NONE',  #3533 ) ;
#3503 = VECTOR ( 'NONE', #3630, 1000.000000000000000 ) ;
#3504 = CARTESIAN_POINT ( 'NONE',  ( 5.950000000000000200, 0.2000000000000011800, 11.59999999999999300 ) ) ;
#3505 = LINE ( 'NONE', #3504, #3503 ) ;
#3506 = DIRECTION ( 'NONE',  ( -0.0000000000000000000, -1.000000000000000000, -0.0000000000000000000 ) ) ;
#3507 = VECTOR ( 'NONE', #3506, 1000.000000000000000 ) ;
#3508 = CARTESIAN_POINT ( 'NONE',  ( 5.950000000000000200, 14.43376267892646900, 13.09999999999999600 ) ) ;
#3509 = LINE ( 'NONE', #3508, #3507 ) ;
#3510 = CARTESIAN_POINT ( 'NONE',  ( 5.950000000000000200, -1.199999999999988900, 12.99999999999998600 ) ) ;
#3511 = CARTESIAN_POINT ( 'NONE',  ( -5.950000000000172500, -1.349999999999924100, 11.20000000000005600 ) ) ;
#3512 = LINE ( 'NONE', #3511, #3492 ) ;
#3513 = DIRECTION ( 'NONE',  ( 3.373073425510453300E-015, -5.300543954373568700E-015, -1.000000000000000000 ) ) ;
#3514 = VECTOR ( 'NONE', #3513, 1000.000000000000000 ) ;
#3515 = CARTESIAN_POINT ( 'NONE',  ( -5.950000000000002000, -1.150000000000023900, -6.643967736917201000 ) ) ;
#3516 = LINE ( 'NONE', #3515, #3514 ) ;
#3517 = DIRECTION ( 'NONE',  ( 0.0000000000000000000, -1.000000000000000000, 0.0000000000000000000 ) ) ;
#3518 = VECTOR ( 'NONE', #3517, 1000.000000000000000 ) ;
#3519 = CARTESIAN_POINT ( 'NONE',  ( 6.799999999999998000, -0.6999999999999997300, 11.59999999999999400 ) ) ;
#3520 = CARTESIAN_POINT ( 'NONE',  ( -5.950000000000000200, -0.7999999999999997100, 7.199999999999995700 ) ) ;
#3521 = CARTESIAN_POINT ( 'NONE',  ( -5.950000000000176000, -1.149999999999923700, 11.59999999999998500 ) ) ;
#3522 = CARTESIAN_POINT ( 'NONE',  ( -5.950000000000000200, 0.2000000000000003200, 8.500000000000003600 ) ) ;
#3523 = CARTESIAN_POINT ( 'NONE',  ( 5.549999999999974100, -0.9000000000000001300, 8.899999999999986100 ) ) ;
#3524 = CARTESIAN_POINT ( 'NONE',  ( 6.799999999999998000, -1.149999999999990400, 11.59999999999999400 ) ) ;
#3525 = VECTOR ( 'NONE', #3612, 1000.000000000000000 ) ;
#3526 = CARTESIAN_POINT ( 'NONE',  ( -7.199999999999995700, -0.7877124344467761900, 6.779999999999999400 ) ) ;
#3527 = LINE ( 'NONE', #3526, #3525 ) ;
#3528 = CARTESIAN_POINT ( 'NONE',  ( 5.550000000000001600, -0.4120881868696221200, 6.199999999999994800 ) ) ;
#3529 = DIRECTION ( 'NONE',  ( 0.0000000000000000000, -1.000000000000000000, 0.0000000000000000000 ) ) ;
#3530 = VECTOR ( 'NONE', #3529, 1000.000000000000000 ) ;
#3531 = CARTESIAN_POINT ( 'NONE',  ( 5.550000000000001600, 4.539308700703375400, 6.199999999999994800 ) ) ;
#3532 = CARTESIAN_POINT ( 'NONE',  ( 10.00000000000000000, -1.449999999999999700, 0.09999999999999419100 ) ) ;
#3533 = AXIS2_PLACEMENT_3D ( 'NONE', #3532, #3573, #3572 ) ;
#3534 = FACE_OUTER_BOUND ( 'NONE', #7239, .T. ) ;
#3535 = DIRECTION ( 'NONE',  ( -0.0000000000000000000, 1.000000000000000000, -0.0000000000000000000 ) ) ;
#3536 = VECTOR ( 'NONE', #3535, 1000.000000000000000 ) ;
#3537 = AXIS2_PLACEMENT_3D ( 'NONE', #3586, #3563, #3562 ) ;
#3538 = CIRCLE ( 'NONE', #3537, 0.06771243444677514700 ) ;
#3539 = CARTESIAN_POINT ( 'NONE',  ( -7.199999999999995700, -0.7199999999999999700, 3.679999999999999700 ) ) ;
#3540 = AXIS2_PLACEMENT_3D ( 'NONE', #3539, #3623, #3622 ) ;
#3541 = CIRCLE ( 'NONE', #3540, 0.06771243444677645100 ) ;
#3542 = CARTESIAN_POINT ( 'NONE',  ( -7.199999999999995700, -0.7199999999999998600, 3.679999999999999700 ) ) ;
#3543 = CIRCLE ( 'NONE', #3608, 0.06771243444677645100 ) ;
#3544 = CARTESIAN_POINT ( 'NONE',  ( 2.100000000000000100, -1.449999999999999700, 0.09999999999999419100 ) ) ;
#3545 = VECTOR ( 'NONE', #3614, 1000.000000000000000 ) ;
#3546 = CIRCLE ( 'NONE', #3640, 0.06771243444677471600 ) ;
#3547 = PLANE ( 'NONE',  #3569 ) ;
#3548 = CARTESIAN_POINT ( 'NONE',  ( -1.749999999999999600, -1.299999999999999800, 0.09999999999999419100 ) ) ;
#3549 = DIRECTION ( 'NONE',  ( -0.0000000000000000000, 0.0000000000000000000, -1.000000000000000000 ) ) ;
#3550 = CARTESIAN_POINT ( 'NONE',  ( -7.199999999999995700, -0.6522875655532245400, 6.779999999999999400 ) ) ;
#3551 = CARTESIAN_POINT ( 'NONE',  ( -7.199999999999995700, -0.7199999999999999700, 6.580000000000000100 ) ) ;
#3552 = AXIS2_PLACEMENT_3D ( 'NONE', #3551, #3610, #3609 ) ;
#3553 = CARTESIAN_POINT ( 'NONE',  ( 6.249999999999990200, -0.6522875655532245400, 6.580000000000000100 ) ) ;
#3554 = CIRCLE ( 'NONE', #3574, 0.1999999999999996500 ) ;
#3555 = LINE ( 'NONE', #3519, #3518 ) ;
#3556 = CARTESIAN_POINT ( 'NONE',  ( 5.550000000000001600, -0.9805237315875619000, 7.199999999999995700 ) ) ;
#3557 = DIRECTION ( 'NONE',  ( 0.0000000000000000000, 1.000000000000000000, -0.0000000000000000000 ) ) ;
#3558 = VECTOR ( 'NONE', #3557, 1000.000000000000000 ) ;
#3559 = CARTESIAN_POINT ( 'NONE',  ( 5.550000000000000700, 0.2000000000000011800, 7.199999999999995700 ) ) ;
#3560 = LINE ( 'NONE', #3559, #3558 ) ;
#3561 = CARTESIAN_POINT ( 'NONE',  ( 6.249999999999990200, -0.7200000000000000800, 3.612287565553224500 ) ) ;
#3562 = DIRECTION ( 'NONE',  ( 0.0000000000000000000, 0.0000000000000000000, -1.000000000000000000 ) ) ;
#3563 = DIRECTION ( 'NONE',  ( -1.000000000000000000, -0.0000000000000000000, 0.0000000000000000000 ) ) ;
#3564 = LINE ( 'NONE', #3636, #3635 ) ;
#3565 = DIRECTION ( 'NONE',  ( 2.409338161078909000E-016, -1.000000000000000000, -7.806186052539259500E-016 ) ) ;
#3566 = VECTOR ( 'NONE', #3565, 1000.000000000000000 ) ;
#3567 = DIRECTION ( 'NONE',  ( 0.0000000000000000000, 0.0000000000000000000, -1.000000000000000000 ) ) ;
#3568 = CARTESIAN_POINT ( 'NONE',  ( -7.199999999999995700, -0.6522875655532245400, 3.679999999999999700 ) ) ;
#3569 = AXIS2_PLACEMENT_3D ( 'NONE', #3576, #3575, #3549 ) ;
#3570 = CARTESIAN_POINT ( 'NONE',  ( 5.550000000000002500, 3.023105625617678700, 8.899999999999996800 ) ) ;
#3571 = LINE ( 'NONE', #3570, #3566 ) ;
#3572 = DIRECTION ( 'NONE',  ( -1.000000000000000000, 0.0000000000000000000, 0.0000000000000000000 ) ) ;
#3573 = DIRECTION ( 'NONE',  ( 0.0000000000000000000, -0.0000000000000000000, 1.000000000000000000 ) ) ;
#3574 = AXIS2_PLACEMENT_3D ( 'NONE', #3613, #3567, #3587 ) ;
#3575 = DIRECTION ( 'NONE',  ( 1.000000000000000000, 0.0000000000000000000, -0.0000000000000000000 ) ) ;
#3576 = CARTESIAN_POINT ( 'NONE',  ( 6.249999999999990200, -0.9200000000000000400, 3.479999999999999500 ) ) ;
#3577 = DIRECTION ( 'NONE',  ( 0.0000000000000000000, 0.0000000000000000000, -1.000000000000000000 ) ) ;
#3578 = DIRECTION ( 'NONE',  ( -1.000000000000000000, 0.0000000000000000000, -0.0000000000000000000 ) ) ;
#3579 = FACE_OUTER_BOUND ( 'NONE', #7412, .T. ) ;
#3580 = CARTESIAN_POINT ( 'NONE',  ( 6.399999999999990600, -0.9199999999999999300, 3.679999999999999700 ) ) ;
#3581 = CARTESIAN_POINT ( 'NONE',  ( 6.249999999999990200, -0.7877124344467754100, 3.679999999999999700 ) ) ;
#3582 = DIRECTION ( 'NONE',  ( 0.0000000000000000000, 0.0000000000000000000, -1.000000000000000000 ) ) ;
#3583 = DIRECTION ( 'NONE',  ( -1.000000000000000000, -0.0000000000000000000, 0.0000000000000000000 ) ) ;
#3584 = CARTESIAN_POINT ( 'NONE',  ( 6.249999999999990200, -0.7200000000000000800, 3.679999999999999700 ) ) ;
#3585 = AXIS2_PLACEMENT_3D ( 'NONE', #3584, #3583, #3582 ) ;
#3586 = CARTESIAN_POINT ( 'NONE',  ( 6.249999999999990200, -0.7199999999999999700, 3.679999999999999700 ) ) ;
#3587 = DIRECTION ( 'NONE',  ( -1.000000000000000000, 0.0000000000000000000, 0.0000000000000000000 ) ) ;
#3588 = CARTESIAN_POINT ( 'NONE',  ( 6.249999999999990200, -0.6522875655532245400, 3.679999999999999700 ) ) ;
#3589 = DIRECTION ( 'NONE',  ( -1.334402673828315300E-016, 0.0000000000000000000, 1.000000000000000000 ) ) ;
#3590 = DIRECTION ( 'NONE',  ( -1.000000000000000000, 0.0000000000000000000, -0.0000000000000000000 ) ) ;
#3591 = CARTESIAN_POINT ( 'NONE',  ( -7.199999999999995700, -0.7200000000000003100, 6.647712434446774800 ) ) ;
#3592 = CARTESIAN_POINT ( 'NONE',  ( -7.199999999999995700, -0.7877124344467761900, 3.679999999999999700 ) ) ;
#3593 = CARTESIAN_POINT ( 'NONE',  ( -7.199999999999995700, -0.6522875655532254200, 6.580000000000000100 ) ) ;
#3594 = CIRCLE ( 'NONE', #3585, 0.06771243444677514700 ) ;
#3595 = CIRCLE ( 'NONE', #3552, 0.06771243444677471600 ) ;
#3596 = CARTESIAN_POINT ( 'NONE',  ( -5.950000000000000200, -0.4500000000000007300, 7.199999999999995700 ) ) ;
#3597 = CARTESIAN_POINT ( 'NONE',  ( 5.550000000000003400, -1.100000000000000100, 8.899999999999986100 ) ) ;
#3598 = CARTESIAN_POINT ( 'NONE',  ( 5.549999999999998900, 0.2000000000000003200, 12.94999999999998900 ) ) ;
#3599 = DIRECTION ( 'NONE',  ( 1.199838414822547000E-013, -0.7071067811865545700, 0.7071067811865405800 ) ) ;
#3600 = VECTOR ( 'NONE', #3599, 1000.000000000000100 ) ;
#3601 = CARTESIAN_POINT ( 'NONE',  ( 5.549999999999990100, 0.2000000000000005100, 12.94999999999998700 ) ) ;
#3602 = LINE ( 'NONE', #3601, #3600 ) ;
#3603 = CARTESIAN_POINT ( 'NONE',  ( 5.549999999999998900, 0.0000000000000000000, 13.00000000000000000 ) ) ;
#3604 = CARTESIAN_POINT ( 'NONE',  ( 5.550000000000003400, -2.165918507794148600E-016, 8.900000000000000400 ) ) ;
#3605 = CARTESIAN_POINT ( 'NONE',  ( -5.949999999999999300, -0.6999999999999986200, 11.59999999999999400 ) ) ;
#3606 = LINE ( 'NONE', #3544, #3536 ) ;
#3607 = DIRECTION ( 'NONE',  ( 0.0000000000000000000, 0.0000000000000000000, -1.000000000000000000 ) ) ;
#3608 = AXIS2_PLACEMENT_3D ( 'NONE', #3542, #3590, #3607 ) ;
#3609 = DIRECTION ( 'NONE',  ( 0.0000000000000000000, 0.0000000000000000000, -1.000000000000000000 ) ) ;
#3610 = DIRECTION ( 'NONE',  ( -1.000000000000000000, 0.0000000000000000000, -0.0000000000000000000 ) ) ;
#3611 = CARTESIAN_POINT ( 'NONE',  ( 6.249999999999990200, -0.7200000000000002000, 6.647712434446775700 ) ) ;
#3612 = DIRECTION ( 'NONE',  ( -0.0000000000000000000, 0.0000000000000000000, 1.000000000000000000 ) ) ;
#3613 = CARTESIAN_POINT ( 'NONE',  ( 6.249999999999991100, -0.7877124344467741900, 3.679999999999999700 ) ) ;
#3614 = DIRECTION ( 'NONE',  ( 0.0000000000000000000, -0.0000000000000000000, -1.000000000000000000 ) ) ;
#3615 = CARTESIAN_POINT ( 'NONE',  ( -5.949999999999999300, 0.1081360668040230300, 12.71094242273072100 ) ) ;
#3616 = DIRECTION ( 'NONE',  ( 0.0000000000000000000, 0.0000000000000000000, 1.000000000000000000 ) ) ;
#3617 = VECTOR ( 'NONE', #3616, 1000.000000000000000 ) ;
#3618 = CARTESIAN_POINT ( 'NONE',  ( -6.799999999999998000, -1.649999999999999700, 11.59999999999999600 ) ) ;
#3619 = DIRECTION ( 'NONE',  ( 0.0000000000000000000, 0.0000000000000000000, -1.000000000000000000 ) ) ;
#3620 = DIRECTION ( 'NONE',  ( 1.000000000000000000, 0.0000000000000000000, 0.0000000000000000000 ) ) ;
#3621 = LINE ( 'NONE', #3618, #3617 ) ;
#3622 = DIRECTION ( 'NONE',  ( 0.0000000000000000000, 0.0000000000000000000, -1.000000000000000000 ) ) ;
#3623 = DIRECTION ( 'NONE',  ( -1.000000000000000000, 0.0000000000000000000, -0.0000000000000000000 ) ) ;
#3624 = DIRECTION ( 'NONE',  ( 0.0000000000000000000, 0.04825290580208630600, -0.9988351501031863500 ) ) ;
#3625 = CARTESIAN_POINT ( 'NONE',  ( -6.799999999999998900, 0.2000000000000011800, 15.09999999999999800 ) ) ;
#3626 = DIRECTION ( 'NONE',  ( -0.0000000000000000000, 1.000000000000000000, -0.0000000000000000000 ) ) ;
#3627 = VECTOR ( 'NONE', #3626, 1000.000000000000000 ) ;
#3628 = CARTESIAN_POINT ( 'NONE',  ( -6.799999999999998000, 20.04522618641298200, 15.09999999999999800 ) ) ;
#3629 = LINE ( 'NONE', #3628, #3627 ) ;
#3630 = DIRECTION ( 'NONE',  ( 0.0000000000000000000, 0.0000000000000000000, 1.000000000000000000 ) ) ;
#3631 = LINE ( 'NONE', #3638, #3637 ) ;
#3632 = LINE ( 'NONE', #3531, #3530 ) ;
#3633 = CARTESIAN_POINT ( 'NONE',  ( -6.799999999999998000, -1.649999999999999700, 15.09999999999999800 ) ) ;
#3634 = DIRECTION ( 'NONE',  ( 0.0000000000000000000, -1.000000000000000000, 0.0000000000000000000 ) ) ;
#3635 = VECTOR ( 'NONE', #3634, 1000.000000000000000 ) ;
#3636 = CARTESIAN_POINT ( 'NONE',  ( -5.949999999999999300, 14.43376267892646900, 13.09999999999999800 ) ) ;
#3637 = VECTOR ( 'NONE', #3589, 1000.000000000000000 ) ;
#3638 = CARTESIAN_POINT ( 'NONE',  ( -2.850000000000003200, -1.299999999999999800, 29.00370380478671400 ) ) ;
#3639 = CARTESIAN_POINT ( 'NONE',  ( -7.199999999999995700, -0.7199999999999998600, 6.580000000000000100 ) ) ;
#3640 = AXIS2_PLACEMENT_3D ( 'NONE', #3639, #3578, #3577 ) ;
#3641 = DIRECTION ( 'NONE',  ( 3.043285267900523900E-015, -0.7071067811865534600, 0.7071067811865416900 ) ) ;
#3642 = DIRECTION ( 'NONE',  ( 1.000000000000000000, 0.0000000000000000000, -2.891205793294675100E-015 ) ) ;
#3643 = DIRECTION ( 'NONE',  ( 2.891205793294675100E-015, -0.0000000000000000000, 1.000000000000000000 ) ) ;
#3644 = CARTESIAN_POINT ( 'NONE',  ( -5.949999999999999300, 0.2000000000000003200, 13.02999999999999400 ) ) ;
#3645 = CARTESIAN_POINT ( 'NONE',  ( -5.949999999999999300, -1.649999999999999700, 13.09999999999999800 ) ) ;
#3646 = CARTESIAN_POINT ( 'NONE',  ( -5.950000000000000200, -1.649999999999999700, 9.499999999999998200 ) ) ;
#3647 = DIRECTION ( 'NONE',  ( 0.0000000000000000000, -1.000000000000000000, 0.0000000000000000000 ) ) ;
#3648 = VECTOR ( 'NONE', #3647, 1000.000000000000000 ) ;
#3649 = CARTESIAN_POINT ( 'NONE',  ( -5.950000000000000200, 0.2000000000000011800, 9.499999999999998200 ) ) ;
#3650 = LINE ( 'NONE', #3649, #3648 ) ;
#3651 = DIRECTION ( 'NONE',  ( -1.000000000000000000, -0.0000000000000000000, -0.0000000000000000000 ) ) ;
#3652 = CARTESIAN_POINT ( 'NONE',  ( 5.949999999999997500, -0.6999999999999997300, 11.79999999999999500 ) ) ;
#3653 = AXIS2_PLACEMENT_3D ( 'NONE', #3652, #3651, #3661 ) ;
#3654 = CIRCLE ( 'NONE', #3653, 0.2000000000000005100 ) ;
#3655 = CARTESIAN_POINT ( 'NONE',  ( 5.900000000000000400, -1.299999999999999800, 7.999999999999991100 ) ) ;
#3656 = CARTESIAN_POINT ( 'NONE',  ( 5.900000000000000400, -1.299999999999999800, 8.299999999999995400 ) ) ;
#3657 = CARTESIAN_POINT ( 'NONE',  ( 6.800000000000001600, 0.1081360668040230300, 12.71094242273072100 ) ) ;
#3658 = CARTESIAN_POINT ( 'NONE',  ( 5.550000000000000700, -0.9000000000000001300, 10.79999999999998500 ) ) ;
#3659 = FACE_OUTER_BOUND ( 'NONE', #7471, .T. ) ;
#3660 = CARTESIAN_POINT ( 'NONE',  ( -7.149999999999999500, -0.7199999999999999700, 6.779999999999999400 ) ) ;
#3661 = DIRECTION ( 'NONE',  ( 0.0000000000000000000, 0.0000000000000000000, 1.000000000000000000 ) ) ;
#3662 = DIRECTION ( 'NONE',  ( 3.664538241739966800E-016, 0.01636442052217810400, -0.9998660939050655300 ) ) ;
#3663 = CARTESIAN_POINT ( 'NONE',  ( 5.549999999999998900, -1.100000000000002500, 14.49999999999999100 ) ) ;
#3664 = LINE ( 'NONE', #3663, #3758 ) ;
#3665 = CARTESIAN_POINT ( 'NONE',  ( 5.550000000000000700, 0.2000000000000003200, 8.499999999999998200 ) ) ;
#3666 = DIRECTION ( 'NONE',  ( 2.409338161078909000E-016, -1.000000000000000000, -7.806186052539259500E-016 ) ) ;
#3667 = VECTOR ( 'NONE', #3666, 1000.000000000000000 ) ;
#3668 = CARTESIAN_POINT ( 'NONE',  ( 5.549999999999998900, 3.023105625617677800, 10.79999999999999500 ) ) ;
#3669 = LINE ( 'NONE', #3668, #3667 ) ;
#3670 = VECTOR ( 'NONE', #3743, 1000.000000000000000 ) ;
#3671 = CARTESIAN_POINT ( 'NONE',  ( 5.999999999999994700, -1.299999999999999800, 18.99999999999999600 ) ) ;
#3672 = LINE ( 'NONE', #3671, #3670 ) ;
#3673 = CARTESIAN_POINT ( 'NONE',  ( 5.999999999999994700, -1.299999999999999800, 7.999999999999991100 ) ) ;
#3674 = LINE ( 'NONE', #3730, #3729 ) ;
#3675 = LINE ( 'NONE', #3747, #3746 ) ;
#3676 = CARTESIAN_POINT ( 'NONE',  ( 5.950000000000000200, -1.149999999999988800, 12.94999999999998500 ) ) ;
#3677 = DIRECTION ( 'NONE',  ( 0.0000000000000000000, 1.000000000000000000, 0.0000000000000000000 ) ) ;
#3678 = VECTOR ( 'NONE', #3677, 1000.000000000000000 ) ;
#3679 = CARTESIAN_POINT ( 'NONE',  ( 5.549999999999999800, -31.82741950266988700, 13.00000000000000000 ) ) ;
#3680 = LINE ( 'NONE', #3679, #3678 ) ;
#3681 = CARTESIAN_POINT ( 'NONE',  ( -5.950000000000176900, -1.149999999999929300, 11.20000000000002900 ) ) ;
#3682 = DIRECTION ( 'NONE',  ( 0.0000000000000000000, 1.000000000000000000, 0.0000000000000000000 ) ) ;
#3683 = VECTOR ( 'NONE', #3682, 1000.000000000000000 ) ;
#3684 = CARTESIAN_POINT ( 'NONE',  ( -5.950000000000000200, -31.82741950266988700, 8.500000000000003600 ) ) ;
#3685 = LINE ( 'NONE', #3684, #3683 ) ;
#3686 = DIRECTION ( 'NONE',  ( -4.818676322157807800E-015, -3.373073425510465600E-015, 1.000000000000000000 ) ) ;
#3687 = VECTOR ( 'NONE', #3686, 1000.000000000000000 ) ;
#3688 = CARTESIAN_POINT ( 'NONE',  ( -5.950000000000000200, -0.3999999999999986900, 13.02999999999999400 ) ) ;
#3689 = AXIS2_PLACEMENT_3D ( 'NONE', #3688, #3739, #3738 ) ;
#3690 = CIRCLE ( 'NONE', #3689, 0.5999999999999998700 ) ;
#3691 = CARTESIAN_POINT ( 'NONE',  ( -5.949999999999999300, -0.5306213110653256200, 11.69364747424356900 ) ) ;
#3692 = DIRECTION ( 'NONE',  ( -3.157908811212862900E-029, -1.000000000000000000, 2.466266120677565300E-015 ) ) ;
#3693 = DIRECTION ( 'NONE',  ( -1.000000000000000000, 3.870957100803798800E-029, 2.891205793294675100E-015 ) ) ;
#3694 = VECTOR ( 'NONE', #3693, 1000.000000000000000 ) ;
#3695 = CARTESIAN_POINT ( 'NONE',  ( 5.649999999999834300, -1.149999999999991900, 11.59999999999999800 ) ) ;
#3696 = LINE ( 'NONE', #3695, #3694 ) ;
#3697 = DIRECTION ( 'NONE',  ( 0.0000000000000000000, -0.5317626287821228800, -0.8468934446733698000 ) ) ;
#3698 = VECTOR ( 'NONE', #3697, 1000.000000000000100 ) ;
#3699 = CARTESIAN_POINT ( 'NONE',  ( -5.950000000000000200, 3.658706105063322900, 18.36563556493629100 ) ) ;
#3700 = LINE ( 'NONE', #3699, #3698 ) ;
#3701 = DIRECTION ( 'NONE',  ( 0.0000000000000000000, 0.0000000000000000000, -1.000000000000000000 ) ) ;
#3702 = VECTOR ( 'NONE', #3701, 1000.000000000000000 ) ;
#3703 = CARTESIAN_POINT ( 'NONE',  ( -5.950000000000000200, -0.7999999999999997100, 9.499999999999998200 ) ) ;
#3704 = LINE ( 'NONE', #3703, #3702 ) ;
#3705 = CARTESIAN_POINT ( 'NONE',  ( 5.550000000000003400, 0.1999999999999997300, 8.900000000000000400 ) ) ;
#3706 = DIRECTION ( 'NONE',  ( 3.665029011462713600E-016, 0.0000000000000000000, -1.000000000000000000 ) ) ;
#3707 = DIRECTION ( 'NONE',  ( 0.0000000000000000000, 5.330660681387064800E-015, -1.000000000000000000 ) ) ;
#3708 = DIRECTION ( 'NONE',  ( -1.000000000000000000, -0.0000000000000000000, -0.0000000000000000000 ) ) ;
#3709 = CARTESIAN_POINT ( 'NONE',  ( 5.950000000000000200, -0.3999999999999986900, 13.02999999999999400 ) ) ;
#3710 = AXIS2_PLACEMENT_3D ( 'NONE', #3709, #3708, #3707 ) ;
#3711 = CIRCLE ( 'NONE', #3710, 0.5999999999999998700 ) ;
#3712 = CARTESIAN_POINT ( 'NONE',  ( 6.200000000000001100, 20.04522618641298200, 11.59999999999999600 ) ) ;
#3713 = AXIS2_PLACEMENT_3D ( 'NONE', #3712, #3643, #3642 ) ;
#3714 = PLANE ( 'NONE',  #3713 ) ;
#3715 = CARTESIAN_POINT ( 'NONE',  ( 6.799999999999998000, -0.6999999999999997300, 11.59999999999999400 ) ) ;
#3716 = CARTESIAN_POINT ( 'NONE',  ( 5.949999999999808300, -1.149999999999989000, 12.94999999999998500 ) ) ;
#3717 = LINE ( 'NONE', #3716, #3726 ) ;
#3718 = LINE ( 'NONE', #3765, #3764 ) ;
#3719 = LINE ( 'NONE', #3795, #3794 ) ;
#3720 = CARTESIAN_POINT ( 'NONE',  ( 5.950000000000000200, -1.150000000000050300, 30.84396773691726400 ) ) ;
#3721 = LINE ( 'NONE', #3720, #3687 ) ;
#3722 = DIRECTION ( 'NONE',  ( -0.0000000000000000000, 1.445602896647336200E-016, 1.000000000000000000 ) ) ;
#3723 = VECTOR ( 'NONE', #3722, 1000.000000000000000 ) ;
#3724 = CARTESIAN_POINT ( 'NONE',  ( -6.799999999999998000, -1.329999999999999800, 13.09999999999999800 ) ) ;
#3725 = LINE ( 'NONE', #3724, #3723 ) ;
#3726 = VECTOR ( 'NONE', #3641, 1000.000000000000000 ) ;
#3727 = CARTESIAN_POINT ( 'NONE',  ( 5.549999999999998900, -1.649999999999999700, 13.09999999999999600 ) ) ;
#3728 = CARTESIAN_POINT ( 'NONE',  ( 5.550000000000000700, -1.299999999999999800, 9.499999999999996400 ) ) ;
#3729 = VECTOR ( 'NONE', #3706, 1000.000000000000000 ) ;
#3730 = CARTESIAN_POINT ( 'NONE',  ( 5.549999999999998900, 0.2000000000000003200, 13.09999999999999600 ) ) ;
#3731 = LINE ( 'NONE', #3784, #3783 ) ;
#3732 = CARTESIAN_POINT ( 'NONE',  ( -6.799999999999998000, -1.330000000000000100, 12.71794494717746600 ) ) ;
#3733 = DIRECTION ( 'NONE',  ( 1.099474886651785200E-029, -1.000000000000000000, 1.972094703645293900E-015 ) ) ;
#3734 = VECTOR ( 'NONE', #3733, 1000.000000000000000 ) ;
#3735 = CARTESIAN_POINT ( 'NONE',  ( -6.799999999999998000, 2.874922359499705800, 12.71794494717745700 ) ) ;
#3736 = LINE ( 'NONE', #3735, #3734 ) ;
#3737 = CARTESIAN_POINT ( 'NONE',  ( 5.549999999999999800, -1.100000000000000300, 10.79999999999999000 ) ) ;
#3738 = DIRECTION ( 'NONE',  ( 0.0000000000000000000, 0.0000000000000000000, 1.000000000000000000 ) ) ;
#3739 = DIRECTION ( 'NONE',  ( -1.000000000000000000, 0.0000000000000000000, 0.0000000000000000000 ) ) ;
#3740 = CARTESIAN_POINT ( 'NONE',  ( 4.200000000000002000, -1.449999999999999700, 15.59999999999999600 ) ) ;
#3741 = LINE ( 'NONE', #3740, #3762 ) ;
#3742 = CARTESIAN_POINT ( 'NONE',  ( 5.999999999999994700, -1.299999999999999800, 6.499999999999990200 ) ) ;
#3743 = DIRECTION ( 'NONE',  ( -0.0000000000000000000, -0.0000000000000000000, 1.000000000000000000 ) ) ;
#3744 = CARTESIAN_POINT ( 'NONE',  ( 5.549999999999999800, 0.0000000000000000000, 8.500000000000000000 ) ) ;
#3745 = DIRECTION ( 'NONE',  ( 0.0000000000000000000, 1.000000000000000000, 0.0000000000000000000 ) ) ;
#3746 = VECTOR ( 'NONE', #3745, 1000.000000000000000 ) ;
#3747 = CARTESIAN_POINT ( 'NONE',  ( 5.549999999999998900, -31.82741950266988700, 8.900000000000000400 ) ) ;
#3748 = CARTESIAN_POINT ( 'NONE',  ( 5.950000000000000200, 0.1081360668040230300, 12.71094242273072100 ) ) ;
#3749 = VECTOR ( 'NONE', #3692, 1000.000000000000000 ) ;
#3750 = CARTESIAN_POINT ( 'NONE',  ( -5.950000000000165400, -1.349999999999929300, 11.20000000000003100 ) ) ;
#3751 = DIRECTION ( 'NONE',  ( -1.000000000000000000, 0.0000000000000000000, 0.0000000000000000000 ) ) ;
#3752 = CARTESIAN_POINT ( 'NONE',  ( -5.949999999999997500, -0.6999999999999997300, 11.79999999999999500 ) ) ;
#3753 = AXIS2_PLACEMENT_3D ( 'NONE', #3752, #3751, #3792 ) ;
#3754 = CIRCLE ( 'NONE', #3753, 0.2000000000000005100 ) ;
#3755 = CARTESIAN_POINT ( 'NONE',  ( 5.949999999999818100, 2.874922359499631600, 12.99999999999997200 ) ) ;
#3756 = CARTESIAN_POINT ( 'NONE',  ( 5.949999999999997500, -0.5306213110653256200, 11.69364747424356900 ) ) ;
#3757 = CARTESIAN_POINT ( 'NONE',  ( 5.949999999999998400, 0.2000000000000011800, 13.02999999999999400 ) ) ;
#3758 = VECTOR ( 'NONE', #3662, 1000.000000000000000 ) ;
#3759 = LINE ( 'NONE', #3755, #3749 ) ;
#3760 = CARTESIAN_POINT ( 'NONE',  ( 4.200000000000002000, -1.449999999999999700, 15.59999999999999600 ) ) ;
#3761 = DIRECTION ( 'NONE',  ( 1.000000000000000000, -0.0000000000000000000, 0.0000000000000000000 ) ) ;
#3762 = VECTOR ( 'NONE', #3761, 1000.000000000000000 ) ;
#3763 = DIRECTION ( 'NONE',  ( 3.665029011462713600E-016, 0.0000000000000000000, -1.000000000000000000 ) ) ;
#3764 = VECTOR ( 'NONE', #3763, 1000.000000000000000 ) ;
#3765 = CARTESIAN_POINT ( 'NONE',  ( 5.549999999999998900, 0.2000000000000003200, 13.09999999999999600 ) ) ;
#3766 = CARTESIAN_POINT ( 'NONE',  ( -6.799999999999998000, -0.6999999999999997300, 11.59999999999999400 ) ) ;
#3767 = DIRECTION ( 'NONE',  ( 2.150137138919820200E-015, 7.806186052539264400E-016, -1.000000000000000000 ) ) ;
#3768 = VECTOR ( 'NONE', #3767, 1000.000000000000000 ) ;
#3769 = CARTESIAN_POINT ( 'NONE',  ( 5.549999999999994500, -0.9000000000000041300, 12.90293863659264100 ) ) ;
#3770 = DIRECTION ( 'NONE',  ( 1.000000000000000000, 0.0000000000000000000, 0.0000000000000000000 ) ) ;
#3771 = VECTOR ( 'NONE', #3770, 1000.000000000000000 ) ;
#3772 = CARTESIAN_POINT ( 'NONE',  ( -0.7402166325562202800, -1.299999999999999800, 7.999999999999991100 ) ) ;
#3773 = LINE ( 'NONE', #3772, #3771 ) ;
#3774 = DIRECTION ( 'NONE',  ( 1.099474886651785200E-029, -1.000000000000000000, 1.972094703645293900E-015 ) ) ;
#3775 = VECTOR ( 'NONE', #3774, 1000.000000000000000 ) ;
#3776 = CARTESIAN_POINT ( 'NONE',  ( -5.950000000000172500, 2.874922359499701800, 11.20000000000004700 ) ) ;
#3777 = LINE ( 'NONE', #3776, #3775 ) ;
#3778 = DIRECTION ( 'NONE',  ( -2.150137138919820200E-015, -7.806186052539264400E-016, 1.000000000000000000 ) ) ;
#3779 = VECTOR ( 'NONE', #3778, 1000.000000000000000 ) ;
#3780 = CARTESIAN_POINT ( 'NONE',  ( 5.549999999999998900, -1.100000000000001200, 10.79999999999999900 ) ) ;
#3781 = LINE ( 'NONE', #3780, #3779 ) ;
#3782 = DIRECTION ( 'NONE',  ( -0.0000000000000000000, -0.0000000000000000000, 1.000000000000000000 ) ) ;
#3783 = VECTOR ( 'NONE', #3782, 1000.000000000000000 ) ;
#3784 = CARTESIAN_POINT ( 'NONE',  ( 5.549999999999999800, 0.0000000000000000000, 13.00000000000000000 ) ) ;
#3785 = LINE ( 'NONE', #3769, #3768 ) ;
#3786 = CARTESIAN_POINT ( 'NONE',  ( 5.549999999999998900, -1.649999999999999700, 9.499999999999996400 ) ) ;
#3787 = LINE ( 'NONE', #3790, #3789 ) ;
#3788 = DIRECTION ( 'NONE',  ( 0.0000000000000000000, -1.000000000000000000, 0.0000000000000000000 ) ) ;
#3789 = VECTOR ( 'NONE', #3788, 1000.000000000000000 ) ;
#3790 = CARTESIAN_POINT ( 'NONE',  ( -5.949999999999997500, -0.6999999999999997300, 11.59999999999999400 ) ) ;
#3791 = CARTESIAN_POINT ( 'NONE',  ( 5.949999999999997500, -0.6999999999999997300, 11.59999999999999400 ) ) ;
#3792 = DIRECTION ( 'NONE',  ( 0.0000000000000000000, 0.0000000000000000000, 1.000000000000000000 ) ) ;
#3793 = DIRECTION ( 'NONE',  ( 0.0000000000000000000, -0.5317626287821228800, -0.8468934446733698000 ) ) ;
#3794 = VECTOR ( 'NONE', #3793, 1000.000000000000100 ) ;
#3795 = CARTESIAN_POINT ( 'NONE',  ( 5.950000000000000200, 3.658706105063322900, 18.36563556493628700 ) ) ;
#3796 = DIRECTION ( 'NONE',  ( 1.096517117266992800E-016, -0.0000000000000000000, 1.000000000000000000 ) ) ;
#3797 = VECTOR ( 'NONE', #3796, 1000.000000000000000 ) ;
#3798 = CARTESIAN_POINT ( 'NONE',  ( -5.949999999999999300, 0.2000000000000003200, 14.89999999999999500 ) ) ;
#3799 = CARTESIAN_POINT ( 'NONE',  ( -6.800000000000001600, 0.2000000000000011800, 13.02999999999999400 ) ) ;
#3800 = DIRECTION ( 'NONE',  ( -2.065146995210483500E-016, 0.0000000000000000000, 1.000000000000000000 ) ) ;
#3801 = VECTOR ( 'NONE', #3800, 1000.000000000000000 ) ;
#3802 = AXIS2_PLACEMENT_3D ( 'NONE', #3873, #3872, #3871 ) ;
#3803 = CARTESIAN_POINT ( 'NONE',  ( 5.999999999999994700, -1.449999999999999700, 6.499999999999990200 ) ) ;
#3804 = CARTESIAN_POINT ( 'NONE',  ( -5.950000000000187600, -1.349999999999920600, 13.00000000000005900 ) ) ;
#3805 = CARTESIAN_POINT ( 'NONE',  ( 5.550000000000001600, -0.9641571194762687000, 6.199999999999994800 ) ) ;
#3806 = CARTESIAN_POINT ( 'NONE',  ( 5.549999999999998900, -1.299999999999999800, 7.199999999999994800 ) ) ;
#3807 = CARTESIAN_POINT ( 'NONE',  ( 6.800000000000001600, -0.5306213110653256200, 11.69364747424356900 ) ) ;
#3808 = DIRECTION ( 'NONE',  ( 0.0000000000000000000, 0.0000000000000000000, 1.000000000000000000 ) ) ;
#3809 = VECTOR ( 'NONE', #3808, 1000.000000000000000 ) ;
#3810 = CARTESIAN_POINT ( 'NONE',  ( 5.549999999999998900, -1.299999999999999800, 18.99999999999999600 ) ) ;
#3811 = LINE ( 'NONE', #3810, #3809 ) ;
#3812 = LINE ( 'NONE', #3951, #3950 ) ;
#3813 = CARTESIAN_POINT ( 'NONE',  ( 5.900000000000000400, -1.449999999999999700, 6.499999999999990200 ) ) ;
#3814 = CARTESIAN_POINT ( 'NONE',  ( -6.799999999999998000, -1.149999999999923700, 11.59999999999999400 ) ) ;
#3815 = DIRECTION ( 'NONE',  ( 0.0000000000000000000, -1.000000000000000000, 0.0000000000000000000 ) ) ;
#3816 = VECTOR ( 'NONE', #3815, 1000.000000000000000 ) ;
#3817 = FACE_BOUND ( 'NONE', #7456, .T. ) ;
#3818 = LINE ( 'NONE', #3870, #3869 ) ;
#3819 = AXIS2_PLACEMENT_3D ( 'NONE', #3853, #3852, #3858 ) ;
#3820 = VECTOR ( 'NONE', #3864, 1000.000000000000000 ) ;
#3821 = CARTESIAN_POINT ( 'NONE',  ( 5.949999999999997500, -0.6999999999999997300, 11.59999999999999400 ) ) ;
#3822 = LINE ( 'NONE', #3821, #3820 ) ;
#3823 = PLANE ( 'NONE',  #3819 ) ;
#3824 = VECTOR ( 'NONE', #3840, 1000.000000000000000 ) ;
#3825 = VECTOR ( 'NONE', #3921, 1000.000000000000000 ) ;
#3826 = CARTESIAN_POINT ( 'NONE',  ( 5.550000000000001600, -0.4120881868696221200, 6.199999999999994800 ) ) ;
#3827 = LINE ( 'NONE', #3826, #3825 ) ;
#3828 = LINE ( 'NONE', #3798, #3797 ) ;
#3829 = CARTESIAN_POINT ( 'NONE',  ( 5.549999999999998900, 0.2000000000000003200, 13.09999999999999600 ) ) ;
#3830 = CARTESIAN_POINT ( 'NONE',  ( -6.799999999999998000, -1.649999999999999700, 13.09999999999999800 ) ) ;
#3831 = DIRECTION ( 'NONE',  ( 0.0000000000000000000, -1.000000000000000000, 0.0000000000000000000 ) ) ;
#3832 = VECTOR ( 'NONE', #3831, 1000.000000000000000 ) ;
#3833 = CARTESIAN_POINT ( 'NONE',  ( -6.799999999999998000, -0.9499999999999997300, 13.09999999999999800 ) ) ;
#3834 = LINE ( 'NONE', #3833, #3832 ) ;
#3835 = CARTESIAN_POINT ( 'NONE',  ( -6.799999999999998000, -1.329999999999999800, 13.09999999999999800 ) ) ;
#3836 = DIRECTION ( 'NONE',  ( -1.096517117266992700E-016, 0.0000000000000000000, -1.000000000000000000 ) ) ;
#3837 = VECTOR ( 'NONE', #3836, 1000.000000000000000 ) ;
#3838 = CARTESIAN_POINT ( 'NONE',  ( -5.949999999999999300, -1.649999999999999700, 14.89999999999999500 ) ) ;
#3839 = LINE ( 'NONE', #3838, #3837 ) ;
#3840 = DIRECTION ( 'NONE',  ( 1.000000000000000000, -0.0000000000000000000, -0.0000000000000000000 ) ) ;
#3841 = CARTESIAN_POINT ( 'NONE',  ( -6.799999999999998000, 0.2000000000000011800, 11.59999999999999400 ) ) ;
#3842 = LINE ( 'NONE', #3841, #3801 ) ;
#3843 = DIRECTION ( 'NONE',  ( 1.096517117266992700E-016, -0.0000000000000000000, 1.000000000000000000 ) ) ;
#3844 = VECTOR ( 'NONE', #3843, 1000.000000000000000 ) ;
#3845 = CARTESIAN_POINT ( 'NONE',  ( -5.949999999999999300, 0.0000000000000000000, 13.00000000000000000 ) ) ;
#3846 = DIRECTION ( 'NONE',  ( 0.0000000000000000000, 0.0000000000000000000, -1.000000000000000000 ) ) ;
#3847 = DIRECTION ( 'NONE',  ( -1.000000000000000000, 0.0000000000000000000, 0.0000000000000000000 ) ) ;
#3848 = CARTESIAN_POINT ( 'NONE',  ( -6.800000000000001600, -0.6999999999999997300, 11.79999999999999500 ) ) ;
#3849 = AXIS2_PLACEMENT_3D ( 'NONE', #3848, #3847, #3846 ) ;
#3850 = CIRCLE ( 'NONE', #3849, 0.2000000000000005100 ) ;
#3851 = LINE ( 'NONE', #3845, #3844 ) ;
#3852 = DIRECTION ( 'NONE',  ( 1.000000000000000000, 0.0000000000000000000, -0.0000000000000000000 ) ) ;
#3853 = CARTESIAN_POINT ( 'NONE',  ( 5.549999999999998900, 0.2000000000000011800, 9.499999999999996400 ) ) ;
#3854 = CIRCLE ( 'NONE', #3802, 0.5999999999999998700 ) ;
#3855 = CARTESIAN_POINT ( 'NONE',  ( -6.800000000000001600, 0.1081360668040230300, 12.71094242273072100 ) ) ;
#3856 = CARTESIAN_POINT ( 'NONE',  ( -5.950000000000000200, -0.7999999999999994900, 9.499999999999998200 ) ) ;
#3857 = DIRECTION ( 'NONE',  ( 0.0000000000000000000, 1.000000000000000000, 0.0000000000000000000 ) ) ;
#3858 = DIRECTION ( 'NONE',  ( -0.0000000000000000000, 0.0000000000000000000, -1.000000000000000000 ) ) ;
#3859 = DIRECTION ( 'NONE',  ( 0.0000000000000000000, 0.0000000000000000000, -1.000000000000000000 ) ) ;
#3860 = DIRECTION ( 'NONE',  ( -1.000000000000000000, -0.0000000000000000000, -0.0000000000000000000 ) ) ;
#3861 = CARTESIAN_POINT ( 'NONE',  ( 6.800000000000001600, -0.6999999999999997300, 11.79999999999999500 ) ) ;
#3862 = AXIS2_PLACEMENT_3D ( 'NONE', #3861, #3860, #3859 ) ;
#3863 = CIRCLE ( 'NONE', #3862, 0.2000000000000005100 ) ;
#3864 = DIRECTION ( 'NONE',  ( 0.0000000000000000000, -1.000000000000000000, 0.0000000000000000000 ) ) ;
#3865 = CARTESIAN_POINT ( 'NONE',  ( 5.600000000000001400, -0.6999999999999997300, 11.59999999999999400 ) ) ;
#3866 = FACE_OUTER_BOUND ( 'NONE', #7530, .T. ) ;
#3867 = CARTESIAN_POINT ( 'NONE',  ( 5.949999999999997500, -1.149999999999987900, 11.59999999999999400 ) ) ;
#3868 = LINE ( 'NONE', #3865, #3824 ) ;
#3869 = VECTOR ( 'NONE', #3857, 1000.000000000000000 ) ;
#3870 = CARTESIAN_POINT ( 'NONE',  ( -5.950000000000000200, 4.539308700703375400, 7.199999999999995700 ) ) ;
#3871 = DIRECTION ( 'NONE',  ( 0.0000000000000000000, 0.0000000000000000000, -1.000000000000000000 ) ) ;
#3872 = DIRECTION ( 'NONE',  ( -1.000000000000000000, 0.0000000000000000000, 0.0000000000000000000 ) ) ;
#3873 = CARTESIAN_POINT ( 'NONE',  ( -6.800000000000001600, -0.3999999999999986900, 13.02999999999999400 ) ) ;
#3874 = CARTESIAN_POINT ( 'NONE',  ( 10.00000000000000000, -1.449999999999999700, 18.99999999999999600 ) ) ;
#3875 = AXIS2_PLACEMENT_3D ( 'NONE', #3874, #3914, #3913 ) ;
#3876 = PLANE ( 'NONE',  #3875 ) ;
#3877 = FACE_OUTER_BOUND ( 'NONE', #7673, .T. ) ;
#3878 = DIRECTION ( 'NONE',  ( 0.0000000000000000000, 0.0000000000000000000, -1.000000000000000000 ) ) ;
#3879 = VECTOR ( 'NONE', #3878, 1000.000000000000000 ) ;
#3880 = CARTESIAN_POINT ( 'NONE',  ( 5.800000000000002500, -1.449999999999999700, 15.59999999999999600 ) ) ;
#3881 = LINE ( 'NONE', #3880, #3879 ) ;
#3882 = DIRECTION ( 'NONE',  ( 7.753546893066132600E-017, -0.7071067811865493500, 0.7071067811865456900 ) ) ;
#3883 = VECTOR ( 'NONE', #3882, 1000.000000000000000 ) ;
#3884 = CARTESIAN_POINT ( 'NONE',  ( -5.950000000000000200, -0.2398477157360403800, 6.989847715736035900 ) ) ;
#3885 = LINE ( 'NONE', #3884, #3883 ) ;
#3886 = CARTESIAN_POINT ( 'NONE',  ( -6.799999999999998000, -1.200000000000101900, 12.71794494717726000 ) ) ;
#3887 = CARTESIAN_POINT ( 'NONE',  ( -6.799999999999998000, -1.170016189012745400, 12.64915736715828800 ) ) ;
#3888 = CARTESIAN_POINT ( 'NONE',  ( -6.799999999999998000, -1.150000000000032300, 12.57538826690052100 ) ) ;
#3889 = CARTESIAN_POINT ( 'NONE',  ( -6.800000000000072700, -1.150000000000109600, 12.50000000000003600 ) ) ;
#3890 = CARTESIAN_POINT ( 'NONE',  ( 5.549999999999998900, 0.1500000000000008300, 12.99999999999998800 ) ) ;
#3891 = CARTESIAN_POINT ( 'NONE',  ( -6.800000000000072700, -1.150000000000109600, 12.50000000000003600 ) ) ;
#3892 = B_SPLINE_CURVE_WITH_KNOTS ( 'NONE', 3,
 ( #3889, #3888, #3887, #3886 ),
 .UNSPECIFIED., .F., .F.,
 ( 4, 4 ),
 ( 0.0002686777994848623100, 0.0004905370450776103600 ),
 .UNSPECIFIED. ) ;
#3893 = CARTESIAN_POINT ( 'NONE',  ( -6.799999999999998000, -1.200000000000101900, 12.71794494717726000 ) ) ;
#3894 = DIRECTION ( 'NONE',  ( 0.0000000000000000000, 0.0000000000000000000, -1.000000000000000000 ) ) ;
#3895 = DIRECTION ( 'NONE',  ( 0.0000000000000000000, -1.000000000000000000, -0.0000000000000000000 ) ) ;
#3896 = AXIS2_PLACEMENT_3D ( 'NONE', #3898, #3895, #3947 ) ;
#3897 = CARTESIAN_POINT ( 'NONE',  ( 6.800000000000001600, -1.199999999999989100, 12.71794494717665100 ) ) ;
#3898 = CARTESIAN_POINT ( 'NONE',  ( 10.00000000000000000, -1.449999999999999700, 18.99999999999999600 ) ) ;
#3899 = PLANE ( 'NONE',  #3896 ) ;
#3900 = FACE_OUTER_BOUND ( 'NONE', #7679, .T. ) ;
#3901 = DIRECTION ( 'NONE',  ( 0.0000000000000000000, -1.000000000000000000, 0.0000000000000000000 ) ) ;
#3902 = VECTOR ( 'NONE', #3901, 1000.000000000000000 ) ;
#3903 = CARTESIAN_POINT ( 'NONE',  ( 6.800000000000001600, -0.9499999999999997300, 13.09999999999999600 ) ) ;
#3904 = LINE ( 'NONE', #3903, #3902 ) ;
#3905 = DIRECTION ( 'NONE',  ( 0.0000000000000000000, -2.466266120677565300E-015, -1.000000000000000000 ) ) ;
#3906 = VECTOR ( 'NONE', #3905, 1000.000000000000000 ) ;
#3907 = CARTESIAN_POINT ( 'NONE',  ( 6.800000000000001600, -1.149999999999993000, 11.19999999999998500 ) ) ;
#3908 = LINE ( 'NONE', #3907, #3906 ) ;
#3909 = DIRECTION ( 'NONE',  ( 0.0000000000000000000, 0.0000000000000000000, -1.000000000000000000 ) ) ;
#3910 = VECTOR ( 'NONE', #3909, 1000.000000000000000 ) ;
#3911 = CARTESIAN_POINT ( 'NONE',  ( 5.900000000000000400, -1.449999999999999700, 8.299999999999995400 ) ) ;
#3912 = LINE ( 'NONE', #3911, #3910 ) ;
#3913 = DIRECTION ( 'NONE',  ( -1.000000000000000000, 0.0000000000000000000, -0.0000000000000000000 ) ) ;
#3914 = DIRECTION ( 'NONE',  ( 0.0000000000000000000, -1.000000000000000000, -0.0000000000000000000 ) ) ;
#3915 = DIRECTION ( 'NONE',  ( -1.000000000000000000, 0.0000000000000000000, 5.507058653894625900E-016 ) ) ;
#3916 = VECTOR ( 'NONE', #3915, 1000.000000000000000 ) ;
#3917 = CARTESIAN_POINT ( 'NONE',  ( -0.7402166325562327100, -1.449999999999999700, 6.499999999999993800 ) ) ;
#3918 = LINE ( 'NONE', #3917, #3916 ) ;
#3919 = CARTESIAN_POINT ( 'NONE',  ( -6.799999999999998000, -0.6999999999999997300, 11.59999999999999400 ) ) ;
#3920 = LINE ( 'NONE', #3919, #3816 ) ;
#3921 = DIRECTION ( 'NONE',  ( 2.463497448927555900E-016, 0.7404030648300566900, -0.6721631510208356800 ) ) ;
#3922 = DIRECTION ( 'NONE',  ( 0.0000000000000000000, -1.000000000000000000, 0.0000000000000000000 ) ) ;
#3923 = VECTOR ( 'NONE', #3922, 1000.000000000000000 ) ;
#3924 = CARTESIAN_POINT ( 'NONE',  ( 5.549999999999998900, 0.2000000000000011800, 13.09999999999999600 ) ) ;
#3925 = LINE ( 'NONE', #3924, #3923 ) ;
#3926 = DIRECTION ( 'NONE',  ( 1.000000000000000000, 0.0000000000000000000, 0.0000000000000000000 ) ) ;
#3927 = CARTESIAN_POINT ( 'NONE',  ( -6.799999999999998000, 20.04522618641298200, 11.59999999999999600 ) ) ;
#3928 = AXIS2_PLACEMENT_3D ( 'NONE', #3927, #3926, #3894 ) ;
#3929 = PLANE ( 'NONE',  #3928 ) ;
#3930 = FACE_OUTER_BOUND ( 'NONE', #7660, .T. ) ;
#3931 = CARTESIAN_POINT ( 'NONE',  ( -5.950000000000000200, 0.0000000000000000000, 8.500000000000003600 ) ) ;
#3932 = DIRECTION ( 'NONE',  ( 0.0000000000000000000, -1.000000000000000000, 0.0000000000000000000 ) ) ;
#3933 = VECTOR ( 'NONE', #3932, 1000.000000000000000 ) ;
#3934 = CARTESIAN_POINT ( 'NONE',  ( 5.549999999999998900, 0.2000000000000011800, 9.499999999999996400 ) ) ;
#3935 = LINE ( 'NONE', #3934, #3933 ) ;
#3936 = DIRECTION ( 'NONE',  ( 0.0000000000000000000, 0.0000000000000000000, -1.000000000000000000 ) ) ;
#3937 = VECTOR ( 'NONE', #3936, 1000.000000000000000 ) ;
#3938 = CARTESIAN_POINT ( 'NONE',  ( 5.900000000000000400, -1.449999999999999700, 8.299999999999995400 ) ) ;
#3939 = LINE ( 'NONE', #3938, #3937 ) ;
#3940 = CARTESIAN_POINT ( 'NONE',  ( 5.900000000000000400, -1.449999999999999700, 6.199999999999994800 ) ) ;
#3941 = DIRECTION ( 'NONE',  ( -1.000000000000000000, 0.0000000000000000000, -0.0000000000000000000 ) ) ;
#3942 = VECTOR ( 'NONE', #3941, 1000.000000000000000 ) ;
#3943 = CARTESIAN_POINT ( 'NONE',  ( 5.400000000000000400, -1.449999999999999700, 6.199999999999994800 ) ) ;
#3944 = LINE ( 'NONE', #3943, #3942 ) ;
#3945 = CARTESIAN_POINT ( 'NONE',  ( 6.800000000000001600, 0.2000000000000011800, 13.02999999999999400 ) ) ;
#3946 = CARTESIAN_POINT ( 'NONE',  ( 6.800000000000001600, -1.150000000000166400, 12.50000000000000000 ) ) ;
#3947 = DIRECTION ( 'NONE',  ( -1.000000000000000000, 0.0000000000000000000, -0.0000000000000000000 ) ) ;
#3948 = CARTESIAN_POINT ( 'NONE',  ( -6.800000000000001600, -0.5306213110653256200, 11.69364747424356900 ) ) ;
#3949 = DIRECTION ( 'NONE',  ( 0.0000000000000000000, -0.5317626287821228800, -0.8468934446733699100 ) ) ;
#3950 = VECTOR ( 'NONE', #3949, 999.9999999999998900 ) ;
#3951 = CARTESIAN_POINT ( 'NONE',  ( -6.800000000000001600, -0.5306213110653258400, 11.69364747424356900 ) ) ;
#3952 = CARTESIAN_POINT ( 'NONE',  ( -4.500000000000000900, -1.449999999999999700, 15.69999999999999200 ) ) ;
#3953 = CARTESIAN_POINT ( 'NONE',  ( -4.500000000000000900, -1.449999999999999700, 15.59999999999999600 ) ) ;
#3954 = DIRECTION ( 'NONE',  ( 1.000000000000000000, -0.0000000000000000000, 0.0000000000000000000 ) ) ;
#3955 = VECTOR ( 'NONE', #3954, 1000.000000000000000 ) ;
#3956 = CARTESIAN_POINT ( 'NONE',  ( -5.800000000000002500, -1.449999999999999700, 15.59999999999999600 ) ) ;
#3957 = LINE ( 'NONE', #3956, #3955 ) ;
#3958 = CARTESIAN_POINT ( 'NONE',  ( -6.750000000000000900, -1.449999999999999700, 6.499999999999993800 ) ) ;
#3959 = CARTESIAN_POINT ( 'NONE',  ( 5.999999999999994700, -1.449999999999999700, 7.999999999999991100 ) ) ;
#3960 = DIRECTION ( 'NONE',  ( 0.0000000000000000000, -1.000000000000000000, 0.0000000000000000000 ) ) ;
#3961 = VECTOR ( 'NONE', #3960, 1000.000000000000000 ) ;
#3962 = CARTESIAN_POINT ( 'NONE',  ( 6.800000000000001600, 20.04522618641298200, 15.09999999999999800 ) ) ;
#3963 = LINE ( 'NONE', #3962, #3961 ) ;
#3964 = DIRECTION ( 'NONE',  ( -0.0000000000000000000, -1.000000000000000000, 0.0000000000000000000 ) ) ;
#3965 = VECTOR ( 'NONE', #3964, 1000.000000000000000 ) ;
#3966 = CARTESIAN_POINT ( 'NONE',  ( 3.650000000000000800, -1.700000000000000000, 12.29999999999999400 ) ) ;
#3967 = LINE ( 'NONE', #3966, #3965 ) ;
#3968 = DIRECTION ( 'NONE',  ( -1.000000000000000000, 0.0000000000000000000, -0.0000000000000000000 ) ) ;
#3969 = DIRECTION ( 'NONE',  ( 0.0000000000000000000, -1.000000000000000000, -0.0000000000000000000 ) ) ;
#3970 = CARTESIAN_POINT ( 'NONE',  ( 10.00000000000000000, -1.449999999999999700, 18.99999999999999600 ) ) ;
#3971 = AXIS2_PLACEMENT_3D ( 'NONE', #3970, #3969, #3968 ) ;
#3972 = LINE ( 'NONE', #4093, #4092 ) ;
#3973 = DIRECTION ( 'NONE',  ( -0.0000000000000000000, -0.5317626287821228800, -0.8468934446733699100 ) ) ;
#3974 = VECTOR ( 'NONE', #3973, 999.9999999999998900 ) ;
#3975 = CARTESIAN_POINT ( 'NONE',  ( 6.800000000000001600, -0.5306213110653258400, 11.69364747424356900 ) ) ;
#3976 = LINE ( 'NONE', #3975, #3974 ) ;
#3977 = CARTESIAN_POINT ( 'NONE',  ( 5.550000000000001600, -1.449999999999999700, 8.299999999999995400 ) ) ;
#3978 = DIRECTION ( 'NONE',  ( 1.000000000000000000, -0.0000000000000000000, 0.0000000000000000000 ) ) ;
#3979 = VECTOR ( 'NONE', #3978, 1000.000000000000000 ) ;
#3980 = CARTESIAN_POINT ( 'NONE',  ( 5.400000000000000400, -1.449999999999999700, 8.299999999999995400 ) ) ;
#3981 = LINE ( 'NONE', #3980, #3979 ) ;
#3982 = DIRECTION ( 'NONE',  ( 3.157908811212862900E-029, 1.000000000000000000, -2.466266120677565300E-015 ) ) ;
#3983 = VECTOR ( 'NONE', #3982, 1000.000000000000000 ) ;
#3984 = CARTESIAN_POINT ( 'NONE',  ( 6.800000000000001600, 2.874922359499630300, 12.71794494717664000 ) ) ;
#3985 = LINE ( 'NONE', #3984, #3983 ) ;
#3986 = CARTESIAN_POINT ( 'NONE',  ( 6.800000000000001600, -1.649999999999999700, 13.09999999999999600 ) ) ;
#3987 = DIRECTION ( 'NONE',  ( 1.000000000000000000, 0.0000000000000000000, 0.0000000000000000000 ) ) ;
#3988 = VECTOR ( 'NONE', #3987, 1000.000000000000000 ) ;
#3989 = CARTESIAN_POINT ( 'NONE',  ( -0.7402166325562202800, -1.449999999999999700, 7.999999999999991100 ) ) ;
#3990 = LINE ( 'NONE', #3989, #3988 ) ;
#3991 = CARTESIAN_POINT ( 'NONE',  ( 4.500000000000000900, -1.449999999999999700, 15.59999999999999600 ) ) ;
#3992 = CARTESIAN_POINT ( 'NONE',  ( 5.800000000000000700, -1.449999999999999700, 15.59999999999999600 ) ) ;
#3993 = CARTESIAN_POINT ( 'NONE',  ( 4.200000000000002000, -1.449999999999999700, 15.59999999999999600 ) ) ;
#3994 = LINE ( 'NONE', #3993, #4096 ) ;
#3995 = AXIS2_PLACEMENT_3D ( 'NONE', #4019, #4018, #4017 ) ;
#3996 = PLANE ( 'NONE',  #3995 ) ;
#3997 = CARTESIAN_POINT ( 'NONE',  ( 6.800000000000001600, -1.649999999999999700, 15.09999999999999800 ) ) ;
#3998 = CARTESIAN_POINT ( 'NONE',  ( 5.900000000000000400, -1.299999999999999800, 10.89999999999999500 ) ) ;
#3999 = LINE ( 'NONE', #3998, #4070 ) ;
#4000 = PLANE ( 'NONE',  #3971 ) ;
#4001 = FACE_OUTER_BOUND ( 'NONE', #7780, .T. ) ;
#4002 = CARTESIAN_POINT ( 'NONE',  ( 3.650000000000000800, -1.649999999999999700, 12.29999999999999400 ) ) ;
#4003 = CARTESIAN_POINT ( 'NONE',  ( 3.650000000000000800, -1.649999999999999900, 11.30635083268962400 ) ) ;
#4004 = DIRECTION ( 'NONE',  ( 0.0000000000000000000, 0.0000000000000000000, 1.000000000000000000 ) ) ;
#4005 = VECTOR ( 'NONE', #4004, 1000.000000000000000 ) ;
#4006 = CARTESIAN_POINT ( 'NONE',  ( 3.650000000000000800, -1.649999999999999500, 12.74999999999999600 ) ) ;
#4007 = LINE ( 'NONE', #4006, #4005 ) ;
#4008 = DIRECTION ( 'NONE',  ( 0.0000000000000000000, 0.0000000000000000000, -1.000000000000000000 ) ) ;
#4009 = DIRECTION ( 'NONE',  ( 1.000000000000000000, 0.0000000000000000000, 0.0000000000000000000 ) ) ;
#4010 = AXIS2_PLACEMENT_3D ( 'NONE', #4011, #4009, #4008 ) ;
#4011 = CARTESIAN_POINT ( 'NONE',  ( 3.650000000000000800, 5.270007610345668800, 12.74999999999999600 ) ) ;
#4012 = PLANE ( 'NONE',  #4010 ) ;
#4013 = FACE_OUTER_BOUND ( 'NONE', #7815, .T. ) ;
#4014 = DIRECTION ( 'NONE',  ( 8.182657905550978300E-017, 0.0000000000000000000, 1.000000000000000000 ) ) ;
#4015 = VECTOR ( 'NONE', #4014, 1000.000000000000000 ) ;
#4016 = DIRECTION ( 'NONE',  ( 0.0000000000000000000, 0.0000000000000000000, -1.000000000000000000 ) ) ;
#4017 = DIRECTION ( 'NONE',  ( -1.000000000000000000, 0.0000000000000000000, -0.0000000000000000000 ) ) ;
#4018 = DIRECTION ( 'NONE',  ( 0.0000000000000000000, -1.000000000000000000, -0.0000000000000000000 ) ) ;
#4019 = CARTESIAN_POINT ( 'NONE',  ( 10.00000000000000000, -1.299999999999999800, 18.99999999999999600 ) ) ;
#4020 = CARTESIAN_POINT ( 'NONE',  ( 6.800000000000001600, -0.3999999999999986900, 13.02999999999999400 ) ) ;
#4021 = CIRCLE ( 'NONE', #4091, 0.5999999999999998700 ) ;
#4022 = DIRECTION ( 'NONE',  ( -0.0000000000000000000, -0.0000000000000000000, -1.000000000000000000 ) ) ;
#4023 = VECTOR ( 'NONE', #4022, 1000.000000000000000 ) ;
#4024 = CARTESIAN_POINT ( 'NONE',  ( 6.800000000000001600, -1.649999999999999700, 11.59999999999999400 ) ) ;
#4025 = LINE ( 'NONE', #4024, #4023 ) ;
#4026 = CARTESIAN_POINT ( 'NONE',  ( 4.500000000000000900, -1.449999999999999700, 15.69999999999999200 ) ) ;
#4027 = DIRECTION ( 'NONE',  ( -1.000000000000000000, 0.0000000000000000000, -2.523234146875357000E-016 ) ) ;
#4028 = VECTOR ( 'NONE', #4027, 1000.000000000000000 ) ;
#4029 = CARTESIAN_POINT ( 'NONE',  ( 10.00000000000000000, -1.449999999999999700, 15.69999999999999200 ) ) ;
#4030 = LINE ( 'NONE', #4029, #4028 ) ;
#4031 = DIRECTION ( 'NONE',  ( -2.065146995210483500E-016, 0.0000000000000000000, -1.000000000000000000 ) ) ;
#4032 = VECTOR ( 'NONE', #4031, 1000.000000000000000 ) ;
#4033 = CARTESIAN_POINT ( 'NONE',  ( 6.800000000000001600, 0.2000000000000011800, 11.59999999999999400 ) ) ;
#4034 = LINE ( 'NONE', #4033, #4032 ) ;
#4035 = AXIS2_PLACEMENT_3D ( 'NONE', #4068, #4067, #4066 ) ;
#4036 = CIRCLE ( 'NONE', #4035, 0.5999999999999998700 ) ;
#4037 = CARTESIAN_POINT ( 'NONE',  ( 5.349999999999998800, -1.450000000000000000, 15.49999999999999300 ) ) ;
#4038 = DIRECTION ( 'NONE',  ( -1.000000000000000000, 0.0000000000000000000, 1.621236893436268400E-016 ) ) ;
#4039 = VECTOR ( 'NONE', #4038, 1000.000000000000000 ) ;
#4040 = CARTESIAN_POINT ( 'NONE',  ( 10.00000000000000000, -1.449999999999999700, 15.49999999999999300 ) ) ;
#4041 = LINE ( 'NONE', #4040, #4039 ) ;
#4042 = CARTESIAN_POINT ( 'NONE',  ( 4.050000000000000700, -1.699999999999999700, 11.49999999999999300 ) ) ;
#4043 = AXIS2_PLACEMENT_3D ( 'NONE', #4042, #4062, #4061 ) ;
#4044 = CARTESIAN_POINT ( 'NONE',  ( 6.800000000000001600, -1.199999999999989100, 12.71794494717665100 ) ) ;
#4045 = CARTESIAN_POINT ( 'NONE',  ( 6.800000000000001600, -1.170016189012760900, 12.64915736715785300 ) ) ;
#4046 = CARTESIAN_POINT ( 'NONE',  ( 6.800000000000001600, -1.150000000000171100, 12.57538826690027500 ) ) ;
#4047 = CARTESIAN_POINT ( 'NONE',  ( 6.800000000000001600, -1.150000000000166400, 12.50000000000000000 ) ) ;
#4048 = B_SPLINE_CURVE_WITH_KNOTS ( 'NONE', 3,
 ( #4047, #4046, #4045, #4044 ),
 .UNSPECIFIED., .F., .F.,
 ( 4, 4 ),
 ( 0.0002686777994852166300, 0.0004905370450773477600 ),
 .UNSPECIFIED. ) ;
#4049 = CARTESIAN_POINT ( 'NONE',  ( 5.999999999999995600, -1.449999999999999700, 18.99999999999999600 ) ) ;
#4050 = LINE ( 'NONE', #4049, #4015 ) ;
#4051 = DIRECTION ( 'NONE',  ( -3.665029011462713600E-016, 0.0000000000000000000, 1.000000000000000000 ) ) ;
#4052 = VECTOR ( 'NONE', #4051, 1000.000000000000000 ) ;
#4053 = CARTESIAN_POINT ( 'NONE',  ( 5.549999999999998000, -1.449999999999999700, 18.99999999999999600 ) ) ;
#4054 = LINE ( 'NONE', #4053, #4052 ) ;
#4055 = CARTESIAN_POINT ( 'NONE',  ( 5.500000000000000000, -1.449999999999999700, 15.69999999999999200 ) ) ;
#4056 = CARTESIAN_POINT ( 'NONE',  ( -5.800000000000001600, -1.450000000000000000, 15.29686269665968000 ) ) ;
#4057 = DIRECTION ( 'NONE',  ( -3.469446951953611000E-015, 0.0000000000000000000, 1.000000000000000000 ) ) ;
#4058 = VECTOR ( 'NONE', #4057, 1000.000000000000000 ) ;
#4059 = CARTESIAN_POINT ( 'NONE',  ( -5.800000000000002500, -1.449999999999999700, 15.59999999999999600 ) ) ;
#4060 = LINE ( 'NONE', #4059, #4058 ) ;
#4061 = DIRECTION ( 'NONE',  ( 0.0000000000000000000, -1.355252715606880000E-016, 1.000000000000000000 ) ) ;
#4062 = DIRECTION ( 'NONE',  ( 0.0000000000000000000, 1.000000000000000000, 1.355252715606880000E-016 ) ) ;
#4063 = CARTESIAN_POINT ( 'NONE',  ( 5.900000000000000400, -1.449999999999999700, 7.999999999999991100 ) ) ;
#4064 = CARTESIAN_POINT ( 'NONE',  ( 5.900000000000000400, -1.449999999999999700, 8.299999999999995400 ) ) ;
#4065 = CARTESIAN_POINT ( 'NONE',  ( 5.800000000000001600, -1.450000000000000000, 15.29686269665967800 ) ) ;
#4066 = DIRECTION ( 'NONE',  ( 0.0000000000000000000, 0.0000000000000000000, -1.000000000000000000 ) ) ;
#4067 = DIRECTION ( 'NONE',  ( 0.0000000000000000000, -1.000000000000000000, 0.0000000000000000000 ) ) ;
#4068 = CARTESIAN_POINT ( 'NONE',  ( 5.349999999999998800, -1.450000000000000000, 14.89999999999999300 ) ) ;
#4069 = DIRECTION ( 'NONE',  ( -0.0000000000000000000, 0.0000000000000000000, -1.000000000000000000 ) ) ;
#4070 = VECTOR ( 'NONE', #4069, 1000.000000000000000 ) ;
#4071 = CARTESIAN_POINT ( 'NONE',  ( 5.500000000000000000, -1.449999999999999700, 15.59999999999999600 ) ) ;
#4072 = PLANE ( 'NONE',  #4043 ) ;
#4073 = FACE_OUTER_BOUND ( 'NONE', #7788, .T. ) ;
#4074 = CARTESIAN_POINT ( 'NONE',  ( 5.550000000000000700, -1.449999999999999700, 6.199999999999994800 ) ) ;
#4075 = DIRECTION ( 'NONE',  ( 0.0000000000000000000, 0.0000000000000000000, 1.000000000000000000 ) ) ;
#4076 = VECTOR ( 'NONE', #4075, 1000.000000000000000 ) ;
#4077 = CARTESIAN_POINT ( 'NONE',  ( 4.200000000000002000, -1.449999999999999700, 15.59999999999999600 ) ) ;
#4078 = LINE ( 'NONE', #4077, #4076 ) ;
#4079 = CARTESIAN_POINT ( 'NONE',  ( 6.800000000000002500, 0.2000000000000011800, 15.09999999999999800 ) ) ;
#4080 = CARTESIAN_POINT ( 'NONE',  ( -5.500000000000000000, -1.449999999999999700, 15.69999999999999200 ) ) ;
#4081 = DIRECTION ( 'NONE',  ( -1.000000000000000000, 0.0000000000000000000, -2.523234146875357000E-016 ) ) ;
#4082 = VECTOR ( 'NONE', #4081, 1000.000000000000000 ) ;
#4083 = CARTESIAN_POINT ( 'NONE',  ( 10.00000000000000000, -1.449999999999999700, 15.69999999999999200 ) ) ;
#4084 = LINE ( 'NONE', #4083, #4082 ) ;
#4085 = DIRECTION ( 'NONE',  ( 0.0000000000000000000, 0.0000000000000000000, -1.000000000000000000 ) ) ;
#4086 = VECTOR ( 'NONE', #4085, 1000.000000000000000 ) ;
#4087 = CARTESIAN_POINT ( 'NONE',  ( -4.500000000000000900, -1.449999999999999700, 29.00370380478671400 ) ) ;
#4088 = LINE ( 'NONE', #4087, #4086 ) ;
#4089 = DIRECTION ( 'NONE',  ( 0.0000000000000000000, 0.0000000000000000000, -1.000000000000000000 ) ) ;
#4090 = DIRECTION ( 'NONE',  ( -1.000000000000000000, -0.0000000000000000000, -0.0000000000000000000 ) ) ;
#4091 = AXIS2_PLACEMENT_3D ( 'NONE', #4020, #4090, #4089 ) ;
#4092 = VECTOR ( 'NONE', #4016, 1000.000000000000000 ) ;
#4093 = CARTESIAN_POINT ( 'NONE',  ( 4.500000000000000900, -1.449999999999999700, 29.00370380478671400 ) ) ;
#4094 = FACE_OUTER_BOUND ( 'NONE', #7690, .T. ) ;
#4095 = DIRECTION ( 'NONE',  ( 1.000000000000000000, -0.0000000000000000000, 0.0000000000000000000 ) ) ;
#4096 = VECTOR ( 'NONE', #4095, 1000.000000000000000 ) ;
#4097 = CARTESIAN_POINT ( 'NONE',  ( -5.650000000000187800, -1.329999999999999600, 13.00000000000005900 ) ) ;
#4098 = CARTESIAN_POINT ( 'NONE',  ( -6.150000000000001200, -1.449999999999999700, 6.199999999999994800 ) ) ;
#4099 = LINE ( 'NONE', #4097, #4193 ) ;
#4100 = DIRECTION ( 'NONE',  ( -1.000000000000000000, 0.0000000000000000000, -0.0000000000000000000 ) ) ;
#4101 = VECTOR ( 'NONE', #4100, 1000.000000000000000 ) ;
#4102 = CARTESIAN_POINT ( 'NONE',  ( -6.650000000000000400, -1.449999999999999700, 6.199999999999994800 ) ) ;
#4103 = LINE ( 'NONE', #4102, #4101 ) ;
#4104 = DIRECTION ( 'NONE',  ( 0.0000000000000000000, 0.0000000000000000000, 1.000000000000000000 ) ) ;
#4105 = VECTOR ( 'NONE', #4104, 1000.000000000000000 ) ;
#4106 = CARTESIAN_POINT ( 'NONE',  ( -6.750000000000000900, -1.449999999999999700, 18.99999999999999600 ) ) ;
#4107 = LINE ( 'NONE', #4106, #4105 ) ;
#4108 = DIRECTION ( 'NONE',  ( -1.000000000000000000, 0.0000000000000000000, 0.0000000000000000000 ) ) ;
#4109 = VECTOR ( 'NONE', #4108, 1000.000000000000000 ) ;
#4110 = CARTESIAN_POINT ( 'NONE',  ( -5.949999999999997500, -1.329999999999999800, 13.09999999999999800 ) ) ;
#4111 = VECTOR ( 'NONE', #4159, 1000.000000000000000 ) ;
#4112 = CARTESIAN_POINT ( 'NONE',  ( 3.650000000000000800, -1.299999999999999800, 11.49999999999999300 ) ) ;
#4113 = CARTESIAN_POINT ( 'NONE',  ( 6.100000000000000500, -1.299999999999999800, 8.499999999999996400 ) ) ;
#4114 = CARTESIAN_POINT ( 'NONE',  ( 5.949999999999998400, -1.299999999999999800, 7.199999999999995700 ) ) ;
#4115 = CIRCLE ( 'NONE', #4150, 0.3999999999999993000 ) ;
#4116 = LINE ( 'NONE', #4167, #4166 ) ;
#4117 = CARTESIAN_POINT ( 'NONE',  ( 3.650000000000000800, -1.699999999999999300, 11.49999999999999300 ) ) ;
#4118 = CARTESIAN_POINT ( 'NONE',  ( -0.7402166325562202800, -1.449999999999999700, 6.499999999999993800 ) ) ;
#4119 = LINE ( 'NONE', #4118, #4231 ) ;
#4120 = DIRECTION ( 'NONE',  ( 0.0000000000000000000, 0.0000000000000000000, -1.000000000000000000 ) ) ;
#4121 = VECTOR ( 'NONE', #4120, 1000.000000000000000 ) ;
#4122 = CARTESIAN_POINT ( 'NONE',  ( 5.500000000000000000, -1.449999999999999700, 29.00370380478671400 ) ) ;
#4123 = AXIS2_PLACEMENT_3D ( 'NONE', #4147, #4146, #4145 ) ;
#4124 = DIRECTION ( 'NONE',  ( 1.000000000000000000, -0.0000000000000000000, -0.0000000000000000000 ) ) ;
#4125 = CARTESIAN_POINT ( 'NONE',  ( 5.950000000000000200, -1.299999999999999800, 9.499999999999996400 ) ) ;
#4126 = DIRECTION ( 'NONE',  ( 0.0000000000000000000, 0.0000000000000000000, -1.000000000000000000 ) ) ;
#4127 = DIRECTION ( 'NONE',  ( 0.0000000000000000000, -1.000000000000000000, 0.0000000000000000000 ) ) ;
#4128 = CARTESIAN_POINT ( 'NONE',  ( -5.349999999999999600, -1.450000000000000000, 14.89999999999999500 ) ) ;
#4129 = AXIS2_PLACEMENT_3D ( 'NONE', #4128, #4127, #4126 ) ;
#4130 = CIRCLE ( 'NONE', #4129, 0.5999999999999998700 ) ;
#4131 = LINE ( 'NONE', #4154, #4153 ) ;
#4132 = DIRECTION ( 'NONE',  ( 0.0000000000000000000, 4.336808689942013800E-016, -1.000000000000000000 ) ) ;
#4133 = DIRECTION ( 'NONE',  ( 6.286235338479937800E-031, -1.000000000000000000, -3.872150616019693300E-016 ) ) ;
#4134 = CARTESIAN_POINT ( 'NONE',  ( -6.350000000000182600, -1.329999999999999600, 12.50000000000005200 ) ) ;
#4135 = AXIS2_PLACEMENT_3D ( 'NONE', #4134, #4133, #4132 ) ;
#4136 = CIRCLE ( 'NONE', #4135, 0.5000000000000004400 ) ;
#4137 = FACE_OUTER_BOUND ( 'NONE', #7850, .T. ) ;
#4138 = DIRECTION ( 'NONE',  ( -1.000000000000000000, 0.0000000000000000000, -2.168404344971009300E-015 ) ) ;
#4139 = VECTOR ( 'NONE', #4138, 1000.000000000000000 ) ;
#4140 = CARTESIAN_POINT ( 'NONE',  ( -0.7402166325561747600, -1.449999999999999700, 8.000000000000008900 ) ) ;
#4141 = LINE ( 'NONE', #4140, #4139 ) ;
#4142 = DIRECTION ( 'NONE',  ( 1.626303258728248800E-015, 3.872150616019693300E-016, -1.000000000000000000 ) ) ;
#4143 = DIRECTION ( 'NONE',  ( 6.286235338479937800E-031, -1.000000000000000000, -3.872150616019693300E-016 ) ) ;
#4144 = CARTESIAN_POINT ( 'NONE',  ( 0.5373116916788319700, -1.329999999999999400, 11.89999999999999100 ) ) ;
#4145 = DIRECTION ( 'NONE',  ( 0.0000000000000000000, 0.0000000000000000000, 1.000000000000000000 ) ) ;
#4146 = DIRECTION ( 'NONE',  ( -1.000000000000000000, 0.0000000000000000000, 0.0000000000000000000 ) ) ;
#4147 = CARTESIAN_POINT ( 'NONE',  ( 6.800000000000001600, 20.04522618641298200, 11.59999999999999400 ) ) ;
#4148 = DIRECTION ( 'NONE',  ( 0.0000000000000000000, 0.0000000000000000000, 1.000000000000000000 ) ) ;
#4149 = DIRECTION ( 'NONE',  ( 1.000000000000000000, 0.0000000000000000000, 0.0000000000000000000 ) ) ;
#4150 = AXIS2_PLACEMENT_3D ( 'NONE', #4112, #4149, #4148 ) ;
#4151 = LINE ( 'NONE', #4212, #4211 ) ;
#4152 = DIRECTION ( 'NONE',  ( 0.0000000000000000000, 0.0000000000000000000, 1.000000000000000000 ) ) ;
#4153 = VECTOR ( 'NONE', #4152, 1000.000000000000000 ) ;
#4154 = CARTESIAN_POINT ( 'NONE',  ( -6.650000000000000400, -1.449999999999999700, 8.299999999999995400 ) ) ;
#4155 = LINE ( 'NONE', #4122, #4121 ) ;
#4156 = DIRECTION ( 'NONE',  ( 0.0000000000000000000, -1.972094703645293900E-015, -1.000000000000000000 ) ) ;
#4157 = VECTOR ( 'NONE', #4156, 1000.000000000000000 ) ;
#4158 = LINE ( 'NONE', #4125, #4171 ) ;
#4159 = DIRECTION ( 'NONE',  ( -0.7071067811865444600, 0.0000000000000000000, -0.7071067811865505700 ) ) ;
#4160 = CARTESIAN_POINT ( 'NONE',  ( 7.025000000000002100, -1.299999999999999800, 9.425000000000006000 ) ) ;
#4161 = LINE ( 'NONE', #4160, #4111 ) ;
#4162 = CARTESIAN_POINT ( 'NONE',  ( -6.799999999999998000, -1.149999999999924400, 11.20000000000005800 ) ) ;
#4163 = LINE ( 'NONE', #4162, #4157 ) ;
#4164 = CARTESIAN_POINT ( 'NONE',  ( 3.650000000000000800, -1.700000000000000000, 12.29999999999999400 ) ) ;
#4165 = DIRECTION ( 'NONE',  ( 0.0000000000000000000, 1.355252715606880000E-016, -1.000000000000000000 ) ) ;
#4166 = VECTOR ( 'NONE', #4165, 1000.000000000000000 ) ;
#4167 = CARTESIAN_POINT ( 'NONE',  ( 3.650000000000000800, -1.699999999999999700, 11.49999999999999300 ) ) ;
#4168 = VECTOR ( 'NONE', #4173, 1000.000000000000000 ) ;
#4169 = CARTESIAN_POINT ( 'NONE',  ( -4.200000000000002000, -1.449999999999999700, 15.59999999999999600 ) ) ;
#4170 = LINE ( 'NONE', #4169, #4168 ) ;
#4171 = VECTOR ( 'NONE', #4124, 1000.000000000000000 ) ;
#4172 = CARTESIAN_POINT ( 'NONE',  ( -4.200000000000000200, -1.449999999999999700, 15.59999999999999600 ) ) ;
#4173 = DIRECTION ( 'NONE',  ( 3.469446951953611000E-015, 0.0000000000000000000, -1.000000000000000000 ) ) ;
#4174 = LINE ( 'NONE', #3329, #3414 ) ;
#4175 = CARTESIAN_POINT ( 'NONE',  ( 5.999999999999999100, -0.04999999999999991300, 3.059999999999994300 ) ) ;
#4176 = DIRECTION ( 'NONE',  ( -1.000000000000000000, 0.0000000000000000000, 2.797941090285169600E-016 ) ) ;
#4177 = VECTOR ( 'NONE', #4176, 1000.000000000000000 ) ;
#4178 = CARTESIAN_POINT ( 'NONE',  ( 4.649999999999997700, -0.04999999999999991300, 3.059999999999994300 ) ) ;
#4179 = LINE ( 'NONE', #4178, #4177 ) ;
#4180 = CARTESIAN_POINT ( 'NONE',  ( -3.149999999999999500, -1.649999999999999700, 0.8499999999999955400 ) ) ;
#4181 = CARTESIAN_POINT ( 'NONE',  ( 6.200000000000001100, 0.1000000000000000500, 3.009999999999995300 ) ) ;
#4182 = DIRECTION ( 'NONE',  ( 1.000000000000000000, 0.0000000000000000000, 0.0000000000000000000 ) ) ;
#4183 = VECTOR ( 'NONE', #4182, 1000.000000000000000 ) ;
#4184 = CARTESIAN_POINT ( 'NONE',  ( -500000.0000000000600, 0.1000000000000000500, 3.009999999999995300 ) ) ;
#4185 = CARTESIAN_POINT ( 'NONE',  ( 6.099999999999998800, -0.04999999999999991300, 3.059999999999994300 ) ) ;
#4186 = CARTESIAN_POINT ( 'NONE',  ( 6.099999999999998800, 0.004571583456904915500, 3.059999999999993800 ) ) ;
#4187 = CARTESIAN_POINT ( 'NONE',  ( 6.117257049924165600, 0.05634273323077746600, 3.042742950075827800 ) ) ;
#4188 = CARTESIAN_POINT ( 'NONE',  ( 6.149999999990996000, 0.1000000000000000500, 3.009999999999995300 ) ) ;
#4189 = LINE ( 'NONE', #4184, #4183 ) ;
#4190 = CARTESIAN_POINT ( 'NONE',  ( 6.149999999990996000, 0.1000000000000000500, 3.009999999999995300 ) ) ;
#4191 =( BOUNDED_CURVE ( )  B_SPLINE_CURVE ( 3, ( #4188, #4187, #4186, #4185 ),
 .UNSPECIFIED., .F., .T. ) 
 B_SPLINE_CURVE_WITH_KNOTS ( ( 4, 4 ),
 ( 5.639684198402195000, 6.283185307179587100 ),
 .UNSPECIFIED. ) 
 CURVE ( )  GEOMETRIC_REPRESENTATION_ITEM ( )  RATIONAL_B_SPLINE_CURVE ( ( 1.000000000000000000, 0.9657888653686843600, 0.9657888653686843600, 1.000000000000000000 ) ) 
 REPRESENTATION_ITEM ( '' )  );
#4192 = DIRECTION ( 'NONE',  ( 1.000000000000000000, -2.747210906802927500E-030, 8.718241554666199800E-015 ) ) ;
#4193 = VECTOR ( 'NONE', #4192, 1000.000000000000000 ) ;
#4194 = DIRECTION ( 'NONE',  ( -1.000000000000000000, 0.0000000000000000000, 0.0000000000000000000 ) ) ;
#4195 = VECTOR ( 'NONE', #4194, 1000.000000000000000 ) ;
#4196 = DIRECTION ( 'NONE',  ( -1.000000000000000000, 0.0000000000000000000, 5.507058653894625900E-016 ) ) ;
#4197 = VECTOR ( 'NONE', #4196, 1000.000000000000000 ) ;
#4198 = CARTESIAN_POINT ( 'NONE',  ( -0.7402166325562327100, -1.299999999999999800, 6.499999999999993800 ) ) ;
#4199 = LINE ( 'NONE', #4198, #4197 ) ;
#4200 = DIRECTION ( 'NONE',  ( 1.000000000000000000, -0.0000000000000000000, 0.0000000000000000000 ) ) ;
#4201 = VECTOR ( 'NONE', #4200, 1000.000000000000000 ) ;
#4202 = CARTESIAN_POINT ( 'NONE',  ( -6.650000000000000400, -1.449999999999999700, 8.299999999999995400 ) ) ;
#4203 = LINE ( 'NONE', #4202, #4201 ) ;
#4204 = CARTESIAN_POINT ( 'NONE',  ( -6.650000000000000400, -1.449999999999999700, 6.199999999999994800 ) ) ;
#4205 = CARTESIAN_POINT ( 'NONE',  ( 5.900000000000000400, -1.299999999999999800, 7.199999999999995700 ) ) ;
#4206 = DIRECTION ( 'NONE',  ( 1.000000000000000000, -0.0000000000000000000, 0.0000000000000000000 ) ) ;
#4207 = VECTOR ( 'NONE', #4206, 1000.000000000000000 ) ;
#4208 = CARTESIAN_POINT ( 'NONE',  ( -5.800000000000002500, -1.449999999999999700, 15.59999999999999600 ) ) ;
#4209 = LINE ( 'NONE', #4208, #4207 ) ;
#4210 = DIRECTION ( 'NONE',  ( 0.0000000000000000000, 0.0000000000000000000, 1.000000000000000000 ) ) ;
#4211 = VECTOR ( 'NONE', #4210, 1000.000000000000000 ) ;
#4212 = CARTESIAN_POINT ( 'NONE',  ( 5.900000000000000400, -1.299999999999999800, 18.99999999999999600 ) ) ;
#4213 = LINE ( 'NONE', #4114, #4195 ) ;
#4214 = CARTESIAN_POINT ( 'NONE',  ( -4.200000000000000200, -1.449999999999999700, 15.49999999999999300 ) ) ;
#4215 = AXIS2_PLACEMENT_3D ( 'NONE', #4144, #4143, #4142 ) ;
#4216 = PLANE ( 'NONE',  #4215 ) ;
#4217 = FACE_OUTER_BOUND ( 'NONE', #7878, .T. ) ;
#4218 = DIRECTION ( 'NONE',  ( -1.000000000000000000, 0.0000000000000000000, 1.621236893436268400E-016 ) ) ;
#4219 = VECTOR ( 'NONE', #4218, 1000.000000000000000 ) ;
#4220 = CARTESIAN_POINT ( 'NONE',  ( 10.00000000000000000, -1.449999999999999700, 15.49999999999999300 ) ) ;
#4221 = LINE ( 'NONE', #4220, #4219 ) ;
#4222 = DIRECTION ( 'NONE',  ( 0.0000000000000000000, 0.0000000000000000000, -1.000000000000000000 ) ) ;
#4223 = VECTOR ( 'NONE', #4222, 1000.000000000000000 ) ;
#4224 = CARTESIAN_POINT ( 'NONE',  ( -6.150000000000001200, -1.449999999999999700, 8.299999999999995400 ) ) ;
#4225 = LINE ( 'NONE', #4224, #4223 ) ;
#4226 = CARTESIAN_POINT ( 'NONE',  ( -6.150000000000001200, -1.449999999999999700, 8.299999999999995400 ) ) ;
#4227 = CARTESIAN_POINT ( 'NONE',  ( -6.350000000000187100, -1.329999999999999600, 13.00000000000005200 ) ) ;
#4228 = CARTESIAN_POINT ( 'NONE',  ( 6.100000000000000500, -1.299999999999999800, 9.499999999999996400 ) ) ;
#4229 = CARTESIAN_POINT ( 'NONE',  ( -6.650000000000000400, -1.449999999999999700, 6.499999999999993800 ) ) ;
#4230 = DIRECTION ( 'NONE',  ( 1.000000000000000000, 0.0000000000000000000, 0.0000000000000000000 ) ) ;
#4231 = VECTOR ( 'NONE', #4230, 1000.000000000000000 ) ;
#4232 = CARTESIAN_POINT ( 'NONE',  ( -5.500000000000000000, -1.449999999999999700, 15.59999999999999600 ) ) ;
#4233 = LINE ( 'NONE', #4110, #4109 ) ;
#4234 = DIRECTION ( 'NONE',  ( 0.0000000000000000000, 0.0000000000000000000, -1.000000000000000000 ) ) ;
#4235 = VECTOR ( 'NONE', #4234, 1000.000000000000000 ) ;
#4236 = CARTESIAN_POINT ( 'NONE',  ( -5.500000000000000000, -1.449999999999999700, 29.00370380478671400 ) ) ;
#4237 = LINE ( 'NONE', #4236, #4235 ) ;
#4238 = DIRECTION ( 'NONE',  ( -1.000000000000000000, 0.0000000000000000000, -0.0000000000000000000 ) ) ;
#4239 = DIRECTION ( 'NONE',  ( 0.0000000000000000000, -1.000000000000000000, -0.0000000000000000000 ) ) ;
#4240 = AXIS2_PLACEMENT_3D ( 'NONE', #4241, #4239, #4238 ) ;
#4241 = CARTESIAN_POINT ( 'NONE',  ( 10.00000000000000000, -1.449999999999999700, 18.99999999999999600 ) ) ;
#4242 = PLANE ( 'NONE',  #4240 ) ;
#4243 = PLANE ( 'NONE',  #4123 ) ;
#4244 = FACE_OUTER_BOUND ( 'NONE', #7734, .T. ) ;
#4245 = CARTESIAN_POINT ( 'NONE',  ( 4.200000000000002000, -1.449999999999999700, 15.49999999999999300 ) ) ;
#4246 = DIRECTION ( 'NONE',  ( -0.7066945845505032700, 0.7075187376790748100, 0.0000000000000000000 ) ) ;
#4247 = DIRECTION ( 'NONE',  ( 1.000000000000000000, -0.0000000000000000000, 0.0000000000000000000 ) ) ;
#4248 = VECTOR ( 'NONE', #4247, 1000.000000000000000 ) ;
#4249 = CARTESIAN_POINT ( 'NONE',  ( 4.050000000000000700, -1.649999999999999700, 12.29999999999999400 ) ) ;
#4250 = LINE ( 'NONE', #4249, #4248 ) ;
#4251 = PLANE ( 'NONE',  #4273 ) ;
#4252 = CARTESIAN_POINT ( 'NONE',  ( 4.049999999999999800, -1.649999999999998600, 13.24999999999999600 ) ) ;
#4253 = LINE ( 'NONE', #4252, #4256 ) ;
#4254 = CARTESIAN_POINT ( 'NONE',  ( -5.800000000000002500, -1.449999999999999700, 15.59999999999999600 ) ) ;
#4255 = DIRECTION ( 'NONE',  ( 0.0000000000000000000, 0.0000000000000000000, -1.000000000000000000 ) ) ;
#4256 = VECTOR ( 'NONE', #4255, 1000.000000000000000 ) ;
#4257 = PLANE ( 'NONE',  #4264 ) ;
#4258 = CARTESIAN_POINT ( 'NONE',  ( 4.049999999999999800, 65.90119046564578300, 13.24999999999999600 ) ) ;
#4259 = LINE ( 'NONE', #4284, #4289 ) ;
#4260 = CARTESIAN_POINT ( 'NONE',  ( -5.350000000000000500, -1.449999999999999700, 15.49999999999999500 ) ) ;
#4261 = CARTESIAN_POINT ( 'NONE',  ( -6.650000000000000400, -1.449999999999999700, 8.299999999999995400 ) ) ;
#4262 = CARTESIAN_POINT ( 'NONE',  ( 4.050000000000000700, -1.700000000000000000, 12.29999999999999400 ) ) ;
#4263 = LINE ( 'NONE', #4262, #4272 ) ;
#4264 = AXIS2_PLACEMENT_3D ( 'NONE', #4258, #4275, #4274 ) ;
#4265 = DIRECTION ( 'NONE',  ( 0.0000000000000000000, 1.000000000000000000, 0.0000000000000000000 ) ) ;
#4266 = VECTOR ( 'NONE', #4265, 1000.000000000000000 ) ;
#4267 = CARTESIAN_POINT ( 'NONE',  ( 6.099999999999998800, 3.630174922653363300, 3.059999999999994300 ) ) ;
#4268 = LINE ( 'NONE', #4267, #4266 ) ;
#4269 = CARTESIAN_POINT ( 'NONE',  ( -6.750000000000000900, -1.449999999999999700, 7.999999999999994700 ) ) ;
#4270 = FACE_OUTER_BOUND ( 'NONE', #7960, .T. ) ;
#4271 = DIRECTION ( 'NONE',  ( -0.0000000000000000000, -1.000000000000000000, 0.0000000000000000000 ) ) ;
#4272 = VECTOR ( 'NONE', #4271, 1000.000000000000000 ) ;
#4273 = AXIS2_PLACEMENT_3D ( 'NONE', #4277, #4276, #4246 ) ;
#4274 = DIRECTION ( 'NONE',  ( 0.0000000000000000000, 0.0000000000000000000, 1.000000000000000000 ) ) ;
#4275 = DIRECTION ( 'NONE',  ( -1.000000000000000000, 0.0000000000000000000, 0.0000000000000000000 ) ) ;
#4276 = DIRECTION ( 'NONE',  ( 0.7071067811865438000, 0.7062831079254500200, 0.03411995690461112200 ) ) ;
#4277 = CARTESIAN_POINT ( 'NONE',  ( 5.999999999999999100, -0.04999999999999969700, 3.059999999999994300 ) ) ;
#4278 = AXIS2_PLACEMENT_3D ( 'NONE', #4279, #4288, #4287 ) ;
#4279 = CARTESIAN_POINT ( 'NONE',  ( 4.649999999999997700, 3.630174922653363300, 3.059999999999994300 ) ) ;
#4280 = PLANE ( 'NONE',  #4278 ) ;
#4281 = FACE_OUTER_BOUND ( 'NONE', #7937, .T. ) ;
#4282 = CARTESIAN_POINT ( 'NONE',  ( -6.650000000000000400, -1.449999999999999700, 7.999999999999996400 ) ) ;
#4283 = DIRECTION ( 'NONE',  ( 0.0000000000000000000, 0.0000000000000000000, 1.000000000000000000 ) ) ;
#4284 = CARTESIAN_POINT ( 'NONE',  ( -6.650000000000000400, -1.449999999999999700, 8.299999999999995400 ) ) ;
#4285 = FACE_OUTER_BOUND ( 'NONE', #7969, .T. ) ;
#4286 = CARTESIAN_POINT ( 'NONE',  ( 5.900000000000000400, -1.299999999999999800, 6.499999999999990200 ) ) ;
#4287 = DIRECTION ( 'NONE',  ( -1.000000000000000000, 0.0000000000000000000, 2.797941090285170100E-016 ) ) ;
#4288 = DIRECTION ( 'NONE',  ( -2.797941090285170100E-016, 0.0000000000000000000, -1.000000000000000000 ) ) ;
#4289 = VECTOR ( 'NONE', #4283, 1000.000000000000000 ) ;
#4290 = DIRECTION ( 'NONE',  ( -1.000000000000000000, 0.0000000000000000000, 1.355252715606880000E-015 ) ) ;
#4291 = DIRECTION ( 'NONE',  ( 1.445602896647339700E-015, -0.0000000000000000000, 1.000000000000000000 ) ) ;
#4292 = CARTESIAN_POINT ( 'NONE',  ( -4.449999999999991300, -1.299999999999990300, 0.7499999999999920100 ) ) ;
#4293 = AXIS2_PLACEMENT_3D ( 'NONE', #4292, #4291, #4290 ) ;
#4294 = CIRCLE ( 'NONE', #4293, 0.4000000000000001900 ) ;
#4295 = CARTESIAN_POINT ( 'NONE',  ( -5.650000000000172700, -1.149999999999924400, 11.20000000000005800 ) ) ;
#4296 = DIRECTION ( 'NONE',  ( -1.000000000000000000, 0.0000000000000000000, 0.0000000000000000000 ) ) ;
#4297 = DIRECTION ( 'NONE',  ( -1.445602896647339700E-015, 0.0000000000000000000, -1.000000000000000000 ) ) ;
#4298 = CARTESIAN_POINT ( 'NONE',  ( -4.449999999999942400, -1.299999999999990300, 34.42421525915891300 ) ) ;
#4299 = FACE_OUTER_BOUND ( 'NONE', #6725, .T. ) ;
#4300 = DIRECTION ( 'NONE',  ( -1.000000000000000000, -2.817712545836301500E-029, -8.718241554666199800E-015 ) ) ;
#4301 = VECTOR ( 'NONE', #4300, 1000.000000000000000 ) ;
#4302 = CARTESIAN_POINT ( 'NONE',  ( -4.760000000000000700, -1.379999999999999000, 0.1499999999999947500 ) ) ;
#4303 = PLANE ( 'NONE',  #4347 ) ;
#4304 = DIRECTION ( 'NONE',  ( 4.336808689942014800E-016, -1.445602896647336700E-016, 1.000000000000000000 ) ) ;
#4305 = VECTOR ( 'NONE', #4304, 1000.000000000000000 ) ;
#4306 = CARTESIAN_POINT ( 'NONE',  ( -4.689999999999999500, -1.619999999999998800, 0.1499999999999947500 ) ) ;
#4307 = LINE ( 'NONE', #4306, #4305 ) ;
#4308 = DIRECTION ( 'NONE',  ( -0.8000000000000020400, 0.5999999999999973100, 4.336808689942018200E-016 ) ) ;
#4309 = DIRECTION ( 'NONE',  ( -1.000000000000000000, 0.0000000000000000000, 0.0000000000000000000 ) ) ;
#4310 = DIRECTION ( 'NONE',  ( -1.445602896647339700E-015, 0.0000000000000000000, -1.000000000000000000 ) ) ;
#4311 = CARTESIAN_POINT ( 'NONE',  ( -4.449999999999942400, -1.299999999999990300, 34.42421525915891300 ) ) ;
#4312 = AXIS2_PLACEMENT_3D ( 'NONE', #4311, #4310, #4309 ) ;
#4313 = CYLINDRICAL_SURFACE ( 'NONE', #4312, 0.2500000000000002200 ) ;
#4314 = FACE_OUTER_BOUND ( 'NONE', #6739, .T. ) ;
#4315 = DIRECTION ( 'NONE',  ( -0.8000000000000004900, 0.5999999999999994200, 4.336808689942014800E-016 ) ) ;
#4316 = VECTOR ( 'NONE', #4315, 1000.000000000000000 ) ;
#4317 = CARTESIAN_POINT ( 'NONE',  ( -4.850000000000000500, -1.499999999999998400, 0.7499999999999945600 ) ) ;
#4318 = LINE ( 'NONE', #4317, #4316 ) ;
#4319 = CARTESIAN_POINT ( 'NONE',  ( -4.689999999999992400, -1.619999999999988800, 0.7499999999999920100 ) ) ;
#4320 = CYLINDRICAL_SURFACE ( 'NONE', #4321, 0.4000000000000001900 ) ;
#4321 = AXIS2_PLACEMENT_3D ( 'NONE', #4298, #4297, #4296 ) ;
#4322 = FACE_OUTER_BOUND ( 'NONE', #6732, .T. ) ;
#4323 = DIRECTION ( 'NONE',  ( 8.718241554666199800E-015, -1.972094703645293500E-015, -1.000000000000000000 ) ) ;
#4324 = DIRECTION ( 'NONE',  ( 1.000000000000000000, 2.817712545836301500E-029, 8.718241554666199800E-015 ) ) ;
#4325 = AXIS2_PLACEMENT_3D ( 'NONE', #4327, #4324, #4323 ) ;
#4326 = CARTESIAN_POINT ( 'NONE',  ( 2.899999999999991900, -1.699999999999992200, 0.1499999999999938900 ) ) ;
#4327 = CARTESIAN_POINT ( 'NONE',  ( -6.850000000000170200, 2.874922359499701800, 11.20000000000004000 ) ) ;
#4328 = PLANE ( 'NONE',  #4325 ) ;
#4329 = FACE_OUTER_BOUND ( 'NONE', #6675, .T. ) ;
#4330 = DIRECTION ( 'NONE',  ( -8.718241554666199800E-015, 1.972094703645293500E-015, 1.000000000000000000 ) ) ;
#4331 = VECTOR ( 'NONE', #4330, 1000.000000000000000 ) ;
#4332 = CARTESIAN_POINT ( 'NONE',  ( -6.850000000000170200, -1.349999999999924100, 11.20000000000004900 ) ) ;
#4333 = LINE ( 'NONE', #4332, #4331 ) ;
#4334 = CARTESIAN_POINT ( 'NONE',  ( -6.850000000000074300, -1.200000000000109400, 12.50000000000006400 ) ) ;
#4335 = DIRECTION ( 'NONE',  ( -1.445602896647374400E-016, -4.336808689942026600E-016, 1.000000000000000000 ) ) ;
#4336 = VECTOR ( 'NONE', #4335, 1000.000000000000000 ) ;
#4337 = CARTESIAN_POINT ( 'NONE',  ( 2.899999999999991500, -1.549999999999991600, 0.1499999999999938900 ) ) ;
#4338 = LINE ( 'NONE', #4337, #4336 ) ;
#4339 = DIRECTION ( 'NONE',  ( -1.000000000000000000, 0.0000000000000000000, -0.0000000000000000000 ) ) ;
#4340 = DIRECTION ( 'NONE',  ( 0.0000000000000000000, -1.000000000000000000, -0.0000000000000000000 ) ) ;
#4341 = CARTESIAN_POINT ( 'NONE',  ( 10.00000000000000000, -1.299999999999999800, 18.99999999999999600 ) ) ;
#4342 = AXIS2_PLACEMENT_3D ( 'NONE', #4341, #4340, #4339 ) ;
#4343 = PLANE ( 'NONE',  #4342 ) ;
#4344 = FACE_OUTER_BOUND ( 'NONE', #8018, .T. ) ;
#4345 = CARTESIAN_POINT ( 'NONE',  ( 2.899999999999991500, -1.549999999999992100, 0.1499999999999938900 ) ) ;
#4346 = DIRECTION ( 'NONE',  ( -0.5999999999999973100, -0.8000000000000020400, 1.445602896647325600E-016 ) ) ;
#4347 = AXIS2_PLACEMENT_3D ( 'NONE', #4302, #4346, #4308 ) ;
#4348 = LINE ( 'NONE', #4295, #4301 ) ;
#4349 = EDGE_CURVE ( 'NONE', #4356, #9213, #8004, .T. ) ;
#4350 = ADVANCED_FACE ( 'NONE', ( #8016 ), #7985, .T. ) ;
#4351 = EDGE_CURVE ( 'NONE', #4356, #4392, #8017, .T. ) ;
#4352 = ORIENTED_EDGE ( 'NONE', *, *, #4364, .T. ) ;
#4353 = ORIENTED_EDGE ( 'NONE', *, *, #4351, .F. ) ;
#4354 = ORIENTED_EDGE ( 'NONE', *, *, #4384, .T. ) ;
#4355 = ADVANCED_FACE ( 'NONE', ( #8046 ), #7988, .F. ) ;
#4356 = VERTEX_POINT ( 'NONE', #7989 ) ;
#4357 = ORIENTED_EDGE ( 'NONE', *, *, #4349, .T. ) ;
#4358 = ORIENTED_EDGE ( 'NONE', *, *, #7633, .T. ) ;
#4359 = ORIENTED_EDGE ( 'NONE', *, *, #4380, .F. ) ;
#4360 = ORIENTED_EDGE ( 'NONE', *, *, #7726, .T. ) ;
#4361 = ORIENTED_EDGE ( 'NONE', *, *, #9212, .T. ) ;
#4362 = ORIENTED_EDGE ( 'NONE', *, *, #7466, .F. ) ;
#4363 = ADVANCED_FACE ( 'NONE', ( #8035 ), #8031, .T. ) ;
#4364 = EDGE_CURVE ( 'NONE', #4356, #7638, #8000, .T. ) ;
#4365 = ORIENTED_EDGE ( 'NONE', *, *, #4366, .F. ) ;
#4366 = EDGE_CURVE ( 'NONE', #7933, #9213, #7978, .T. ) ;
#4367 = ADVANCED_FACE ( 'NONE', ( #7992 ), #7990, .T. ) ;
#4368 = EDGE_LOOP ( 'NONE', ( #4362, #4404, #4405, #4390 ) ) ;
#4369 = ADVANCED_FACE ( 'NONE', ( #8008 ), #7986, .F. ) ;
#4370 = EDGE_LOOP ( 'NONE', ( #9211, #4378, #4365, #4383, #4379, #4381 ) ) ;
#4371 = ORIENTED_EDGE ( 'NONE', *, *, #7462, .T. ) ;
#4372 = ORIENTED_EDGE ( 'NONE', *, *, #4364, .F. ) ;
#4373 = ORIENTED_EDGE ( 'NONE', *, *, #7536, .F. ) ;
#4374 = ORIENTED_EDGE ( 'NONE', *, *, #4396, .T. ) ;
#4375 = ORIENTED_EDGE ( 'NONE', *, *, #7547, .F. ) ;
#4376 = ORIENTED_EDGE ( 'NONE', *, *, #9181, .F. ) ;
#4377 = ORIENTED_EDGE ( 'NONE', *, *, #7599, .F. ) ;
#4378 = ORIENTED_EDGE ( 'NONE', *, *, #9212, .F. ) ;
#4379 = ORIENTED_EDGE ( 'NONE', *, *, #8141, .F. ) ;
#4380 = EDGE_CURVE ( 'NONE', #7545, #7634, #8038, .T. ) ;
#4381 = ORIENTED_EDGE ( 'NONE', *, *, #9190, .F. ) ;
#4382 = EDGE_LOOP ( 'NONE', ( #4361, #4371, #4372, #4357 ) ) ;
#4383 = ORIENTED_EDGE ( 'NONE', *, *, #8145, .F. ) ;
#4384 = EDGE_CURVE ( 'NONE', #7537, #7682, #8013, .T. ) ;
#4385 = ORIENTED_EDGE ( 'NONE', *, *, #7539, .F. ) ;
#4386 = EDGE_LOOP ( 'NONE', ( #4377, #4375, #4387, #4358 ) ) ;
#4387 = ORIENTED_EDGE ( 'NONE', *, *, #4380, .T. ) ;
#4388 = ORIENTED_EDGE ( 'NONE', *, *, #7544, .F. ) ;
#4389 = EDGE_LOOP ( 'NONE', ( #4354, #4360, #4376, #4385 ) ) ;
#4390 = ORIENTED_EDGE ( 'NONE', *, *, #4396, .F. ) ;
#4391 = ADVANCED_FACE ( 'NONE', ( #8023 ), #8022, .T. ) ;
#4392 = VERTEX_POINT ( 'NONE', #8020 ) ;
#4393 = EDGE_LOOP ( 'NONE', ( #4373, #4374, #4353, #4352 ) ) ;
#4394 = ORIENTED_EDGE ( 'NONE', *, *, #4427, .T. ) ;
#4395 = ADVANCED_FACE ( 'NONE', ( #8062 ), #8061, .F. ) ;
#4396 = EDGE_CURVE ( 'NONE', #7467, #4392, #8056, .T. ) ;
#4397 = EDGE_CURVE ( 'NONE', #9049, #4443, #8052, .T. ) ;
#4398 = ORIENTED_EDGE ( 'NONE', *, *, #4399, .F. ) ;
#4399 = EDGE_CURVE ( 'NONE', #8993, #9006, #8028, .T. ) ;
#4400 = ADVANCED_FACE ( 'NONE', ( #8027 ), #6957, .T. ) ;
#4401 = ORIENTED_EDGE ( 'NONE', *, *, #8995, .F. ) ;
#4402 = ADVANCED_FACE ( 'NONE', ( #6959 ), #6970, .F. ) ;
#4403 = EDGE_LOOP ( 'NONE', ( #4431, #4432, #4430, #4412 ) ) ;
#4404 = ORIENTED_EDGE ( 'NONE', *, *, #7769, .F. ) ;
#4405 = ORIENTED_EDGE ( 'NONE', *, *, #4409, .T. ) ;
#4406 = ORIENTED_EDGE ( 'NONE', *, *, #4407, .T. ) ;
#4407 = EDGE_CURVE ( 'NONE', #4469, #7606, #6976, .T. ) ;
#4408 = ORIENTED_EDGE ( 'NONE', *, *, #7593, .T. ) ;
#4409 = EDGE_CURVE ( 'NONE', #7817, #4392, #6968, .T. ) ;
#4410 = EDGE_CURVE ( 'NONE', #7623, #7473, #6963, .T. ) ;
#4411 = VERTEX_POINT ( 'NONE', #6996 ) ;
#4412 = ORIENTED_EDGE ( 'NONE', *, *, #7519, .T. ) ;
#4413 = ORIENTED_EDGE ( 'NONE', *, *, #9159, .F. ) ;
#4414 = EDGE_CURVE ( 'NONE', #4415, #4465, #7003, .T. ) ;
#4415 = VERTEX_POINT ( 'NONE', #6998 ) ;
#4416 = EDGE_CURVE ( 'NONE', #7497, #4411, #7004, .T. ) ;
#4417 = ORIENTED_EDGE ( 'NONE', *, *, #4414, .F. ) ;
#4418 = EDGE_CURVE ( 'NONE', #4465, #4458, #7056, .T. ) ;
#4419 = ORIENTED_EDGE ( 'NONE', *, *, #4397, .F. ) ;
#4420 = EDGE_CURVE ( 'NONE', #4411, #9209, #7057, .T. ) ;
#4421 = ORIENTED_EDGE ( 'NONE', *, *, #4420, .F. ) ;
#4422 = VERTEX_POINT ( 'NONE', #7062 ) ;
#4423 = ORIENTED_EDGE ( 'NONE', *, *, #7605, .T. ) ;
#4424 = ORIENTED_EDGE ( 'NONE', *, *, #4416, .F. ) ;
#4425 = EDGE_LOOP ( 'NONE', ( #4426, #4423, #4466, #4461 ) ) ;
#4426 = ORIENTED_EDGE ( 'NONE', *, *, #4427, .F. ) ;
#4427 = EDGE_CURVE ( 'NONE', #7474, #4422, #7063, .T. ) ;
#4428 = EDGE_CURVE ( 'NONE', #9116, #4458, #7104, .T. ) ;
#4429 = ORIENTED_EDGE ( 'NONE', *, *, #4451, .T. ) ;
#4430 = ORIENTED_EDGE ( 'NONE', *, *, #9044, .F. ) ;
#4431 = ORIENTED_EDGE ( 'NONE', *, *, #4410, .F. ) ;
#4432 = ORIENTED_EDGE ( 'NONE', *, *, #7622, .F. ) ;
#4433 = EDGE_LOOP ( 'NONE', ( #4417, #4457, #4419, #4401, #4398, #4460, #4447 ) ) ;
#4434 = EDGE_CURVE ( 'NONE', #4422, #4436, #7118, .T. ) ;
#4435 = ORIENTED_EDGE ( 'NONE', *, *, #4467, .T. ) ;
#4436 = VERTEX_POINT ( 'NONE', #7210 ) ;
#4437 = VERTEX_POINT ( 'NONE', #7103 ) ;
#4438 = EDGE_CURVE ( 'NONE', #4443, #4415, #7157, .T. ) ;
#4439 = ORIENTED_EDGE ( 'NONE', *, *, #4440, .F. ) ;
#4440 = EDGE_CURVE ( 'NONE', #8140, #4470, #7158, .T. ) ;
#4441 = ADVANCED_FACE ( 'NONE', ( #7095 ), #7137, .F. ) ;
#4442 = EDGE_LOOP ( 'NONE', ( #4448, #4435, #4455, #4406, #4408, #4394 ) ) ;
#4443 = VERTEX_POINT ( 'NONE', #7094 ) ;
#4444 = ORIENTED_EDGE ( 'NONE', *, *, #4418, .F. ) ;
#4445 = ORIENTED_EDGE ( 'NONE', *, *, #7668, .F. ) ;
#4446 = ORIENTED_EDGE ( 'NONE', *, *, #9035, .T. ) ;
#4447 = ORIENTED_EDGE ( 'NONE', *, *, #4451, .F. ) ;
#4448 = ORIENTED_EDGE ( 'NONE', *, *, #4434, .T. ) ;
#4449 = EDGE_CURVE ( 'NONE', #4422, #4411, #7152, .T. ) ;
#4450 = EDGE_LOOP ( 'NONE', ( #4445, #4413, #4421, #4424 ) ) ;
#4451 = EDGE_CURVE ( 'NONE', #4465, #9024, #7148, .T. ) ;
#4452 = EDGE_LOOP ( 'NONE', ( #4462, #4463, #4472, #4475, #4498, #4503, #4506, #4509 ) ) ;
#4453 = EDGE_CURVE ( 'NONE', #4576, #4456, #7156, .T. ) ;
#4454 = ADVANCED_FACE ( 'NONE', ( #7193 ), #7352, .T. ) ;
#4455 = ORIENTED_EDGE ( 'NONE', *, *, #4468, .T. ) ;
#4456 = VERTEX_POINT ( 'NONE', #7253 ) ;
#4457 = ORIENTED_EDGE ( 'NONE', *, *, #4438, .F. ) ;
#4458 = VERTEX_POINT ( 'NONE', #7405 ) ;
#4459 = ORIENTED_EDGE ( 'NONE', *, *, #4428, .T. ) ;
#4460 = ORIENTED_EDGE ( 'NONE', *, *, #9058, .F. ) ;
#4461 = ORIENTED_EDGE ( 'NONE', *, *, #4449, .F. ) ;
#4462 = ORIENTED_EDGE ( 'NONE', *, *, #8120, .F. ) ;
#4463 = ORIENTED_EDGE ( 'NONE', *, *, #7883, .T. ) ;
#4464 = ADVANCED_FACE ( 'NONE', ( #7336 ), #7393, .F. ) ;
#4465 = VERTEX_POINT ( 'NONE', #7318 ) ;
#4466 = ORIENTED_EDGE ( 'NONE', *, *, #4416, .T. ) ;
#4467 = EDGE_CURVE ( 'NONE', #4436, #4437, #7322, .T. ) ;
#4468 = EDGE_CURVE ( 'NONE', #4437, #4469, #7408, .T. ) ;
#4469 = VERTEX_POINT ( 'NONE', #7391 ) ;
#4470 = VERTEX_POINT ( 'NONE', #7333 ) ;
#4471 = ORIENTED_EDGE ( 'NONE', *, *, #8104, .T. ) ;
#4472 = ORIENTED_EDGE ( 'NONE', *, *, #7921, .F. ) ;
#4473 = ORIENTED_EDGE ( 'NONE', *, *, #8101, .T. ) ;
#4474 = VERTEX_POINT ( 'NONE', #7331 ) ;
#4475 = ORIENTED_EDGE ( 'NONE', *, *, #4440, .T. ) ;
#4476 = VERTEX_POINT ( 'NONE', #7251 ) ;
#4477 = VERTEX_POINT ( 'NONE', #7250 ) ;
#4478 = ORIENTED_EDGE ( 'NONE', *, *, #4524, .F. ) ;
#4479 = ORIENTED_EDGE ( 'NONE', *, *, #4480, .T. ) ;
#4480 = EDGE_CURVE ( 'NONE', #4514, #4544, #7247, .T. ) ;
#4481 = ORIENTED_EDGE ( 'NONE', *, *, #4539, .F. ) ;
#4482 = EDGE_LOOP ( 'NONE', ( #4481, #4471, #4551, #4573 ) ) ;
#4483 = ORIENTED_EDGE ( 'NONE', *, *, #4484, .F. ) ;
#4484 = EDGE_CURVE ( 'NONE', #4477, #4474, #7248, .T. ) ;
#4485 = EDGE_CURVE ( 'NONE', #4470, #4477, #7414, .T. ) ;
#4486 = ADVANCED_FACE ( 'NONE', ( #7454 ), #7825, .T. ) ;
#4487 = EDGE_CURVE ( 'NONE', #4505, #4476, #7851, .T. ) ;
#4488 = EDGE_CURVE ( 'NONE', #4577, #4504, #7874, .T. ) ;
#4489 = ORIENTED_EDGE ( 'NONE', *, *, #4453, .T. ) ;
#4490 = ORIENTED_EDGE ( 'NONE', *, *, #4491, .F. ) ;
#4491 = EDGE_CURVE ( 'NONE', #4514, #4508, #7799, .T. ) ;
#4492 = EDGE_CURVE ( 'NONE', #4474, #7686, #7867, .T. ) ;
#4493 = ORIENTED_EDGE ( 'NONE', *, *, #4524, .T. ) ;
#4494 = ORIENTED_EDGE ( 'NONE', *, *, #4485, .F. ) ;
#4495 = EDGE_LOOP ( 'NONE', ( #4496, #4501, #4502, #4607, #4609, #4610, #4536, #4569, #4513, #4490, #4479, #4545 ) ) ;
#4496 = ORIENTED_EDGE ( 'NONE', *, *, #4497, .F. ) ;
#4497 = EDGE_CURVE ( 'NONE', #4505, #4500, #7839, .T. ) ;
#4498 = ORIENTED_EDGE ( 'NONE', *, *, #4499, .F. ) ;
#4499 = EDGE_CURVE ( 'NONE', #4476, #4470, #7837, .T. ) ;
#4500 = VERTEX_POINT ( 'NONE', #7814 ) ;
#4501 = ORIENTED_EDGE ( 'NONE', *, *, #4487, .T. ) ;
#4502 = ORIENTED_EDGE ( 'NONE', *, *, #4512, .T. ) ;
#4503 = ORIENTED_EDGE ( 'NONE', *, *, #4487, .F. ) ;
#4504 = VERTEX_POINT ( 'NONE', #7813 ) ;
#4505 = VERTEX_POINT ( 'NONE', #7811 ) ;
#4506 = ORIENTED_EDGE ( 'NONE', *, *, #4507, .F. ) ;
#4507 = EDGE_CURVE ( 'NONE', #4508, #4505, #7844, .T. ) ;
#4508 = VERTEX_POINT ( 'NONE', #7810 ) ;
#4509 = ORIENTED_EDGE ( 'NONE', *, *, #4510, .F. ) ;
#4510 = EDGE_CURVE ( 'NONE', #8252, #4508, #7808, .T. ) ;
#4511 = ADVANCED_FACE ( 'NONE', ( #7909 ), #7914, .F. ) ;
#4512 = EDGE_CURVE ( 'NONE', #4476, #4606, #7917, .T. ) ;
#4513 = ORIENTED_EDGE ( 'NONE', *, *, #4510, .T. ) ;
#4514 = VERTEX_POINT ( 'NONE', #7941 ) ;
#4515 = ORIENTED_EDGE ( 'NONE', *, *, #4570, .T. ) ;
#4516 = ORIENTED_EDGE ( 'NONE', *, *, #4492, .F. ) ;
#4517 = ORIENTED_EDGE ( 'NONE', *, *, #4518, .F. ) ;
#4518 = EDGE_CURVE ( 'NONE', #4519, #4520, #7943, .T. ) ;
#4519 = VERTEX_POINT ( 'NONE', #7944 ) ;
#4520 = VERTEX_POINT ( 'NONE', #7949 ) ;
#4521 = ORIENTED_EDGE ( 'NONE', *, *, #4552, .F. ) ;
#4522 = ADVANCED_FACE ( 'NONE', ( #7948 ), #7947, .F. ) ;
#4523 = ORIENTED_EDGE ( 'NONE', *, *, #4584, .F. ) ;
#4524 = EDGE_CURVE ( 'NONE', #8139, #4477, #7963, .T. ) ;
#4525 = ADVANCED_FACE ( 'NONE', ( #7958 ), #7957, .T. ) ;
#4526 = EDGE_CURVE ( 'NONE', #4504, #4530, #8071, .T. ) ;
#4527 = ORIENTED_EDGE ( 'NONE', *, *, #8206, .F. ) ;
#4528 = ORIENTED_EDGE ( 'NONE', *, *, #8296, .F. ) ;
#4529 = EDGE_LOOP ( 'NONE', ( #4579, #4587, #4597, #4598 ) ) ;
#4530 = VERTEX_POINT ( 'NONE', #8081 ) ;
#4531 = ORIENTED_EDGE ( 'NONE', *, *, #4586, .F. ) ;
#4532 = EDGE_CURVE ( 'NONE', #4589, #4568, #8079, .T. ) ;
#4533 = ORIENTED_EDGE ( 'NONE', *, *, #8293, .F. ) ;
#4534 = ORIENTED_EDGE ( 'NONE', *, *, #4535, .F. ) ;
#4535 = EDGE_CURVE ( 'NONE', #4574, #8431, #8073, .T. ) ;
#4536 = ORIENTED_EDGE ( 'NONE', *, *, #8297, .T. ) ;
#4537 = EDGE_LOOP ( 'NONE', ( #4534, #4575, #4489, #4541, #4538 ) ) ;
#4538 = ORIENTED_EDGE ( 'NONE', *, *, #8683, .T. ) ;
#4539 = EDGE_CURVE ( 'NONE', #8254, #4504, #8085, .T. ) ;
#4540 = EDGE_CURVE ( 'NONE', #4574, #4576, #8069, .T. ) ;
#4541 = ORIENTED_EDGE ( 'NONE', *, *, #4548, .T. ) ;
#4542 = EDGE_CURVE ( 'NONE', #8290, #8234, #9303, .T. ) ;
#4543 = ORIENTED_EDGE ( 'NONE', *, *, #4349, .F. ) ;
#4544 = VERTEX_POINT ( 'NONE', #9239 ) ;
#4545 = ORIENTED_EDGE ( 'NONE', *, *, #4546, .T. ) ;
#4546 = EDGE_CURVE ( 'NONE', #4544, #4500, #9299, .T. ) ;
#4547 = EDGE_LOOP ( 'NONE', ( #4604, #4605, #4543, #4515, #4516, #4483, #4478 ) ) ;
#4548 = EDGE_CURVE ( 'NONE', #4456, #8696, #9277, .T. ) ;
#4549 = EDGE_LOOP ( 'NONE', ( #4473, #4493, #4494, #4439 ) ) ;
#4550 = ADVANCED_FACE ( 'NONE', ( #9318 ), #9309, .T. ) ;
#4551 = ORIENTED_EDGE ( 'NONE', *, *, #4552, .T. ) ;
#4552 = EDGE_CURVE ( 'NONE', #8105, #4577, #9315, .T. ) ;
#4553 = ADVANCED_FACE ( 'NONE', ( #9311 ), #9310, .T. ) ;
#4554 = VERTEX_POINT ( 'NONE', #9273 ) ;
#4555 = VERTEX_POINT ( 'NONE', #9271 ) ;
#4556 = EDGE_CURVE ( 'NONE', #4520, #4563, #9248, .T. ) ;
#4557 = ORIENTED_EDGE ( 'NONE', *, *, #4526, .T. ) ;
#4558 = EDGE_LOOP ( 'NONE', ( #4557, #4793, #4794, #4796, #4748, #4899, #4900 ) ) ;
#4559 = ORIENTED_EDGE ( 'NONE', *, *, #4556, .F. ) ;
#4560 = VERTEX_POINT ( 'NONE', #9252 ) ;
#4561 = ADVANCED_FACE ( 'NONE', ( #9251 ), #9274, .T. ) ;
#4562 = EDGE_CURVE ( 'NONE', #4563, #4564, #9283, .T. ) ;
#4563 = VERTEX_POINT ( 'NONE', #9286 ) ;
#4564 = VERTEX_POINT ( 'NONE', #9301 ) ;
#4565 = EDGE_CURVE ( 'NONE', #4519, #4564, #9300, .T. ) ;
#4566 = ORIENTED_EDGE ( 'NONE', *, *, #4565, .T. ) ;
#4567 = ADVANCED_FACE ( 'NONE', ( #9257 ), #9256, .T. ) ;
#4568 = VERTEX_POINT ( 'NONE', #9269 ) ;
#4569 = ORIENTED_EDGE ( 'NONE', *, *, #8302, .T. ) ;
#4570 = EDGE_CURVE ( 'NONE', #4356, #7686, #9295, .T. ) ;
#4571 = ADVANCED_FACE ( 'NONE', ( #9243 ), #9242, .T. ) ;
#4572 = EDGE_LOOP ( 'NONE', ( #4531, #4588, #4533, #4528, #4527, #4599 ) ) ;
#4573 = ORIENTED_EDGE ( 'NONE', *, *, #4488, .T. ) ;
#4574 = VERTEX_POINT ( 'NONE', #9265 ) ;
#4575 = ORIENTED_EDGE ( 'NONE', *, *, #4540, .T. ) ;
#4576 = VERTEX_POINT ( 'NONE', #9264 ) ;
#4577 = VERTEX_POINT ( 'NONE', #9293 ) ;
#4578 = ORIENTED_EDGE ( 'NONE', *, *, #4601, .T. ) ;
#4579 = ORIENTED_EDGE ( 'NONE', *, *, #4580, .F. ) ;
#4580 = EDGE_CURVE ( 'NONE', #4530, #4589, #9292, .T. ) ;
#4581 = VERTEX_POINT ( 'NONE', #9281 ) ;
#4582 = ORIENTED_EDGE ( 'NONE', *, *, #8131, .T. ) ;
#4583 = EDGE_CURVE ( 'NONE', #8294, #4581, #9280, .T. ) ;
#4584 = EDGE_CURVE ( 'NONE', #4568, #4581, #9130, .T. ) ;
#4585 = ORIENTED_EDGE ( 'NONE', *, *, #8091, .F. ) ;
#4586 = EDGE_CURVE ( 'NONE', #4581, #4606, #9166, .T. ) ;
#4587 = ORIENTED_EDGE ( 'NONE', *, *, #4526, .F. ) ;
#4588 = ORIENTED_EDGE ( 'NONE', *, *, #4583, .F. ) ;
#4589 = VERTEX_POINT ( 'NONE', #9187 ) ;
#4590 = ORIENTED_EDGE ( 'NONE', *, *, #4591, .F. ) ;
#4591 = EDGE_CURVE ( 'NONE', #4577, #4589, #9150, .T. ) ;
#4592 = ORIENTED_EDGE ( 'NONE', *, *, #4601, .F. ) ;
#4593 = ORIENTED_EDGE ( 'NONE', *, *, #4532, .F. ) ;
#4594 = EDGE_LOOP ( 'NONE', ( #4517, #4566, #9127, #4559 ) ) ;
#4595 = ORIENTED_EDGE ( 'NONE', *, *, #8332, .F. ) ;
#4596 = ADVANCED_FACE ( 'NONE', ( #9135, #9134 ), #9133, .T. ) ;
#4597 = ORIENTED_EDGE ( 'NONE', *, *, #4488, .F. ) ;
#4598 = ORIENTED_EDGE ( 'NONE', *, *, #4591, .T. ) ;
#4599 = ORIENTED_EDGE ( 'NONE', *, *, #4608, .F. ) ;
#4600 = EDGE_LOOP ( 'NONE', ( #4585, #4592, #4593, #4590, #4521, #4595 ) ) ;
#4601 = EDGE_CURVE ( 'NONE', #4568, #8128, #9176, .T. ) ;
#4602 = EDGE_LOOP ( 'NONE', ( #4582, #4603, #4523, #4578 ) ) ;
#4603 = ORIENTED_EDGE ( 'NONE', *, *, #4583, .T. ) ;
#4604 = ORIENTED_EDGE ( 'NONE', *, *, #8103, .F. ) ;
#4605 = ORIENTED_EDGE ( 'NONE', *, *, #4366, .T. ) ;
#4606 = VERTEX_POINT ( 'NONE', #9324 ) ;
#4607 = ORIENTED_EDGE ( 'NONE', *, *, #4608, .T. ) ;
#4608 = EDGE_CURVE ( 'NONE', #4606, #8255, #9334, .T. ) ;
#4609 = ORIENTED_EDGE ( 'NONE', *, *, #8225, .T. ) ;
#4610 = ORIENTED_EDGE ( 'NONE', *, *, #4542, .T. ) ;
#4611 = ADVANCED_FACE ( 'NONE', ( #9330 ), #9335, .T. ) ;
#4612 = EDGE_LOOP ( 'NONE', ( #4670, #4671, #9229, #4741 ) ) ;
#4613 = VERTEX_POINT ( 'NONE', #9339 ) ;
#4614 = ORIENTED_EDGE ( 'NONE', *, *, #4861, .F. ) ;
#4615 = ORIENTED_EDGE ( 'NONE', *, *, #4857, .T. ) ;
#4616 = EDGE_CURVE ( 'NONE', #4674, #4859, #9343, .T. ) ;
#4617 = ORIENTED_EDGE ( 'NONE', *, *, #4860, .F. ) ;
#4618 = ORIENTED_EDGE ( 'NONE', *, *, #4616, .F. ) ;
#4619 = ORIENTED_EDGE ( 'NONE', *, *, #8731, .F. ) ;
#4620 = EDGE_LOOP ( 'NONE', ( #4657, #4742, #4744, #4745 ) ) ;
#4621 = EDGE_CURVE ( 'NONE', #4622, #4623, #9344, .T. ) ;
#4622 = VERTEX_POINT ( 'NONE', #9325 ) ;
#4623 = VERTEX_POINT ( 'NONE', #9323 ) ;
#4624 = EDGE_CURVE ( 'NONE', #4623, #4630, #9321, .T. ) ;
#4625 = ADVANCED_FACE ( 'NONE', ( #9359, #9411 ), #9384, .T. ) ;
#4626 = EDGE_LOOP ( 'NONE', ( #4627, #4877, #4737, #4887 ) ) ;
#4627 = ORIENTED_EDGE ( 'NONE', *, *, #4896, .T. ) ;
#4628 = ADVANCED_FACE ( 'NONE', ( #9356 ), #9391, .T. ) ;
#4629 = ORIENTED_EDGE ( 'NONE', *, *, #8747, .F. ) ;
#4630 = VERTEX_POINT ( 'NONE', #9393 ) ;
#4631 = ADVANCED_FACE ( 'NONE', ( #9392 ), #9369, .T. ) ;
#4632 = ADVANCED_FACE ( 'NONE', ( #9381 ), #9386, .T. ) ;
#4633 = ORIENTED_EDGE ( 'NONE', *, *, #4634, .T. ) ;
#4634 = EDGE_CURVE ( 'NONE', #4797, #4635, #9376, .T. ) ;
#4635 = VERTEX_POINT ( 'NONE', #9372 ) ;
#4636 = EDGE_CURVE ( 'NONE', #4655, #4637, #9419, .T. ) ;
#4637 = VERTEX_POINT ( 'NONE', #9366 ) ;
#4638 = ORIENTED_EDGE ( 'NONE', *, *, #4636, .F. ) ;
#4639 = ORIENTED_EDGE ( 'NONE', *, *, #4640, .T. ) ;
#4640 = EDGE_CURVE ( 'NONE', #4789, #4641, #9399, .T. ) ;
#4641 = VERTEX_POINT ( 'NONE', #9395 ) ;
#4642 = ADVANCED_FACE ( 'NONE', ( #9394 ), #9416, .T. ) ;
#4643 = EDGE_LOOP ( 'NONE', ( #4865, #4692, #4701, #4645 ) ) ;
#4644 = ADVANCED_FACE ( 'NONE', ( #9415 ), #9409, .T. ) ;
#4645 = ORIENTED_EDGE ( 'NONE', *, *, #4690, .F. ) ;
#4646 = ORIENTED_EDGE ( 'NONE', *, *, #4688, .T. ) ;
#4647 = ADVANCED_FACE ( 'NONE', ( #9407 ), #9403, .T. ) ;
#4648 = ORIENTED_EDGE ( 'NONE', *, *, #4697, .F. ) ;
#4649 = VERTEX_POINT ( 'NONE', #9401 ) ;
#4650 = EDGE_CURVE ( 'NONE', #7888, #4880, #9363, .T. ) ;
#4651 = EDGE_LOOP ( 'NONE', ( #4648, #4691, #4698, #4699, #5468, #5444, #5447 ) ) ;
#4652 = EDGE_CURVE ( 'NONE', #4560, #4696, #9431, .T. ) ;
#4653 = ORIENTED_EDGE ( 'NONE', *, *, #4654, .F. ) ;
#4654 = EDGE_CURVE ( 'NONE', #4708, #4655, #9427, .T. ) ;
#4655 = VERTEX_POINT ( 'NONE', #9423 ) ;
#4656 = ADVANCED_FACE ( 'NONE', ( #9422 ), #9421, .T. ) ;
#4657 = ORIENTED_EDGE ( 'NONE', *, *, #4621, .F. ) ;
#4658 = ORIENTED_EDGE ( 'NONE', *, *, #4662, .F. ) ;
#4659 = ORIENTED_EDGE ( 'NONE', *, *, #4664, .F. ) ;
#4660 = VERTEX_POINT ( 'NONE', #9353 ) ;
#4661 = VERTEX_POINT ( 'NONE', #9349 ) ;
#4662 = EDGE_CURVE ( 'NONE', #4661, #4630, #9348, .T. ) ;
#4663 = ORIENTED_EDGE ( 'NONE', *, *, #4666, .T. ) ;
#4664 = EDGE_CURVE ( 'NONE', #8677, #4661, #9178, .T. ) ;
#4665 = EDGE_CURVE ( 'NONE', #8339, #4660, #9551, .T. ) ;
#4666 = EDGE_CURVE ( 'NONE', #4660, #4630, #9550, .T. ) ;
#4667 = EDGE_CURVE ( 'NONE', #4613, #4674, #9499, .T. ) ;
#4668 = ORIENTED_EDGE ( 'NONE', *, *, #8184, .F. ) ;
#4669 = EDGE_LOOP ( 'NONE', ( #4618, #4614, #4668, #4856 ) ) ;
#4670 = ORIENTED_EDGE ( 'NONE', *, *, #8779, .T. ) ;
#4671 = ORIENTED_EDGE ( 'NONE', *, *, #4857, .F. ) ;
#4672 = ORIENTED_EDGE ( 'NONE', *, *, #4673, .T. ) ;
#4673 = EDGE_CURVE ( 'NONE', #4859, #8267, #9432, .T. ) ;
#4674 = VERTEX_POINT ( 'NONE', #9466 ) ;
#4675 = ORIENTED_EDGE ( 'NONE', *, *, #4634, .F. ) ;
#4676 = ORIENTED_EDGE ( 'NONE', *, *, #4548, .F. ) ;
#4677 = ORIENTED_EDGE ( 'NONE', *, *, #4680, .F. ) ;
#4678 = ADVANCED_FACE ( 'NONE', ( #9465 ), #9596, .T. ) ;
#4679 = EDGE_LOOP ( 'NONE', ( #4782, #4783, #4781, #4677, #4777, #4776 ) ) ;
#4680 = EDGE_CURVE ( 'NONE', #8381, #4682, #9532, .T. ) ;
#4681 = EDGE_CURVE ( 'NONE', #4682, #5592, #9633, .T. ) ;
#4682 = VERTEX_POINT ( 'NONE', #9457 ) ;
#4683 = ORIENTED_EDGE ( 'NONE', *, *, #5596, .F. ) ;
#4684 = VERTEX_POINT ( 'NONE', #9455 ) ;
#4685 = ORIENTED_EDGE ( 'NONE', *, *, #5458, .T. ) ;
#4686 = VERTEX_POINT ( 'NONE', #9497 ) ;
#4687 = ORIENTED_EDGE ( 'NONE', *, *, #8892, .F. ) ;
#4688 = EDGE_CURVE ( 'NONE', #4869, #4773, #9623, .T. ) ;
#4689 = ORIENTED_EDGE ( 'NONE', *, *, #4756, .T. ) ;
#4690 = EDGE_CURVE ( 'NONE', #4870, #7888, #9450, .T. ) ;
#4691 = ORIENTED_EDGE ( 'NONE', *, *, #4535, .T. ) ;
#4692 = ORIENTED_EDGE ( 'NONE', *, *, #4652, .F. ) ;
#4693 = EDGE_LOOP ( 'NONE', ( #4646, #4772, #4689, #4751, #4763, #4755 ) ) ;
#4694 = ORIENTED_EDGE ( 'NONE', *, *, #4895, .T. ) ;
#4695 = ADVANCED_FACE ( 'NONE', ( #9446 ), #9445, .F. ) ;
#4696 = VERTEX_POINT ( 'NONE', #9599 ) ;
#4697 = EDGE_CURVE ( 'NONE', #4574, #4649, #9598, .T. ) ;
#4698 = ORIENTED_EDGE ( 'NONE', *, *, #8430, .T. ) ;
#4699 = ORIENTED_EDGE ( 'NONE', *, *, #8443, .T. ) ;
#4700 = ORIENTED_EDGE ( 'NONE', *, *, #4650, .F. ) ;
#4701 = ORIENTED_EDGE ( 'NONE', *, *, #4871, .F. ) ;
#4702 = VERTEX_POINT ( 'NONE', #9436 ) ;
#4703 = ORIENTED_EDGE ( 'NONE', *, *, #4704, .F. ) ;
#4704 = EDGE_CURVE ( 'NONE', #4708, #4554, #9628, .T. ) ;
#4705 = EDGE_LOOP ( 'NONE', ( #4703, #4805, #4807, #4709 ) ) ;
#4706 = ORIENTED_EDGE ( 'NONE', *, *, #4707, .F. ) ;
#4707 = EDGE_CURVE ( 'NONE', #4655, #4864, #9504, .T. ) ;
#4708 = VERTEX_POINT ( 'NONE', #9500 ) ;
#4709 = ORIENTED_EDGE ( 'NONE', *, *, #4710, .F. ) ;
#4710 = EDGE_CURVE ( 'NONE', #4554, #4750, #9495, .T. ) ;
#4711 = ORIENTED_EDGE ( 'NONE', *, *, #4933, .T. ) ;
#4712 = ORIENTED_EDGE ( 'NONE', *, *, #4717, .F. ) ;
#4713 = EDGE_LOOP ( 'NONE', ( #4720, #4712, #4913, #4954 ) ) ;
#4714 = VERTEX_POINT ( 'NONE', #9490 ) ;
#4715 = ADVANCED_FACE ( 'NONE', ( #9489 ), #9488, .F. ) ;
#4716 = EDGE_CURVE ( 'NONE', #4718, #4714, #9603, .T. ) ;
#4717 = EDGE_CURVE ( 'NONE', #4825, #4714, #9566, .T. ) ;
#4718 = VERTEX_POINT ( 'NONE', #9561 ) ;
#4719 = ORIENTED_EDGE ( 'NONE', *, *, #4728, .F. ) ;
#4720 = ORIENTED_EDGE ( 'NONE', *, *, #4716, .T. ) ;
#4721 = VERTEX_POINT ( 'NONE', #9560 ) ;
#4722 = EDGE_CURVE ( 'NONE', #4831, #4729, #9544, .T. ) ;
#4723 = ORIENTED_EDGE ( 'NONE', *, *, #4728, .T. ) ;
#4724 = VERTEX_POINT ( 'NONE', #9538 ) ;
#4725 = EDGE_LOOP ( 'NONE', ( #4841, #4719, #4930, #4916 ) ) ;
#4726 = ORIENTED_EDGE ( 'NONE', *, *, #4838, .T. ) ;
#4727 = VERTEX_POINT ( 'NONE', #9535 ) ;
#4728 = EDGE_CURVE ( 'NONE', #4732, #4836, #9534, .T. ) ;
#4729 = VERTEX_POINT ( 'NONE', #9523 ) ;
#4730 = EDGE_LOOP ( 'NONE', ( #4929, #4947, #4914, #4935 ) ) ;
#4731 = EDGE_LOOP ( 'NONE', ( #4726, #4832, #4826, #4833 ) ) ;
#4732 = VERTEX_POINT ( 'NONE', #9522 ) ;
#4733 = EDGE_CURVE ( 'NONE', #4851, #4762, #9521, .T. ) ;
#4734 = ADVANCED_FACE ( 'NONE', ( #9516 ), #9581, .T. ) ;
#4735 = VERTEX_POINT ( 'NONE', #9576 ) ;
#4736 = VERTEX_POINT ( 'NONE', #9575 ) ;
#4737 = ORIENTED_EDGE ( 'NONE', *, *, #4879, .F. ) ;
#4738 = ORIENTED_EDGE ( 'NONE', *, *, #4895, .F. ) ;
#4739 = EDGE_CURVE ( 'NONE', #4660, #4613, #9572, .T. ) ;
#4740 = EDGE_LOOP ( 'NONE', ( #4663, #4658, #4659, #4629, #4619, #4746 ) ) ;
#4741 = ORIENTED_EDGE ( 'NONE', *, *, #4665, .F. ) ;
#4742 = ORIENTED_EDGE ( 'NONE', *, *, #4743, .F. ) ;
#4743 = EDGE_CURVE ( 'NONE', #4661, #4622, #9568, .T. ) ;
#4744 = ORIENTED_EDGE ( 'NONE', *, *, #4662, .T. ) ;
#4745 = ORIENTED_EDGE ( 'NONE', *, *, #4624, .F. ) ;
#4746 = ORIENTED_EDGE ( 'NONE', *, *, #4665, .T. ) ;
#4747 = EDGE_CURVE ( 'NONE', #8266, #4555, #9512, .T. ) ;
#4748 = ORIENTED_EDGE ( 'NONE', *, *, #8265, .T. ) ;
#4749 = EDGE_CURVE ( 'NONE', #4750, #4530, #9481, .T. ) ;
#4750 = VERTEX_POINT ( 'NONE', #9476 ) ;
#4751 = ORIENTED_EDGE ( 'NONE', *, *, #4849, .T. ) ;
#4752 = ORIENTED_EDGE ( 'NONE', *, *, #4753, .F. ) ;
#4753 = EDGE_CURVE ( 'NONE', #4757, #4851, #9474, .T. ) ;
#4754 = VERTEX_POINT ( 'NONE', #9766 ) ;
#4755 = ORIENTED_EDGE ( 'NONE', *, *, #4850, .T. ) ;
#4756 = EDGE_CURVE ( 'NONE', #4774, #4759, #9770, .T. ) ;
#4757 = VERTEX_POINT ( 'NONE', #9771 ) ;
#4758 = EDGE_CURVE ( 'NONE', #4764, #4754, #9776, .T. ) ;
#4759 = VERTEX_POINT ( 'NONE', #9677 ) ;
#4760 = ORIENTED_EDGE ( 'NONE', *, *, #4761, .T. ) ;
#4761 = EDGE_CURVE ( 'NONE', #4847, #4762, #9645, .T. ) ;
#4762 = VERTEX_POINT ( 'NONE', #9667 ) ;
#4763 = ORIENTED_EDGE ( 'NONE', *, *, #4758, .T. ) ;
#4764 = VERTEX_POINT ( 'NONE', #9629 ) ;
#4765 = EDGE_CURVE ( 'NONE', #4771, #4770, #9681, .T. ) ;
#4766 = ORIENTED_EDGE ( 'NONE', *, *, #4768, .F. ) ;
#4767 = ORIENTED_EDGE ( 'NONE', *, *, #4765, .T. ) ;
#4768 = EDGE_CURVE ( 'NONE', #4771, #4775, #9631, .T. ) ;
#4769 = EDGE_CURVE ( 'NONE', #4773, #4774, #9636, .T. ) ;
#4770 = VERTEX_POINT ( 'NONE', #9666 ) ;
#4771 = VERTEX_POINT ( 'NONE', #9660 ) ;
#4772 = ORIENTED_EDGE ( 'NONE', *, *, #4769, .T. ) ;
#4773 = VERTEX_POINT ( 'NONE', #9684 ) ;
#4774 = VERTEX_POINT ( 'NONE', #9683 ) ;
#4775 = VERTEX_POINT ( 'NONE', #9662 ) ;
#4776 = ORIENTED_EDGE ( 'NONE', *, *, #8670, .F. ) ;
#4777 = ORIENTED_EDGE ( 'NONE', *, *, #8398, .F. ) ;
#4778 = ORIENTED_EDGE ( 'NONE', *, *, #4733, .F. ) ;
#4779 = ADVANCED_FACE ( 'NONE', ( #9659 ), #9644, .F. ) ;
#4780 = EDGE_LOOP ( 'NONE', ( #4766, #4767, #4711, #4945, #4917, #4958, #4972, #4971, #4962, #4959, #4960, #4991 ) ) ;
#4781 = ORIENTED_EDGE ( 'NONE', *, *, #4681, .F. ) ;
#4782 = ORIENTED_EDGE ( 'NONE', *, *, #8353, .F. ) ;
#4783 = ORIENTED_EDGE ( 'NONE', *, *, #5594, .F. ) ;
#4784 = ORIENTED_EDGE ( 'NONE', *, *, #4785, .T. ) ;
#4785 = EDGE_CURVE ( 'NONE', #4641, #4786, #9650, .T. ) ;
#4786 = VERTEX_POINT ( 'NONE', #9655 ) ;
#4787 = ORIENTED_EDGE ( 'NONE', *, *, #4788, .F. ) ;
#4788 = EDGE_CURVE ( 'NONE', #4789, #4791, #9692, .T. ) ;
#4789 = VERTEX_POINT ( 'NONE', #9664 ) ;
#4790 = ADVANCED_FACE ( 'NONE', ( #9643, #9642 ), #9641, .T. ) ;
#4791 = VERTEX_POINT ( 'NONE', #9697 ) ;
#4792 = EDGE_LOOP ( 'NONE', ( #4787, #4639, #4784, #4810 ) ) ;
#4793 = ORIENTED_EDGE ( 'NONE', *, *, #4749, .F. ) ;
#4794 = ORIENTED_EDGE ( 'NONE', *, *, #4795, .T. ) ;
#4795 = EDGE_CURVE ( 'NONE', #4750, #4555, #9647, .T. ) ;
#4796 = ORIENTED_EDGE ( 'NONE', *, *, #4747, .F. ) ;
#4797 = VERTEX_POINT ( 'NONE', #9678 ) ;
#4798 = ORIENTED_EDGE ( 'NONE', *, *, #4799, .F. ) ;
#4799 = EDGE_CURVE ( 'NONE', #4637, #4635, #9654, .T. ) ;
#4800 = ORIENTED_EDGE ( 'NONE', *, *, #4813, .F. ) ;
#4801 = ORIENTED_EDGE ( 'NONE', *, *, #4813, .T. ) ;
#4802 = ORIENTED_EDGE ( 'NONE', *, *, #4707, .T. ) ;
#4803 = ORIENTED_EDGE ( 'NONE', *, *, #4808, .F. ) ;
#4804 = ORIENTED_EDGE ( 'NONE', *, *, #4704, .T. ) ;
#4805 = ORIENTED_EDGE ( 'NONE', *, *, #4806, .F. ) ;
#4806 = EDGE_CURVE ( 'NONE', #4555, #4708, #9688, .T. ) ;
#4807 = ORIENTED_EDGE ( 'NONE', *, *, #4795, .F. ) ;
#4808 = EDGE_CURVE ( 'NONE', #4809, #4864, #9673, .T. ) ;
#4809 = VERTEX_POINT ( 'NONE', #9669 ) ;
#4810 = ORIENTED_EDGE ( 'NONE', *, *, #4811, .T. ) ;
#4811 = EDGE_CURVE ( 'NONE', #4786, #4791, #9668, .T. ) ;
#4812 = EDGE_LOOP ( 'NONE', ( #4802, #4803, #4801, #4638 ) ) ;
#4813 = EDGE_CURVE ( 'NONE', #4809, #4637, #8154, .T. ) ;
#4814 = EDGE_LOOP ( 'NONE', ( #4819, #4818, #4816, #4675, #4617, #4672 ) ) ;
#4815 = EDGE_CURVE ( 'NONE', #4635, #8397, #8151, .T. ) ;
#4816 = ORIENTED_EDGE ( 'NONE', *, *, #4815, .F. ) ;
#4817 = ADVANCED_FACE ( 'NONE', ( #8165 ), #8159, .T. ) ;
#4818 = ORIENTED_EDGE ( 'NONE', *, *, #8338, .T. ) ;
#4819 = ORIENTED_EDGE ( 'NONE', *, *, #8409, .T. ) ;
#4820 = ORIENTED_EDGE ( 'NONE', *, *, #4822, .F. ) ;
#4821 = EDGE_LOOP ( 'NONE', ( #4820, #4633, #4798, #4800 ) ) ;
#4822 = EDGE_CURVE ( 'NONE', #4797, #4809, #8221, .T. ) ;
#4823 = ADVANCED_FACE ( 'NONE', ( #8235 ), #8179, .T. ) ;
#4824 = EDGE_CURVE ( 'NONE', #4727, #4724, #8237, .T. ) ;
#4825 = VERTEX_POINT ( 'NONE', #8238 ) ;
#4826 = ORIENTED_EDGE ( 'NONE', *, *, #4827, .F. ) ;
#4827 = EDGE_CURVE ( 'NONE', #4830, #4724, #8201, .T. ) ;
#4828 = VERTEX_POINT ( 'NONE', #8197 ) ;
#4829 = EDGE_LOOP ( 'NONE', ( #4723, #4837, #4844, #4839 ) ) ;
#4830 = VERTEX_POINT ( 'NONE', #8169 ) ;
#4831 = VERTEX_POINT ( 'NONE', #8240 ) ;
#4832 = ORIENTED_EDGE ( 'NONE', *, *, #4824, .T. ) ;
#4833 = ORIENTED_EDGE ( 'NONE', *, *, #4834, .F. ) ;
#4834 = EDGE_CURVE ( 'NONE', #4828, #4830, #8189, .T. ) ;
#4835 = EDGE_CURVE ( 'NONE', #4729, #4836, #8241, .T. ) ;
#4836 = VERTEX_POINT ( 'NONE', #8194 ) ;
#4837 = ORIENTED_EDGE ( 'NONE', *, *, #4835, .F. ) ;
#4838 = EDGE_CURVE ( 'NONE', #4828, #4727, #8186, .T. ) ;
#4839 = ORIENTED_EDGE ( 'NONE', *, *, #4840, .F. ) ;
#4840 = EDGE_CURVE ( 'NONE', #4732, #4831, #8175, .T. ) ;
#4841 = ORIENTED_EDGE ( 'NONE', *, *, #4842, .F. ) ;
#4842 = EDGE_CURVE ( 'NONE', #4836, #4825, #8245, .T. ) ;
#4843 = ADVANCED_FACE ( 'NONE', ( #8209 ), #8208, .F. ) ;
#4844 = ORIENTED_EDGE ( 'NONE', *, *, #4722, .F. ) ;
#4845 = ORIENTED_EDGE ( 'NONE', *, *, #4846, .T. ) ;
#4846 = EDGE_CURVE ( 'NONE', #4757, #4847, #8228, .T. ) ;
#4847 = VERTEX_POINT ( 'NONE', #8230 ) ;
#4848 = ADVANCED_FACE ( 'NONE', ( #8244 ), #8243, .T. ) ;
#4849 = EDGE_CURVE ( 'NONE', #4759, #4764, #8218, .T. ) ;
#4850 = EDGE_CURVE ( 'NONE', #4754, #4869, #8276, .T. ) ;
#4851 = VERTEX_POINT ( 'NONE', #8277 ) ;
#4852 = EDGE_LOOP ( 'NONE', ( #4752, #4845, #4760, #4778 ) ) ;
#4853 = ADVANCED_FACE ( 'NONE', ( #8279 ), #8275, .F. ) ;
#4854 = ORIENTED_EDGE ( 'NONE', *, *, #4667, .F. ) ;
#4855 = EDGE_LOOP ( 'NONE', ( #4854, #4615, #4858, #4862 ) ) ;
#4856 = ORIENTED_EDGE ( 'NONE', *, *, #4673, .F. ) ;
#4857 = EDGE_CURVE ( 'NONE', #4613, #8261, #8282, .T. ) ;
#4858 = ORIENTED_EDGE ( 'NONE', *, *, #8260, .T. ) ;
#4859 = VERTEX_POINT ( 'NONE', #8304 ) ;
#4860 = EDGE_CURVE ( 'NONE', #4859, #4797, #8314, .T. ) ;
#4861 = EDGE_CURVE ( 'NONE', #8258, #4674, #8291, .T. ) ;
#4862 = ORIENTED_EDGE ( 'NONE', *, *, #4861, .T. ) ;
#4863 = EDGE_CURVE ( 'NONE', #4864, #4554, #8284, .T. ) ;
#4864 = VERTEX_POINT ( 'NONE', #8285 ) ;
#4865 = ORIENTED_EDGE ( 'NONE', *, *, #4868, .F. ) ;
#4866 = ORIENTED_EDGE ( 'NONE', *, *, #4867, .F. ) ;
#4867 = EDGE_CURVE ( 'NONE', #4888, #4560, #8319, .T. ) ;
#4868 = EDGE_CURVE ( 'NONE', #4696, #4870, #8313, .T. ) ;
#4869 = VERTEX_POINT ( 'NONE', #8315 ) ;
#4870 = VERTEX_POINT ( 'NONE', #8309 ) ;
#4871 = EDGE_CURVE ( 'NONE', #7888, #4560, #8161, .T. ) ;
#4872 = EDGE_CURVE ( 'NONE', #4886, #4885, #8433, .T. ) ;
#4873 = EDGE_LOOP ( 'NONE', ( #4738, #4894, #4889, #4890 ) ) ;
#4874 = ORIENTED_EDGE ( 'NONE', *, *, #4871, .T. ) ;
#4875 = EDGE_CURVE ( 'NONE', #4880, #4623, #8408, .T. ) ;
#4876 = ADVANCED_FACE ( 'NONE', ( #8424 ), #8423, .T. ) ;
#4877 = ORIENTED_EDGE ( 'NONE', *, *, #4884, .T. ) ;
#4878 = ORIENTED_EDGE ( 'NONE', *, *, #4893, .T. ) ;
#4879 = EDGE_CURVE ( 'NONE', #4885, #4882, #8421, .T. ) ;
#4880 = VERTEX_POINT ( 'NONE', #8422 ) ;
#4881 = ORIENTED_EDGE ( 'NONE', *, *, #8580, .F. ) ;
#4882 = VERTEX_POINT ( 'NONE', #8367 ) ;
#4883 = ORIENTED_EDGE ( 'NONE', *, *, #7403, .F. ) ;
#4884 = EDGE_CURVE ( 'NONE', #4736, #4882, #8426, .T. ) ;
#4885 = VERTEX_POINT ( 'NONE', #8393 ) ;
#4886 = VERTEX_POINT ( 'NONE', #8395 ) ;
#4887 = ORIENTED_EDGE ( 'NONE', *, *, #4872, .F. ) ;
#4888 = VERTEX_POINT ( 'NONE', #8394 ) ;
#4889 = ORIENTED_EDGE ( 'NONE', *, *, #4621, .T. ) ;
#4890 = ORIENTED_EDGE ( 'NONE', *, *, #4875, .F. ) ;
#4891 = EDGE_LOOP ( 'NONE', ( #4874, #4866, #4694, #4700 ) ) ;
#4892 = EDGE_CURVE ( 'NONE', #4622, #4888, #8366, .T. ) ;
#4893 = EDGE_CURVE ( 'NONE', #8608, #7301, #8336, .T. ) ;
#4894 = ORIENTED_EDGE ( 'NONE', *, *, #4892, .F. ) ;
#4895 = EDGE_CURVE ( 'NONE', #4888, #4880, #8402, .T. ) ;
#4896 = EDGE_CURVE ( 'NONE', #4886, #4736, #8403, .T. ) ;
#4897 = EDGE_LOOP ( 'NONE', ( #4653, #4804, #4898, #4706 ) ) ;
#4898 = ORIENTED_EDGE ( 'NONE', *, *, #4863, .F. ) ;
#4899 = ORIENTED_EDGE ( 'NONE', *, *, #8108, .F. ) ;
#4900 = ORIENTED_EDGE ( 'NONE', *, *, #4539, .T. ) ;
#4901 = ADVANCED_FACE ( 'NONE', ( #8356 ), #8352, .T. ) ;
#4902 = EDGE_CURVE ( 'NONE', #4953, #7436, #8412, .T. ) ;
#4903 = EDGE_CURVE ( 'NONE', #4953, #4904, #8414, .T. ) ;
#4904 = VERTEX_POINT ( 'NONE', #8372 ) ;
#4905 = ORIENTED_EDGE ( 'NONE', *, *, #4949, .F. ) ;
#4906 = EDGE_CURVE ( 'NONE', #4921, #4762, #8535, .T. ) ;
#4907 = EDGE_CURVE ( 'NONE', #4721, #4825, #8575, .T. ) ;
#4908 = EDGE_CURVE ( 'NONE', #4928, #4931, #8475, .T. ) ;
#4909 = EDGE_CURVE ( 'NONE', #4937, #4724, #8517, .T. ) ;
#4910 = ORIENTED_EDGE ( 'NONE', *, *, #4915, .T. ) ;
#4911 = ADVANCED_FACE ( 'NONE', ( #8515 ), #8531, .T. ) ;
#4912 = EDGE_CURVE ( 'NONE', #4940, #4735, #8440, .T. ) ;
#4913 = ORIENTED_EDGE ( 'NONE', *, *, #4907, .F. ) ;
#4914 = ORIENTED_EDGE ( 'NONE', *, *, #4908, .F. ) ;
#4915 = EDGE_CURVE ( 'NONE', #4937, #4936, #8472, .T. ) ;
#4916 = ORIENTED_EDGE ( 'NONE', *, *, #4907, .T. ) ;
#4917 = ORIENTED_EDGE ( 'NONE', *, *, #4950, .T. ) ;
#4918 = EDGE_CURVE ( 'NONE', #4732, #4721, #8473, .T. ) ;
#4919 = ADVANCED_FACE ( 'NONE', ( #8630 ), #8626, .F. ) ;
#4920 = ORIENTED_EDGE ( 'NONE', *, *, #4974, .F. ) ;
#4921 = VERTEX_POINT ( 'NONE', #8627 ) ;
#4922 = ORIENTED_EDGE ( 'NONE', *, *, #4923, .F. ) ;
#4923 = EDGE_CURVE ( 'NONE', #4851, #4735, #8551, .T. ) ;
#4924 = EDGE_CURVE ( 'NONE', #4830, #4943, #8461, .T. ) ;
#4925 = EDGE_LOOP ( 'NONE', ( #4970, #4992, #4986, #5005 ) ) ;
#4926 = ADVANCED_FACE ( 'NONE', ( #8711 ), #8671, .T. ) ;
#4927 = VERTEX_POINT ( 'NONE', #8657 ) ;
#4928 = VERTEX_POINT ( 'NONE', #8791 ) ;
#4929 = ORIENTED_EDGE ( 'NONE', *, *, #4722, .T. ) ;
#4930 = ORIENTED_EDGE ( 'NONE', *, *, #4918, .T. ) ;
#4931 = VERTEX_POINT ( 'NONE', #8690 ) ;
#4932 = EDGE_CURVE ( 'NONE', #4946, #4927, #8688, .T. ) ;
#4933 = EDGE_CURVE ( 'NONE', #4770, #4927, #8792, .T. ) ;
#4934 = EDGE_LOOP ( 'NONE', ( #4939, #4957, #4956, #4910, #4938 ) ) ;
#4935 = ORIENTED_EDGE ( 'NONE', *, *, #4941, .F. ) ;
#4936 = VERTEX_POINT ( 'NONE', #8643 ) ;
#4937 = VERTEX_POINT ( 'NONE', #8642 ) ;
#4938 = ORIENTED_EDGE ( 'NONE', *, *, #4944, .F. ) ;
#4939 = ORIENTED_EDGE ( 'NONE', *, *, #4924, .F. ) ;
#4940 = VERTEX_POINT ( 'NONE', #8754 ) ;
#4941 = EDGE_CURVE ( 'NONE', #4831, #4928, #8751, .T. ) ;
#4942 = EDGE_LOOP ( 'NONE', ( #4955, #4922, #4967, #4973, #4905 ) ) ;
#4943 = VERTEX_POINT ( 'NONE', #8676 ) ;
#4944 = EDGE_CURVE ( 'NONE', #4943, #4936, #8674, .T. ) ;
#4945 = ORIENTED_EDGE ( 'NONE', *, *, #4932, .F. ) ;
#4946 = VERTEX_POINT ( 'NONE', #8663 ) ;
#4947 = ORIENTED_EDGE ( 'NONE', *, *, #4948, .T. ) ;
#4948 = EDGE_CURVE ( 'NONE', #4729, #4931, #8662, .T. ) ;
#4949 = EDGE_CURVE ( 'NONE', #4940, #4921, #8725, .T. ) ;
#4950 = EDGE_CURVE ( 'NONE', #4946, #9098, #8721, .T. ) ;
#4951 = ADVANCED_FACE ( 'NONE', ( #8757 ), #8755, .F. ) ;
#4952 = ORIENTED_EDGE ( 'NONE', *, *, #4902, .F. ) ;
#4953 = VERTEX_POINT ( 'NONE', #8763 ) ;
#4954 = ORIENTED_EDGE ( 'NONE', *, *, #4969, .F. ) ;
#4955 = ORIENTED_EDGE ( 'NONE', *, *, #4912, .T. ) ;
#4956 = ORIENTED_EDGE ( 'NONE', *, *, #4909, .F. ) ;
#4957 = ORIENTED_EDGE ( 'NONE', *, *, #4827, .T. ) ;
#4958 = ORIENTED_EDGE ( 'NONE', *, *, #9102, .T. ) ;
#4959 = ORIENTED_EDGE ( 'NONE', *, *, #4680, .T. ) ;
#4960 = ORIENTED_EDGE ( 'NONE', *, *, #4975, .T. ) ;
#4961 = EDGE_CURVE ( 'NONE', #4443, #8675, #8718, .T. ) ;
#4962 = ORIENTED_EDGE ( 'NONE', *, *, #8383, .T. ) ;
#4963 = EDGE_LOOP ( 'NONE', ( #5013, #5036, #5148, #5092 ) ) ;
#4964 = EDGE_LOOP ( 'NONE', ( #4952, #4968, #4920, #4965 ) ) ;
#4965 = ORIENTED_EDGE ( 'NONE', *, *, #7374, .F. ) ;
#4966 = ADVANCED_FACE ( 'NONE', ( #8714 ), #8713, .F. ) ;
#4967 = ORIENTED_EDGE ( 'NONE', *, *, #4733, .T. ) ;
#4968 = ORIENTED_EDGE ( 'NONE', *, *, #4903, .T. ) ;
#4969 = EDGE_CURVE ( 'NONE', #4718, #4721, #8772, .T. ) ;
#4970 = ORIENTED_EDGE ( 'NONE', *, *, #4974, .T. ) ;
#4971 = ORIENTED_EDGE ( 'NONE', *, *, #4961, .T. ) ;
#4972 = ORIENTED_EDGE ( 'NONE', *, *, #4397, .T. ) ;
#4973 = ORIENTED_EDGE ( 'NONE', *, *, #4906, .F. ) ;
#4974 = EDGE_CURVE ( 'NONE', #7375, #4904, #8766, .T. ) ;
#4975 = EDGE_CURVE ( 'NONE', #4682, #4684, #8767, .T. ) ;
#4976 = EDGE_LOOP ( 'NONE', ( #5019, #5006, #4978, #4983 ) ) ;
#4977 = ORIENTED_EDGE ( 'NONE', *, *, #5009, .F. ) ;
#4978 = ORIENTED_EDGE ( 'NONE', *, *, #4988, .F. ) ;
#4979 = EDGE_CURVE ( 'NONE', #4999, #4981, #8745, .T. ) ;
#4980 = ORIENTED_EDGE ( 'NONE', *, *, #5021, .F. ) ;
#4981 = VERTEX_POINT ( 'NONE', #8741 ) ;
#4982 = VERTEX_POINT ( 'NONE', #8740 ) ;
#4983 = ORIENTED_EDGE ( 'NONE', *, *, #7369, .F. ) ;
#4984 = ORIENTED_EDGE ( 'NONE', *, *, #8980, .F. ) ;
#4985 = ADVANCED_FACE ( 'NONE', ( #8739 ), #8738, .F. ) ;
#4986 = ORIENTED_EDGE ( 'NONE', *, *, #4987, .F. ) ;
#4987 = EDGE_CURVE ( 'NONE', #7421, #4994, #8700, .T. ) ;
#4988 = EDGE_CURVE ( 'NONE', #7427, #4982, #8736, .T. ) ;
#4989 = EDGE_CURVE ( 'NONE', #8988, #4981, #8730, .T. ) ;
#4990 = ORIENTED_EDGE ( 'NONE', *, *, #4979, .F. ) ;
#4991 = ORIENTED_EDGE ( 'NONE', *, *, #5009, .T. ) ;
#4992 = ORIENTED_EDGE ( 'NONE', *, *, #4995, .F. ) ;
#4993 = ORIENTED_EDGE ( 'NONE', *, *, #4399, .T. ) ;
#4994 = VERTEX_POINT ( 'NONE', #8726 ) ;
#4995 = EDGE_CURVE ( 'NONE', #4994, #4904, #8789, .T. ) ;
#4996 = EDGE_LOOP ( 'NONE', ( #5033, #4998, #5038, #5142 ) ) ;
#4997 = ADVANCED_FACE ( 'NONE', ( #8784 ), #8783, .T. ) ;
#4998 = ORIENTED_EDGE ( 'NONE', *, *, #5191, .T. ) ;
#4999 = VERTEX_POINT ( 'NONE', #8462 ) ;
#5000 = EDGE_CURVE ( 'NONE', #4981, #4684, #8469, .T. ) ;
#5001 = ADVANCED_FACE ( 'NONE', ( #8959 ), #8929, .F. ) ;
#5002 = EDGE_LOOP ( 'NONE', ( #4984, #4993, #5017, #5020, #4980, #4977, #5018, #5004 ) ) ;
#5003 = ORIENTED_EDGE ( 'NONE', *, *, #5251, .F. ) ;
#5004 = ORIENTED_EDGE ( 'NONE', *, *, #4989, .F. ) ;
#5005 = ORIENTED_EDGE ( 'NONE', *, *, #7377, .F. ) ;
#5006 = ORIENTED_EDGE ( 'NONE', *, *, #5007, .F. ) ;
#5007 = EDGE_CURVE ( 'NONE', #4982, #4994, #8975, .T. ) ;
#5008 = ADVANCED_FACE ( 'NONE', ( #8922 ), #8822, .T. ) ;
#5009 = EDGE_CURVE ( 'NONE', #4684, #4775, #8896, .T. ) ;
#5010 = EDGE_CURVE ( 'NONE', #5011, #4999, #8826, .T. ) ;
#5011 = VERTEX_POINT ( 'NONE', #8919 ) ;
#5012 = ORIENTED_EDGE ( 'NONE', *, *, #9039, .F. ) ;
#5013 = ORIENTED_EDGE ( 'NONE', *, *, #4988, .T. ) ;
#5014 = ADVANCED_FACE ( 'NONE', ( #8918 ), #8917, .F. ) ;
#5015 = ORIENTED_EDGE ( 'NONE', *, *, #5034, .F. ) ;
#5016 = EDGE_LOOP ( 'NONE', ( #4990, #5064, #5080, #5062 ) ) ;
#5017 = ORIENTED_EDGE ( 'NONE', *, *, #8994, .F. ) ;
#5018 = ORIENTED_EDGE ( 'NONE', *, *, #5000, .F. ) ;
#5019 = ORIENTED_EDGE ( 'NONE', *, *, #4987, .T. ) ;
#5020 = ORIENTED_EDGE ( 'NONE', *, *, #4950, .F. ) ;
#5021 = EDGE_CURVE ( 'NONE', #4775, #4946, #8926, .T. ) ;
#5022 = ADVANCED_FACE ( 'NONE', ( #8867 ), #8865, .F. ) ;
#5023 = ORIENTED_EDGE ( 'NONE', *, *, #5191, .F. ) ;
#5024 = ADVANCED_FACE ( 'NONE', ( #8939 ), #8821, .T. ) ;
#5025 = EDGE_LOOP ( 'NONE', ( #5126, #5147, #5058, #5076 ) ) ;
#5026 = ORIENTED_EDGE ( 'NONE', *, *, #5221, .F. ) ;
#5027 = EDGE_LOOP ( 'NONE', ( #5032, #5223, #5216, #5136 ) ) ;
#5028 = ORIENTED_EDGE ( 'NONE', *, *, #5057, .F. ) ;
#5029 = EDGE_CURVE ( 'NONE', #4436, #7895, #8831, .T. ) ;
#5030 = ORIENTED_EDGE ( 'NONE', *, *, #4468, .F. ) ;
#5031 = ORIENTED_EDGE ( 'NONE', *, *, #4467, .F. ) ;
#5032 = ORIENTED_EDGE ( 'NONE', *, *, #5222, .F. ) ;
#5033 = ORIENTED_EDGE ( 'NONE', *, *, #7869, .T. ) ;
#5034 = EDGE_CURVE ( 'NONE', #4999, #9047, #8827, .T. ) ;
#5035 = EDGE_LOOP ( 'NONE', ( #5059, #5128, #5094, #5095 ) ) ;
#5036 = ORIENTED_EDGE ( 'NONE', *, *, #5037, .F. ) ;
#5037 = EDGE_CURVE ( 'NONE', #4702, #4982, #8886, .T. ) ;
#5038 = ORIENTED_EDGE ( 'NONE', *, *, #5098, .F. ) ;
#5039 = EDGE_LOOP ( 'NONE', ( #5048, #5052, #5054, #5070 ) ) ;
#5040 = ORIENTED_EDGE ( 'NONE', *, *, #4902, .T. ) ;
#5041 = ORIENTED_EDGE ( 'NONE', *, *, #7435, .F. ) ;
#5042 = ORIENTED_EDGE ( 'NONE', *, *, #5045, .F. ) ;
#5043 = EDGE_CURVE ( 'NONE', #5144, #7895, #8901, .T. ) ;
#5044 = ORIENTED_EDGE ( 'NONE', *, *, #5043, .T. ) ;
#5045 = EDGE_CURVE ( 'NONE', #5144, #5096, #8938, .T. ) ;
#5046 = EDGE_CURVE ( 'NONE', #4953, #5145, #8934, .T. ) ;
#5047 = ADVANCED_FACE ( 'NONE', ( #8907 ), #8906, .T. ) ;
#5048 = ORIENTED_EDGE ( 'NONE', *, *, #5049, .T. ) ;
#5049 = EDGE_CURVE ( 'NONE', #5050, #5051, #8972, .T. ) ;
#5050 = VERTEX_POINT ( 'NONE', #8968 ) ;
#5051 = VERTEX_POINT ( 'NONE', #8967 ) ;
#5052 = ORIENTED_EDGE ( 'NONE', *, *, #5053, .F. ) ;
#5053 = EDGE_CURVE ( 'NONE', #4936, #5051, #8966, .T. ) ;
#5054 = ORIENTED_EDGE ( 'NONE', *, *, #5227, .F. ) ;
#5055 = ADVANCED_FACE ( 'NONE', ( #8962 ), #8960, .F. ) ;
#5056 = VERTEX_POINT ( 'NONE', #8880 ) ;
#5057 = EDGE_CURVE ( 'NONE', #5220, #5056, #8879, .T. ) ;
#5058 = ORIENTED_EDGE ( 'NONE', *, *, #5075, .F. ) ;
#5059 = ORIENTED_EDGE ( 'NONE', *, *, #5146, .T. ) ;
#5060 = ORIENTED_EDGE ( 'NONE', *, *, #5127, .T. ) ;
#5061 = ORIENTED_EDGE ( 'NONE', *, *, #5146, .F. ) ;
#5062 = ORIENTED_EDGE ( 'NONE', *, *, #4989, .T. ) ;
#5063 = ORIENTED_EDGE ( 'NONE', *, *, #5010, .F. ) ;
#5064 = ORIENTED_EDGE ( 'NONE', *, *, #5034, .T. ) ;
#5065 = ORIENTED_EDGE ( 'NONE', *, *, #7459, .T. ) ;
#5066 = VERTEX_POINT ( 'NONE', #8875 ) ;
#5067 = EDGE_CURVE ( 'NONE', #5068, #5082, #8872, .T. ) ;
#5068 = VERTEX_POINT ( 'NONE', #8860 ) ;
#5069 = ORIENTED_EDGE ( 'NONE', *, *, #5073, .F. ) ;
#5070 = ORIENTED_EDGE ( 'NONE', *, *, #5089, .T. ) ;
#5071 = ADVANCED_FACE ( 'NONE', ( #8859 ), #8855, .T. ) ;
#5072 = EDGE_LOOP ( 'NONE', ( #5083, #5091, #5090, #5209 ) ) ;
#5073 = EDGE_CURVE ( 'NONE', #5066, #5207, #8849, .T. ) ;
#5074 = ADVANCED_FACE ( 'NONE', ( #8845 ), #8843, .F. ) ;
#5075 = EDGE_CURVE ( 'NONE', #5096, #5226, #8844, .T. ) ;
#5076 = ORIENTED_EDGE ( 'NONE', *, *, #5127, .F. ) ;
#5077 = EDGE_CURVE ( 'NONE', #5145, #4702, #8950, .T. ) ;
#5078 = ADVANCED_FACE ( 'NONE', ( #8945 ), #8944, .F. ) ;
#5079 = EDGE_CURVE ( 'NONE', #4702, #7418, #8841, .T. ) ;
#5080 = ORIENTED_EDGE ( 'NONE', *, *, #9046, .T. ) ;
#5081 = ORIENTED_EDGE ( 'NONE', *, *, #5067, .T. ) ;
#5082 = VERTEX_POINT ( 'NONE', #8832 ) ;
#5083 = ORIENTED_EDGE ( 'NONE', *, *, #5212, .F. ) ;
#5084 = ORIENTED_EDGE ( 'NONE', *, *, #5252, .F. ) ;
#5085 = EDGE_LOOP ( 'NONE', ( #5081, #5003, #5172, #5159 ) ) ;
#5086 = EDGE_CURVE ( 'NONE', #5205, #7460, #8815, .T. ) ;
#5087 = ADVANCED_FACE ( 'NONE', ( #8816 ), #8810, .T. ) ;
#5088 = EDGE_LOOP ( 'NONE', ( #5069, #5210, #5208, #5179 ) ) ;
#5089 = EDGE_CURVE ( 'NONE', #5228, #5050, #8809, .T. ) ;
#5090 = ORIENTED_EDGE ( 'NONE', *, *, #5086, .F. ) ;
#5091 = ORIENTED_EDGE ( 'NONE', *, *, #7503, .F. ) ;
#5092 = ORIENTED_EDGE ( 'NONE', *, *, #7371, .F. ) ;
#5093 = EDGE_LOOP ( 'NONE', ( #5042, #5044, #5097, #5060 ) ) ;
#5094 = ORIENTED_EDGE ( 'NONE', *, *, #5079, .F. ) ;
#5095 = ORIENTED_EDGE ( 'NONE', *, *, #5077, .F. ) ;
#5096 = VERTEX_POINT ( 'NONE', #8801 ) ;
#5097 = ORIENTED_EDGE ( 'NONE', *, *, #7821, .T. ) ;
#5098 = EDGE_CURVE ( 'NONE', #5226, #5011, #8799, .T. ) ;
#5099 = EDGE_LOOP ( 'NONE', ( #5012, #5015, #5063, #5023, #5139, #5141 ) ) ;
#5100 = EDGE_CURVE ( 'NONE', #5051, #5102, #9065, .T. ) ;
#5101 = EDGE_LOOP ( 'NONE', ( #5104, #5303, #5202, #5298 ) ) ;
#5102 = VERTEX_POINT ( 'NONE', #9061 ) ;
#5103 = ADVANCED_FACE ( 'NONE', ( #9060 ), #9091, .T. ) ;
#5104 = ORIENTED_EDGE ( 'NONE', *, *, #5100, .F. ) ;
#5105 = EDGE_CURVE ( 'NONE', #5107, #5117, #9095, .T. ) ;
#5106 = ORIENTED_EDGE ( 'NONE', *, *, #5105, .T. ) ;
#5107 = VERTEX_POINT ( 'NONE', #9051 ) ;
#5108 = VERTEX_POINT ( 'NONE', #9050 ) ;
#5109 = EDGE_CURVE ( 'NONE', #5107, #4686, #8979, .T. ) ;
#5110 = ORIENTED_EDGE ( 'NONE', *, *, #5109, .F. ) ;
#5111 = EDGE_CURVE ( 'NONE', #4928, #5117, #9054, .T. ) ;
#5112 = ORIENTED_EDGE ( 'NONE', *, *, #5114, .F. ) ;
#5113 = EDGE_CURVE ( 'NONE', #5117, #5122, #9069, .T. ) ;
#5114 = EDGE_CURVE ( 'NONE', #5117, #5234, #8992, .T. ) ;
#5115 = ORIENTED_EDGE ( 'NONE', *, *, #5116, .T. ) ;
#5116 = EDGE_CURVE ( 'NONE', #5122, #4686, #8986, .T. ) ;
#5117 = VERTEX_POINT ( 'NONE', #9087 ) ;
#5118 = ADVANCED_FACE ( 'NONE', ( #9086 ), #9085, .T. ) ;
#5119 = EDGE_LOOP ( 'NONE', ( #5155, #5120, #5123, #5112 ) ) ;
#5120 = ORIENTED_EDGE ( 'NONE', *, *, #5153, .F. ) ;
#5121 = ORIENTED_EDGE ( 'NONE', *, *, #5157, .F. ) ;
#5122 = VERTEX_POINT ( 'NONE', #9080 ) ;
#5123 = ORIENTED_EDGE ( 'NONE', *, *, #5233, .F. ) ;
#5124 = ORIENTED_EDGE ( 'NONE', *, *, #5182, .T. ) ;
#5125 = EDGE_LOOP ( 'NONE', ( #5152, #5115, #5110, #5106 ) ) ;
#5126 = ORIENTED_EDGE ( 'NONE', *, *, #7832, .T. ) ;
#5127 = EDGE_CURVE ( 'NONE', #7828, #5096, #9079, .T. ) ;
#5128 = ORIENTED_EDGE ( 'NONE', *, *, #7429, .F. ) ;
#5129 = EDGE_LOOP ( 'NONE', ( #5040, #5041, #5061, #5130 ) ) ;
#5130 = ORIENTED_EDGE ( 'NONE', *, *, #5046, .F. ) ;
#5131 = EDGE_LOOP ( 'NONE', ( #5224, #5219, #5132, #5225, #5031 ) ) ;
#5132 = ORIENTED_EDGE ( 'NONE', *, *, #5215, .F. ) ;
#5133 = ORIENTED_EDGE ( 'NONE', *, *, #5214, .T. ) ;
#5134 = ADVANCED_FACE ( 'NONE', ( #9075 ), #9074, .T. ) ;
#5135 = EDGE_LOOP ( 'NONE', ( #5030, #5133, #5028, #5026 ) ) ;
#5136 = ORIENTED_EDGE ( 'NONE', *, *, #5221, .T. ) ;
#5137 = ADVANCED_FACE ( 'NONE', ( #9036 ), #9029, .F. ) ;
#5138 = ADVANCED_FACE ( 'NONE', ( #9022 ), #9027, .T. ) ;
#5139 = ORIENTED_EDGE ( 'NONE', *, *, #5140, .F. ) ;
#5140 = EDGE_CURVE ( 'NONE', #4458, #7818, #9020, .T. ) ;
#5141 = ORIENTED_EDGE ( 'NONE', *, *, #4428, .F. ) ;
#5142 = ORIENTED_EDGE ( 'NONE', *, *, #5143, .F. ) ;
#5143 = EDGE_CURVE ( 'NONE', #7870, #5226, #9013, .T. ) ;
#5144 = VERTEX_POINT ( 'NONE', #9009 ) ;
#5145 = VERTEX_POINT ( 'NONE', #9008 ) ;
#5146 = EDGE_CURVE ( 'NONE', #5145, #7432, #9005, .T. ) ;
#5147 = ORIENTED_EDGE ( 'NONE', *, *, #5143, .T. ) ;
#5148 = ORIENTED_EDGE ( 'NONE', *, *, #5079, .T. ) ;
#5149 = ADVANCED_FACE ( 'NONE', ( #9000 ), #9007, .T. ) ;
#5150 = VERTEX_POINT ( 'NONE', #9106 ) ;
#5151 = ADVANCED_FACE ( 'NONE', ( #9108 ), #9107, .T. ) ;
#5152 = ORIENTED_EDGE ( 'NONE', *, *, #5113, .T. ) ;
#5153 = EDGE_CURVE ( 'NONE', #5241, #4928, #9545, .T. ) ;
#5154 = ORIENTED_EDGE ( 'NONE', *, *, #5156, .T. ) ;
#5155 = ORIENTED_EDGE ( 'NONE', *, *, #5111, .F. ) ;
#5156 = EDGE_CURVE ( 'NONE', #5235, #5150, #9494, .T. ) ;
#5157 = EDGE_CURVE ( 'NONE', #5234, #5150, #9526, .T. ) ;
#5158 = EDGE_CURVE ( 'NONE', #5246, #5068, #9487, .T. ) ;
#5159 = ORIENTED_EDGE ( 'NONE', *, *, #5158, .T. ) ;
#5160 = VERTEX_POINT ( 'NONE', #9451 ) ;
#5161 = ORIENTED_EDGE ( 'NONE', *, *, #5162, .T. ) ;
#5162 = EDGE_CURVE ( 'NONE', #5160, #5235, #9573, .T. ) ;
#5163 = ORIENTED_EDGE ( 'NONE', *, *, #5182, .F. ) ;
#5164 = VERTEX_POINT ( 'NONE', #9574 ) ;
#5165 = EDGE_CURVE ( 'NONE', #5082, #5166, #9454, .T. ) ;
#5166 = VERTEX_POINT ( 'NONE', #9479 ) ;
#5167 = EDGE_CURVE ( 'NONE', #5168, #5160, #9537, .T. ) ;
#5168 = VERTEX_POINT ( 'NONE', #9553 ) ;
#5169 = VERTEX_POINT ( 'NONE', #9441 ) ;
#5170 = VERTEX_POINT ( 'NONE', #9439 ) ;
#5171 = ORIENTED_EDGE ( 'NONE', *, *, #5231, .F. ) ;
#5172 = ORIENTED_EDGE ( 'NONE', *, *, #5249, .F. ) ;
#5173 = ADVANCED_FACE ( 'NONE', ( #9594 ), #9556, .T. ) ;
#5174 = EDGE_LOOP ( 'NONE', ( #5187, #5183, #5243, #5185 ) ) ;
#5175 = ADVANCED_FACE ( 'NONE', ( #9475 ), #9559, .T. ) ;
#5176 = ORIENTED_EDGE ( 'NONE', *, *, #5177, .T. ) ;
#5177 = EDGE_CURVE ( 'NONE', #5164, #5168, #9549, .T. ) ;
#5178 = ADVANCED_FACE ( 'NONE', ( #9607 ), #9605, .T. ) ;
#5179 = ORIENTED_EDGE ( 'NONE', *, *, #5184, .T. ) ;
#5180 = EDGE_CURVE ( 'NONE', #5164, #5166, #9582, .T. ) ;
#5181 = EDGE_LOOP ( 'NONE', ( #5244, #5240, #5186, #5171, #5250 ) ) ;
#5182 = EDGE_CURVE ( 'NONE', #5166, #5235, #9616, .T. ) ;
#5183 = ORIENTED_EDGE ( 'NONE', *, *, #5067, .F. ) ;
#5184 = EDGE_CURVE ( 'NONE', #5170, #5207, #9739, .T. ) ;
#5185 = ORIENTED_EDGE ( 'NONE', *, *, #5180, .T. ) ;
#5186 = ORIENTED_EDGE ( 'NONE', *, *, #5242, .F. ) ;
#5187 = ORIENTED_EDGE ( 'NONE', *, *, #5165, .F. ) ;
#5188 = ADVANCED_FACE ( 'NONE', ( #9710 ), #9740, .T. ) ;
#5189 = EDGE_CURVE ( 'NONE', #5164, #5068, #9750, .T. ) ;
#5190 = EDGE_CURVE ( 'NONE', #5205, #5170, #9741, .T. ) ;
#5191 = EDGE_CURVE ( 'NONE', #7818, #5011, #9753, .T. ) ;
#5192 = EDGE_LOOP ( 'NONE', ( #5378, #5294, #5376, #5198, #5272, #5296 ) ) ;
#5193 = ORIENTED_EDGE ( 'NONE', *, *, #5194, .T. ) ;
#5194 = EDGE_CURVE ( 'NONE', #5102, #5293, #9736, .T. ) ;
#5195 = VERTEX_POINT ( 'NONE', #9742 ) ;
#5196 = EDGE_CURVE ( 'NONE', #5195, #4943, #9731, .T. ) ;
#5197 = ORIENTED_EDGE ( 'NONE', *, *, #4944, .T. ) ;
#5198 = ORIENTED_EDGE ( 'NONE', *, *, #8557, .T. ) ;
#5199 = EDGE_CURVE ( 'NONE', #5200, #5050, #9751, .T. ) ;
#5200 = VERTEX_POINT ( 'NONE', #9717 ) ;
#5201 = EDGE_CURVE ( 'NONE', #5200, #5102, #9716, .T. ) ;
#5202 = ORIENTED_EDGE ( 'NONE', *, *, #5199, .F. ) ;
#5203 = VERTEX_POINT ( 'NONE', #9746 ) ;
#5204 = EDGE_CURVE ( 'NONE', #5293, #5375, #9722, .T. ) ;
#5205 = VERTEX_POINT ( 'NONE', #9756 ) ;
#5206 = ORIENTED_EDGE ( 'NONE', *, *, #7652, .F. ) ;
#5207 = VERTEX_POINT ( 'NONE', #9755 ) ;
#5208 = ORIENTED_EDGE ( 'NONE', *, *, #5190, .T. ) ;
#5209 = ORIENTED_EDGE ( 'NONE', *, *, #5213, .F. ) ;
#5210 = ORIENTED_EDGE ( 'NONE', *, *, #5213, .T. ) ;
#5211 = ORIENTED_EDGE ( 'NONE', *, *, #7857, .F. ) ;
#5212 = EDGE_CURVE ( 'NONE', #7504, #5066, #9754, .T. ) ;
#5213 = EDGE_CURVE ( 'NONE', #5066, #5205, #9104, .T. ) ;
#5214 = EDGE_CURVE ( 'NONE', #4437, #5056, #9780, .T. ) ;
#5215 = EDGE_CURVE ( 'NONE', #5056, #5144, #9796, .T. ) ;
#5216 = ORIENTED_EDGE ( 'NONE', *, *, #4407, .F. ) ;
#5217 = EDGE_LOOP ( 'NONE', ( #5211, #5065, #5084, #5206 ) ) ;
#5218 = ORIENTED_EDGE ( 'NONE', *, *, #4906, .T. ) ;
#5219 = ORIENTED_EDGE ( 'NONE', *, *, #5043, .F. ) ;
#5220 = VERTEX_POINT ( 'NONE', #9793 ) ;
#5221 = EDGE_CURVE ( 'NONE', #4469, #5220, #9805, .T. ) ;
#5222 = EDGE_CURVE ( 'NONE', #7572, #5220, #9794, .T. ) ;
#5223 = ORIENTED_EDGE ( 'NONE', *, *, #7571, .F. ) ;
#5224 = ORIENTED_EDGE ( 'NONE', *, *, #5029, .T. ) ;
#5225 = ORIENTED_EDGE ( 'NONE', *, *, #5214, .F. ) ;
#5226 = VERTEX_POINT ( 'NONE', #9795 ) ;
#5227 = EDGE_CURVE ( 'NONE', #5228, #4936, #9801, .T. ) ;
#5228 = VERTEX_POINT ( 'NONE', #9808 ) ;
#5229 = ADVANCED_FACE ( 'NONE', ( #9807 ), #9819, .F. ) ;
#5230 = EDGE_CURVE ( 'NONE', #5207, #5248, #9815, .T. ) ;
#5231 = EDGE_CURVE ( 'NONE', #7894, #5169, #9798, .T. ) ;
#5232 = ORIENTED_EDGE ( 'NONE', *, *, #5233, .T. ) ;
#5233 = EDGE_CURVE ( 'NONE', #5234, #5241, #9786, .T. ) ;
#5234 = VERTEX_POINT ( 'NONE', #9821 ) ;
#5235 = VERTEX_POINT ( 'NONE', #9841 ) ;
#5236 = ORIENTED_EDGE ( 'NONE', *, *, #5180, .F. ) ;
#5237 = ORIENTED_EDGE ( 'NONE', *, *, #5167, .T. ) ;
#5238 = ORIENTED_EDGE ( 'NONE', *, *, #5251, .T. ) ;
#5239 = ORIENTED_EDGE ( 'NONE', *, *, #5165, .T. ) ;
#5240 = ORIENTED_EDGE ( 'NONE', *, *, #5184, .F. ) ;
#5241 = VERTEX_POINT ( 'NONE', #9833 ) ;
#5242 = EDGE_CURVE ( 'NONE', #5169, #5170, #9835, .T. ) ;
#5243 = ORIENTED_EDGE ( 'NONE', *, *, #5189, .F. ) ;
#5244 = ORIENTED_EDGE ( 'NONE', *, *, #5230, .F. ) ;
#5245 = EDGE_LOOP ( 'NONE', ( #5232, #5238, #5239, #5124, #5154, #5121 ) ) ;
#5246 = VERTEX_POINT ( 'NONE', #9820 ) ;
#5247 = EDGE_LOOP ( 'NONE', ( #5237, #5161, #5163, #5236, #5176 ) ) ;
#5248 = VERTEX_POINT ( 'NONE', #9822 ) ;
#5249 = EDGE_CURVE ( 'NONE', #5246, #5241, #9840, .T. ) ;
#5250 = ORIENTED_EDGE ( 'NONE', *, *, #5435, .F. ) ;
#5251 = EDGE_CURVE ( 'NONE', #5241, #5082, #9849, .T. ) ;
#5252 = EDGE_CURVE ( 'NONE', #7653, #7573, #9826, .T. ) ;
#5253 = ORIENTED_EDGE ( 'NONE', *, *, #5254, .T. ) ;
#5254 = EDGE_CURVE ( 'NONE', #5363, #5256, #9832, .T. ) ;
#5255 = ADVANCED_FACE ( 'NONE', ( #9828 ), #9846, .F. ) ;
#5256 = VERTEX_POINT ( 'NONE', #9845 ) ;
#5257 = ORIENTED_EDGE ( 'NONE', *, *, #4949, .T. ) ;
#5258 = EDGE_CURVE ( 'NONE', #5401, #5259, #9854, .T. ) ;
#5259 = VERTEX_POINT ( 'NONE', #9863 ) ;
#5260 = ADVANCED_FACE ( 'NONE', ( #9867 ), #9932, .F. ) ;
#5261 = EDGE_CURVE ( 'NONE', #4828, #5203, #9950, .T. ) ;
#5262 = ORIENTED_EDGE ( 'NONE', *, *, #4761, .F. ) ;
#5263 = VERTEX_POINT ( 'NONE', #10030 ) ;
#5264 = ORIENTED_EDGE ( 'NONE', *, *, #5053, .T. ) ;
#5265 = EDGE_CURVE ( 'NONE', #5266, #4774, #9919, .T. ) ;
#5266 = VERTEX_POINT ( 'NONE', #9915 ) ;
#5267 = ORIENTED_EDGE ( 'NONE', *, *, #5268, .F. ) ;
#5268 = EDGE_CURVE ( 'NONE', #5358, #5266, #9914, .T. ) ;
#5269 = ADVANCED_FACE ( 'NONE', ( #9910 ), #9909, .F. ) ;
#5270 = ORIENTED_EDGE ( 'NONE', *, *, #5100, .T. ) ;
#5271 = ORIENTED_EDGE ( 'NONE', *, *, #5305, .T. ) ;
#5272 = ORIENTED_EDGE ( 'NONE', *, *, #7267, .T. ) ;
#5273 = ADVANCED_FACE ( 'NONE', ( #9908 ), #9989, .F. ) ;
#5274 = ORIENTED_EDGE ( 'NONE', *, *, #5275, .T. ) ;
#5275 = EDGE_CURVE ( 'NONE', #4851, #5276, #9984, .T. ) ;
#5276 = VERTEX_POINT ( 'NONE', #9980 ) ;
#5277 = ORIENTED_EDGE ( 'NONE', *, *, #5278, .F. ) ;
#5278 = EDGE_CURVE ( 'NONE', #5108, #5276, #9979, .T. ) ;
#5279 = ADVANCED_FACE ( 'NONE', ( #9975 ), #9974, .F. ) ;
#5280 = EDGE_LOOP ( 'NONE', ( #5281, #5282, #5285, #5287 ) ) ;
#5281 = ORIENTED_EDGE ( 'NONE', *, *, #5331, .T. ) ;
#5282 = ORIENTED_EDGE ( 'NONE', *, *, #5283, .F. ) ;
#5283 = EDGE_CURVE ( 'NONE', #5284, #5321, #9973, .T. ) ;
#5284 = VERTEX_POINT ( 'NONE', #10027 ) ;
#5285 = ORIENTED_EDGE ( 'NONE', *, *, #5286, .F. ) ;
#5286 = EDGE_CURVE ( 'NONE', #4773, #5284, #10025, .T. ) ;
#5287 = ORIENTED_EDGE ( 'NONE', *, *, #4688, .F. ) ;
#5288 = ADVANCED_FACE ( 'NONE', ( #10026 ), #10019, .F. ) ;
#5289 = EDGE_LOOP ( 'NONE', ( #5290, #5398, #5481, #5306 ) ) ;
#5290 = ORIENTED_EDGE ( 'NONE', *, *, #5396, .T. ) ;
#5291 = ORIENTED_EDGE ( 'NONE', *, *, #5402, .T. ) ;
#5292 = ORIENTED_EDGE ( 'NONE', *, *, #5394, .F. ) ;
#5293 = VERTEX_POINT ( 'NONE', #10015 ) ;
#5294 = ORIENTED_EDGE ( 'NONE', *, *, #8604, .T. ) ;
#5295 = ADVANCED_FACE ( 'NONE', ( #10014, #10013 ), #10076, .T. ) ;
#5296 = ORIENTED_EDGE ( 'NONE', *, *, #7269, .T. ) ;
#5297 = EDGE_LOOP ( 'NONE', ( #5384, #5304, #5352, #5385 ) ) ;
#5298 = ORIENTED_EDGE ( 'NONE', *, *, #5201, .T. ) ;
#5299 = ADVANCED_FACE ( 'NONE', ( #10075 ), #10070, .T. ) ;
#5300 = EDGE_LOOP ( 'NONE', ( #5348, #5350, #5366, #5253 ) ) ;
#5301 = EDGE_LOOP ( 'NONE', ( #5351, #5197, #5264, #5270, #5193, #5379, #5271 ) ) ;
#5302 = EDGE_LOOP ( 'NONE', ( #5262, #5380, #5390, #5218 ) ) ;
#5303 = ORIENTED_EDGE ( 'NONE', *, *, #5049, .F. ) ;
#5304 = ORIENTED_EDGE ( 'NONE', *, *, #5261, .F. ) ;
#5305 = EDGE_CURVE ( 'NONE', #5375, #5195, #10064, .T. ) ;
#5306 = ORIENTED_EDGE ( 'NONE', *, *, #5307, .F. ) ;
#5307 = EDGE_CURVE ( 'NONE', #5397, #5358, #10060, .T. ) ;
#5308 = ADVANCED_FACE ( 'NONE', ( #10055 ), #10054, .F. ) ;
#5309 = EDGE_LOOP ( 'NONE', ( #5312, #5313, #5310, #5316 ) ) ;
#5310 = ORIENTED_EDGE ( 'NONE', *, *, #5311, .F. ) ;
#5311 = EDGE_CURVE ( 'NONE', #4754, #5315, #10049, .T. ) ;
#5312 = ORIENTED_EDGE ( 'NONE', *, *, #5396, .F. ) ;
#5313 = ORIENTED_EDGE ( 'NONE', *, *, #5314, .F. ) ;
#5314 = EDGE_CURVE ( 'NONE', #5315, #5397, #10044, .T. ) ;
#5315 = VERTEX_POINT ( 'NONE', #10039 ) ;
#5316 = ORIENTED_EDGE ( 'NONE', *, *, #4758, .F. ) ;
#5317 = ADVANCED_FACE ( 'NONE', ( #10038 ), #10037, .F. ) ;
#5318 = EDGE_LOOP ( 'NONE', ( #5319, #5320, #5330, #5332 ) ) ;
#5319 = ORIENTED_EDGE ( 'NONE', *, *, #5311, .T. ) ;
#5320 = ORIENTED_EDGE ( 'NONE', *, *, #5329, .T. ) ;
#5321 = VERTEX_POINT ( 'NONE', #10036 ) ;
#5322 = ORIENTED_EDGE ( 'NONE', *, *, #5349, .F. ) ;
#5323 = ORIENTED_EDGE ( 'NONE', *, *, #5324, .T. ) ;
#5324 = EDGE_CURVE ( 'NONE', #5256, #5325, #10031, .T. ) ;
#5325 = VERTEX_POINT ( 'NONE', #10008 ) ;
#5326 = ORIENTED_EDGE ( 'NONE', *, *, #5327, .T. ) ;
#5327 = EDGE_CURVE ( 'NONE', #5325, #4735, #10007, .T. ) ;
#5328 = EDGE_LOOP ( 'NONE', ( #5274, #5277, #5584, #5506 ) ) ;
#5329 = EDGE_CURVE ( 'NONE', #5315, #5321, #10003, .T. ) ;
#5330 = ORIENTED_EDGE ( 'NONE', *, *, #5331, .F. ) ;
#5331 = EDGE_CURVE ( 'NONE', #4869, #5321, #9999, .T. ) ;
#5332 = ORIENTED_EDGE ( 'NONE', *, *, #4850, .F. ) ;
#5333 = ORIENTED_EDGE ( 'NONE', *, *, #5334, .F. ) ;
#5334 = EDGE_CURVE ( 'NONE', #5266, #5284, #9994, .T. ) ;
#5335 = ORIENTED_EDGE ( 'NONE', *, *, #5265, .T. ) ;
#5336 = ORIENTED_EDGE ( 'NONE', *, *, #4769, .F. ) ;
#5337 = ADVANCED_FACE ( 'NONE', ( #9857 ), #9866, .T. ) ;
#5338 = EDGE_LOOP ( 'NONE', ( #5339, #5474, #5479, #5508 ) ) ;
#5339 = ORIENTED_EDGE ( 'NONE', *, *, #5424, .F. ) ;
#5340 = VERTEX_POINT ( 'NONE', #9858 ) ;
#5341 = ORIENTED_EDGE ( 'NONE', *, *, #4912, .F. ) ;
#5342 = EDGE_LOOP ( 'NONE', ( #5355, #5343, #5362, #5388, #5389, #5370 ) ) ;
#5343 = ORIENTED_EDGE ( 'NONE', *, *, #8605, .T. ) ;
#5344 = ORIENTED_EDGE ( 'NONE', *, *, #5345, .T. ) ;
#5345 = EDGE_CURVE ( 'NONE', #5259, #5403, #9865, .T. ) ;
#5346 = ORIENTED_EDGE ( 'NONE', *, *, #5394, .T. ) ;
#5347 = ADVANCED_FACE ( 'NONE', ( #9874, #9873 ), #9868, .T. ) ;
#5348 = ORIENTED_EDGE ( 'NONE', *, *, #5349, .T. ) ;
#5349 = EDGE_CURVE ( 'NONE', #5256, #4940, #9887, .T. ) ;
#5350 = ORIENTED_EDGE ( 'NONE', *, *, #5402, .F. ) ;
#5351 = ORIENTED_EDGE ( 'NONE', *, *, #5196, .T. ) ;
#5352 = ORIENTED_EDGE ( 'NONE', *, *, #4834, .T. ) ;
#5353 = EDGE_LOOP ( 'NONE', ( #5291, #5257, #5367, #5399, #5368, #5344, #5346 ) ) ;
#5354 = VERTEX_POINT ( 'NONE', #9883 ) ;
#5355 = ORIENTED_EDGE ( 'NONE', *, *, #4893, .F. ) ;
#5356 = ORIENTED_EDGE ( 'NONE', *, *, #5357, .T. ) ;
#5357 = EDGE_CURVE ( 'NONE', #5358, #4759, #9882, .T. ) ;
#5358 = VERTEX_POINT ( 'NONE', #9872 ) ;
#5359 = ORIENTED_EDGE ( 'NONE', *, *, #4756, .F. ) ;
#5360 = ORIENTED_EDGE ( 'NONE', *, *, #5265, .F. ) ;
#5361 = ORIENTED_EDGE ( 'NONE', *, *, #5371, .F. ) ;
#5362 = ORIENTED_EDGE ( 'NONE', *, *, #8612, .T. ) ;
#5363 = VERTEX_POINT ( 'NONE', #9871 ) ;
#5364 = ORIENTED_EDGE ( 'NONE', *, *, #5365, .T. ) ;
#5365 = EDGE_CURVE ( 'NONE', #5363, #5387, #9870, .T. ) ;
#5366 = ORIENTED_EDGE ( 'NONE', *, *, #5365, .F. ) ;
#5367 = ORIENTED_EDGE ( 'NONE', *, *, #5400, .T. ) ;
#5368 = ORIENTED_EDGE ( 'NONE', *, *, #5258, .T. ) ;
#5369 = EDGE_LOOP ( 'NONE', ( #5292, #5361, #5373, #5364 ) ) ;
#5370 = ORIENTED_EDGE ( 'NONE', *, *, #8539, .T. ) ;
#5371 = EDGE_CURVE ( 'NONE', #5372, #5403, #9892, .T. ) ;
#5372 = VERTEX_POINT ( 'NONE', #9888 ) ;
#5373 = ORIENTED_EDGE ( 'NONE', *, *, #5374, .F. ) ;
#5374 = EDGE_CURVE ( 'NONE', #5363, #5372, #9757, .T. ) ;
#5375 = VERTEX_POINT ( 'NONE', #9899 ) ;
#5376 = ORIENTED_EDGE ( 'NONE', *, *, #8573, .F. ) ;
#5377 = EDGE_LOOP ( 'NONE', ( #5356, #5359, #5360, #5267 ) ) ;
#5378 = ORIENTED_EDGE ( 'NONE', *, *, #8538, .T. ) ;
#5379 = ORIENTED_EDGE ( 'NONE', *, *, #5204, .T. ) ;
#5380 = ORIENTED_EDGE ( 'NONE', *, *, #5381, .F. ) ;
#5381 = EDGE_CURVE ( 'NONE', #5263, #4847, #10288, .T. ) ;
#5382 = EDGE_CURVE ( 'NONE', #5203, #4943, #10078, .T. ) ;
#5383 = ADVANCED_FACE ( 'NONE', ( #10077 ), #10128, .F. ) ;
#5384 = ORIENTED_EDGE ( 'NONE', *, *, #5382, .F. ) ;
#5385 = ORIENTED_EDGE ( 'NONE', *, *, #4924, .T. ) ;
#5386 = EDGE_CURVE ( 'NONE', #5354, #5401, #10095, .T. ) ;
#5387 = VERTEX_POINT ( 'NONE', #10129 ) ;
#5388 = ORIENTED_EDGE ( 'NONE', *, *, #8487, .T. ) ;
#5389 = ORIENTED_EDGE ( 'NONE', *, *, #8479, .T. ) ;
#5390 = ORIENTED_EDGE ( 'NONE', *, *, #5391, .F. ) ;
#5391 = EDGE_CURVE ( 'NONE', #4921, #5263, #10090, .T. ) ;
#5392 = EDGE_LOOP ( 'NONE', ( #5393, #5333, #5335, #5336 ) ) ;
#5393 = ORIENTED_EDGE ( 'NONE', *, *, #5286, .T. ) ;
#5394 = EDGE_CURVE ( 'NONE', #5403, #5387, #10083, .T. ) ;
#5395 = ADVANCED_FACE ( 'NONE', ( #10084 ), #10079, .T. ) ;
#5396 = EDGE_CURVE ( 'NONE', #5397, #4764, #10283, .T. ) ;
#5397 = VERTEX_POINT ( 'NONE', #10278 ) ;
#5398 = ORIENTED_EDGE ( 'NONE', *, *, #4849, .F. ) ;
#5399 = ORIENTED_EDGE ( 'NONE', *, *, #5386, .T. ) ;
#5400 = EDGE_CURVE ( 'NONE', #4921, #5354, #10277, .T. ) ;
#5401 = VERTEX_POINT ( 'NONE', #10273 ) ;
#5402 = EDGE_CURVE ( 'NONE', #5387, #4940, #10272, .T. ) ;
#5403 = VERTEX_POINT ( 'NONE', #10268 ) ;
#5404 = ORIENTED_EDGE ( 'NONE', *, *, #5405, .F. ) ;
#5405 = EDGE_CURVE ( 'NONE', #5406, #5597, #10267, .T. ) ;
#5406 = VERTEX_POINT ( 'NONE', #10262 ) ;
#5407 = ORIENTED_EDGE ( 'NONE', *, *, #5581, .T. ) ;
#5408 = ORIENTED_EDGE ( 'NONE', *, *, #4480, .F. ) ;
#5409 = ORIENTED_EDGE ( 'NONE', *, *, #5580, .F. ) ;
#5410 = ORIENTED_EDGE ( 'NONE', *, *, #5569, .F. ) ;
#5411 = ORIENTED_EDGE ( 'NONE', *, *, #5278, .T. ) ;
#5412 = ORIENTED_EDGE ( 'NONE', *, *, #5382, .T. ) ;
#5413 = ORIENTED_EDGE ( 'NONE', *, *, #5570, .F. ) ;
#5414 = EDGE_LOOP ( 'NONE', ( #5419, #5407, #5412, #5420, #5413 ) ) ;
#5415 = EDGE_LOOP ( 'NONE', ( #5568, #5421, #5422, #5423 ) ) ;
#5416 = ADVANCED_FACE ( 'NONE', ( #10261 ), #10259, .T. ) ;
#5417 = ORIENTED_EDGE ( 'NONE', *, *, #5305, .F. ) ;
#5418 = EDGE_LOOP ( 'NONE', ( #5579, #5574, #5575, #5582, #5573 ) ) ;
#5419 = ORIENTED_EDGE ( 'NONE', *, *, #4491, .T. ) ;
#5420 = ORIENTED_EDGE ( 'NONE', *, *, #5196, .F. ) ;
#5421 = ORIENTED_EDGE ( 'NONE', *, *, #5576, .F. ) ;
#5422 = ORIENTED_EDGE ( 'NONE', *, *, #4546, .F. ) ;
#5423 = ORIENTED_EDGE ( 'NONE', *, *, #5569, .T. ) ;
#5424 = EDGE_CURVE ( 'NONE', #5340, #4937, #10255, .T. ) ;
#5425 = EDGE_LOOP ( 'NONE', ( #5528, #5529, #5530, #5531, #5514 ) ) ;
#5426 = EDGE_LOOP ( 'NONE', ( #5434, #5437, #5438, #5489 ) ) ;
#5427 = EDGE_LOOP ( 'NONE', ( #5512, #5432, #5635, #5485, #5513, #5501 ) ) ;
#5428 = ORIENTED_EDGE ( 'NONE', *, *, #5490, .F. ) ;
#5429 = ORIENTED_EDGE ( 'NONE', *, *, #4768, .T. ) ;
#5430 = ADVANCED_FACE ( 'NONE', ( #10251, #10250 ), #10249, .F. ) ;
#5431 = ORIENTED_EDGE ( 'NONE', *, *, #5503, .F. ) ;
#5432 = ORIENTED_EDGE ( 'NONE', *, *, #5283, .T. ) ;
#5433 = ADVANCED_FACE ( 'NONE', ( #10243 ), #10242, .T. ) ;
#5434 = ORIENTED_EDGE ( 'NONE', *, *, #5258, .F. ) ;
#5435 = EDGE_CURVE ( 'NONE', #5248, #7894, #10238, .T. ) ;
#5436 = EDGE_LOOP ( 'NONE', ( #4683, #5600, #5630, #5631 ) ) ;
#5437 = ORIENTED_EDGE ( 'NONE', *, *, #5587, .F. ) ;
#5438 = ORIENTED_EDGE ( 'NONE', *, *, #4765, .F. ) ;
#5439 = ORIENTED_EDGE ( 'NONE', *, *, #5502, .F. ) ;
#5440 = ORIENTED_EDGE ( 'NONE', *, *, #5021, .T. ) ;
#5441 = ORIENTED_EDGE ( 'NONE', *, *, #5442, .F. ) ;
#5442 = EDGE_CURVE ( 'NONE', #5263, #4946, #10234, .T. ) ;
#5443 = VERTEX_POINT ( 'NONE', #10230 ) ;
#5444 = ORIENTED_EDGE ( 'NONE', *, *, #4868, .T. ) ;
#5445 = EDGE_LOOP ( 'NONE', ( #5463, #5448, #5470, #5455 ) ) ;
#5446 = EDGE_CURVE ( 'NONE', #5464, #5443, #10229, .T. ) ;
#5447 = ORIENTED_EDGE ( 'NONE', *, *, #5565, .F. ) ;
#5448 = ORIENTED_EDGE ( 'NONE', *, *, #5449, .T. ) ;
#5449 = EDGE_CURVE ( 'NONE', #5464, #5450, #10139, .T. ) ;
#5450 = VERTEX_POINT ( 'NONE', #10135 ) ;
#5451 = ORIENTED_EDGE ( 'NONE', *, *, #5452, .F. ) ;
#5452 = EDGE_CURVE ( 'NONE', #5453, #4649, #10134, .T. ) ;
#5453 = VERTEX_POINT ( 'NONE', #10130 ) ;
#5454 = ORIENTED_EDGE ( 'NONE', *, *, #5561, .T. ) ;
#5455 = ORIENTED_EDGE ( 'NONE', *, *, #5460, .F. ) ;
#5456 = EDGE_LOOP ( 'NONE', ( #5461, #5451, #5454, #5562 ) ) ;
#5457 = ORIENTED_EDGE ( 'NONE', *, *, #5458, .F. ) ;
#5458 = EDGE_CURVE ( 'NONE', #4456, #5467, #10309, .T. ) ;
#5459 = ORIENTED_EDGE ( 'NONE', *, *, #4453, .F. ) ;
#5460 = EDGE_CURVE ( 'NONE', #5443, #5472, #10305, .T. ) ;
#5461 = ORIENTED_EDGE ( 'NONE', *, *, #4697, .T. ) ;
#5462 = ADVANCED_FACE ( 'NONE', ( #10301, #10300 ), #10299, .T. ) ;
#5463 = ORIENTED_EDGE ( 'NONE', *, *, #5446, .F. ) ;
#5464 = VERTEX_POINT ( 'NONE', #10294 ) ;
#5465 = ORIENTED_EDGE ( 'NONE', *, *, #5466, .F. ) ;
#5466 = EDGE_CURVE ( 'NONE', #5467, #5453, #10293, .T. ) ;
#5467 = VERTEX_POINT ( 'NONE', #10289 ) ;
#5468 = ORIENTED_EDGE ( 'NONE', *, *, #5469, .F. ) ;
#5469 = EDGE_CURVE ( 'NONE', #4696, #8349, #10159, .T. ) ;
#5470 = ORIENTED_EDGE ( 'NONE', *, *, #5471, .T. ) ;
#5471 = EDGE_CURVE ( 'NONE', #5450, #5472, #10155, .T. ) ;
#5472 = VERTEX_POINT ( 'NONE', #10151 ) ;
#5473 = ORIENTED_EDGE ( 'NONE', *, *, #5561, .F. ) ;
#5474 = ORIENTED_EDGE ( 'NONE', *, *, #5486, .T. ) ;
#5475 = ORIENTED_EDGE ( 'NONE', *, *, #5381, .T. ) ;
#5476 = ORIENTED_EDGE ( 'NONE', *, *, #4846, .F. ) ;
#5477 = ORIENTED_EDGE ( 'NONE', *, *, #5478, .F. ) ;
#5478 = EDGE_CURVE ( 'NONE', #5482, #5487, #10150, .T. ) ;
#5479 = ORIENTED_EDGE ( 'NONE', *, *, #5227, .T. ) ;
#5480 = ADVANCED_FACE ( 'NONE', ( #10146 ), #10145, .F. ) ;
#5481 = ORIENTED_EDGE ( 'NONE', *, *, #5357, .F. ) ;
#5482 = VERTEX_POINT ( 'NONE', #10144 ) ;
#5483 = ORIENTED_EDGE ( 'NONE', *, *, #5324, .F. ) ;
#5484 = ORIENTED_EDGE ( 'NONE', *, *, #5503, .T. ) ;
#5485 = ORIENTED_EDGE ( 'NONE', *, *, #5314, .T. ) ;
#5486 = EDGE_CURVE ( 'NONE', #5340, #5228, #10225, .T. ) ;
#5487 = VERTEX_POINT ( 'NONE', #10220 ) ;
#5488 = EDGE_CURVE ( 'NONE', #4927, #5354, #10219, .T. ) ;
#5489 = ORIENTED_EDGE ( 'NONE', *, *, #5490, .T. ) ;
#5490 = EDGE_CURVE ( 'NONE', #4771, #5259, #10215, .T. ) ;
#5491 = ADVANCED_FACE ( 'NONE', ( #10211 ), #10209, .T. ) ;
#5492 = EDGE_LOOP ( 'NONE', ( #5493, #5495, #5428, #5429, #5509 ) ) ;
#5493 = ORIENTED_EDGE ( 'NONE', *, *, #5371, .T. ) ;
#5494 = ADVANCED_FACE ( 'NONE', ( #10204 ), #10210, .T. ) ;
#5495 = ORIENTED_EDGE ( 'NONE', *, *, #5345, .F. ) ;
#5496 = ORIENTED_EDGE ( 'NONE', *, *, #5497, .F. ) ;
#5497 = EDGE_CURVE ( 'NONE', #5325, #4757, #10167, .T. ) ;
#5498 = ADVANCED_FACE ( 'NONE', ( #10160 ), #10193, .T. ) ;
#5499 = EDGE_LOOP ( 'NONE', ( #5500, #5477, #5409, #5411 ) ) ;
#5500 = ORIENTED_EDGE ( 'NONE', *, *, #5525, .F. ) ;
#5501 = ORIENTED_EDGE ( 'NONE', *, *, #5268, .T. ) ;
#5502 = EDGE_CURVE ( 'NONE', #4775, #5372, #10188, .T. ) ;
#5503 = EDGE_CURVE ( 'NONE', #5256, #5263, #10184, .T. ) ;
#5504 = ORIENTED_EDGE ( 'NONE', *, *, #5254, .F. ) ;
#5505 = EDGE_LOOP ( 'NONE', ( #5439, #5440, #5441, #5431, #5504, #5526 ) ) ;
#5506 = ORIENTED_EDGE ( 'NONE', *, *, #4753, .T. ) ;
#5507 = EDGE_CURVE ( 'NONE', #4757, #5108, #10180, .T. ) ;
#5508 = ORIENTED_EDGE ( 'NONE', *, *, #4915, .F. ) ;
#5509 = ORIENTED_EDGE ( 'NONE', *, *, #5502, .T. ) ;
#5510 = ADVANCED_FACE ( 'NONE', ( #10176 ), #10175, .F. ) ;
#5511 = EDGE_LOOP ( 'NONE', ( #5483, #5484, #5475, #5476, #5496 ) ) ;
#5512 = ORIENTED_EDGE ( 'NONE', *, *, #5334, .T. ) ;
#5513 = ORIENTED_EDGE ( 'NONE', *, *, #5307, .T. ) ;
#5514 = ORIENTED_EDGE ( 'NONE', *, *, #5488, .T. ) ;
#5515 = EDGE_CURVE ( 'NONE', #5597, #5169, #9902, .T. ) ;
#5516 = ORIENTED_EDGE ( 'NONE', *, *, #7798, .T. ) ;
#5517 = ORIENTED_EDGE ( 'NONE', *, *, #5596, .T. ) ;
#5518 = ADVANCED_FACE ( 'NONE', ( #9898 ), #9897, .T. ) ;
#5519 = EDGE_LOOP ( 'NONE', ( #5520, #6202, #6203, #6042, #6267 ) ) ;
#5520 = ORIENTED_EDGE ( 'NONE', *, *, #5521, .F. ) ;
#5521 = EDGE_CURVE ( 'NONE', #5617, #5522, #10342, .T. ) ;
#5522 = VERTEX_POINT ( 'NONE', #10357 ) ;
#5523 = ORIENTED_EDGE ( 'NONE', *, *, #5524, .F. ) ;
#5524 = EDGE_CURVE ( 'NONE', #5610, #5605, #10362, .T. ) ;
#5525 = EDGE_CURVE ( 'NONE', #5487, #5276, #10365, .T. ) ;
#5526 = ORIENTED_EDGE ( 'NONE', *, *, #5374, .T. ) ;
#5527 = ADVANCED_FACE ( 'NONE', ( #10366 ), #10343, .T. ) ;
#5528 = ORIENTED_EDGE ( 'NONE', *, *, #5400, .F. ) ;
#5529 = ORIENTED_EDGE ( 'NONE', *, *, #5391, .T. ) ;
#5530 = ORIENTED_EDGE ( 'NONE', *, *, #5442, .T. ) ;
#5531 = ORIENTED_EDGE ( 'NONE', *, *, #4932, .T. ) ;
#5532 = EDGE_LOOP ( 'NONE', ( #5633, #5634, #5585, #5586 ) ) ;
#5533 = ORIENTED_EDGE ( 'NONE', *, *, #5607, .F. ) ;
#5534 = ADVANCED_FACE ( 'NONE', ( #10355 ), #10350, .T. ) ;
#5535 = EDGE_LOOP ( 'NONE', ( #5536, #5537, #5540, #5542 ) ) ;
#5536 = ORIENTED_EDGE ( 'NONE', *, *, #5628, .F. ) ;
#5537 = ORIENTED_EDGE ( 'NONE', *, *, #5538, .F. ) ;
#5538 = EDGE_CURVE ( 'NONE', #5539, #5626, #10345, .T. ) ;
#5539 = VERTEX_POINT ( 'NONE', #10324 ) ;
#5540 = ORIENTED_EDGE ( 'NONE', *, *, #5541, .T. ) ;
#5541 = EDGE_CURVE ( 'NONE', #5539, #7776, #10323, .T. ) ;
#5542 = ORIENTED_EDGE ( 'NONE', *, *, #7775, .T. ) ;
#5543 = ADVANCED_FACE ( 'NONE', ( #10319 ), #10318, .T. ) ;
#5544 = EDGE_LOOP ( 'NONE', ( #5545, #5602, #5603, #5523, #5611 ) ) ;
#5545 = ORIENTED_EDGE ( 'NONE', *, *, #5601, .T. ) ;
#5546 = VERTEX_POINT ( 'NONE', #10316 ) ;
#5547 = ADVANCED_FACE ( 'NONE', ( #10340 ), #10315, .T. ) ;
#5548 = ORIENTED_EDGE ( 'NONE', *, *, #5751, .F. ) ;
#5549 = ORIENTED_EDGE ( 'NONE', *, *, #5550, .F. ) ;
#5550 = EDGE_CURVE ( 'NONE', #5725, #5733, #10335, .T. ) ;
#5551 = EDGE_CURVE ( 'NONE', #5636, #5725, #10331, .T. ) ;
#5552 = ADVANCED_FACE ( 'NONE', ( #278 ), #281, .T. ) ;
#5553 = EDGE_LOOP ( 'NONE', ( #5554, #5557, #5558, #5559 ) ) ;
#5554 = ORIENTED_EDGE ( 'NONE', *, *, #5555, .F. ) ;
#5555 = EDGE_CURVE ( 'NONE', #7733, #5556, #286, .T. ) ;
#5556 = VERTEX_POINT ( 'NONE', #277 ) ;
#5557 = ORIENTED_EDGE ( 'NONE', *, *, #7743, .T. ) ;
#5558 = ORIENTED_EDGE ( 'NONE', *, *, #5677, .T. ) ;
#5559 = ORIENTED_EDGE ( 'NONE', *, *, #5560, .F. ) ;
#5560 = EDGE_CURVE ( 'NONE', #5556, #5636, #282, .T. ) ;
#5561 = EDGE_CURVE ( 'NONE', #5453, #4576, #273, .T. ) ;
#5562 = ORIENTED_EDGE ( 'NONE', *, *, #4540, .F. ) ;
#5563 = ADVANCED_FACE ( 'NONE', ( #10388 ), #10371, .F. ) ;
#5564 = EDGE_LOOP ( 'NONE', ( #5465, #5457, #5459, #5473 ) ) ;
#5565 = EDGE_CURVE ( 'NONE', #4649, #4870, #10381, .T. ) ;
#5566 = EDGE_LOOP ( 'NONE', ( #5322, #5323, #5326, #5341 ) ) ;
#5567 = ADVANCED_FACE ( 'NONE', ( #10373 ), #10370, .T. ) ;
#5568 = ORIENTED_EDGE ( 'NONE', *, *, #5204, .F. ) ;
#5569 = EDGE_CURVE ( 'NONE', #4544, #5375, #10385, .T. ) ;
#5570 = EDGE_CURVE ( 'NONE', #4514, #5195, #10394, .T. ) ;
#5571 = ADVANCED_FACE ( 'NONE', ( #16 ), #8, .T. ) ;
#5572 = EDGE_CURVE ( 'NONE', #5200, #4505, #5, .T. ) ;
#5573 = ORIENTED_EDGE ( 'NONE', *, *, #4497, .T. ) ;
#5574 = ORIENTED_EDGE ( 'NONE', *, *, #5194, .F. ) ;
#5575 = ORIENTED_EDGE ( 'NONE', *, *, #5201, .F. ) ;
#5576 = EDGE_CURVE ( 'NONE', #4500, #5293, #23, .T. ) ;
#5577 = ORIENTED_EDGE ( 'NONE', *, *, #5570, .T. ) ;
#5578 = ADVANCED_FACE ( 'NONE', ( #20 ), #21, .T. ) ;
#5579 = ORIENTED_EDGE ( 'NONE', *, *, #5576, .T. ) ;
#5580 = EDGE_CURVE ( 'NONE', #5108, #5482, #26, .T. ) ;
#5581 = EDGE_CURVE ( 'NONE', #4508, #5203, #22, .T. ) ;
#5582 = ORIENTED_EDGE ( 'NONE', *, *, #5572, .T. ) ;
#5583 = EDGE_LOOP ( 'NONE', ( #5417, #5410, #5408, #5577 ) ) ;
#5584 = ORIENTED_EDGE ( 'NONE', *, *, #5507, .F. ) ;
#5585 = ORIENTED_EDGE ( 'NONE', *, *, #4933, .F. ) ;
#5586 = ORIENTED_EDGE ( 'NONE', *, *, #5587, .T. ) ;
#5587 = EDGE_CURVE ( 'NONE', #4770, #5401, #98, .T. ) ;
#5588 = ADVANCED_FACE ( 'NONE', ( #60 ), #29, .T. ) ;
#5589 = EDGE_LOOP ( 'NONE', ( #5590, #5593, #5595, #4687, #4676, #4685 ) ) ;
#5590 = ORIENTED_EDGE ( 'NONE', *, *, #5591, .F. ) ;
#5591 = EDGE_CURVE ( 'NONE', #5592, #5467, #95, .T. ) ;
#5592 = VERTEX_POINT ( 'NONE', #96 ) ;
#5593 = ORIENTED_EDGE ( 'NONE', *, *, #5594, .T. ) ;
#5594 = EDGE_CURVE ( 'NONE', #5592, #8346, #111, .T. ) ;
#5595 = ORIENTED_EDGE ( 'NONE', *, *, #8345, .T. ) ;
#5596 = EDGE_CURVE ( 'NONE', #7740, #5597, #48, .T. ) ;
#5597 = VERTEX_POINT ( 'NONE', #49 ) ;
#5598 = ADVANCED_FACE ( 'NONE', ( #83 ), #81, .T. ) ;
#5599 = EDGE_LOOP ( 'NONE', ( #5516, #5517, #5404, #5606 ) ) ;
#5600 = ORIENTED_EDGE ( 'NONE', *, *, #7739, .T. ) ;
#5601 = EDGE_CURVE ( 'NONE', #5546, #7776, #70, .T. ) ;
#5602 = ORIENTED_EDGE ( 'NONE', *, *, #5541, .F. ) ;
#5603 = ORIENTED_EDGE ( 'NONE', *, *, #5604, .F. ) ;
#5604 = EDGE_CURVE ( 'NONE', #5605, #5539, #99, .T. ) ;
#5605 = VERTEX_POINT ( 'NONE', #104 ) ;
#5606 = ORIENTED_EDGE ( 'NONE', *, *, #5607, .T. ) ;
#5607 = EDGE_CURVE ( 'NONE', #5406, #7897, #103, .T. ) ;
#5608 = ADVANCED_FACE ( 'NONE', ( #114 ), #113, .T. ) ;
#5609 = EDGE_LOOP ( 'NONE', ( #5624, #5627, #5629, #5533 ) ) ;
#5610 = VERTEX_POINT ( 'NONE', #77 ) ;
#5611 = ORIENTED_EDGE ( 'NONE', *, *, #5612, .F. ) ;
#5612 = EDGE_CURVE ( 'NONE', #5546, #5610, #69, .T. ) ;
#5613 = ADVANCED_FACE ( 'NONE', ( #65 ), #64, .F. ) ;
#5614 = EDGE_LOOP ( 'NONE', ( #5615, #5618, #5619, #5622 ) ) ;
#5615 = ORIENTED_EDGE ( 'NONE', *, *, #5616, .F. ) ;
#5616 = EDGE_CURVE ( 'NONE', #5610, #5617, #33, .T. ) ;
#5617 = VERTEX_POINT ( 'NONE', #94 ) ;
#5618 = ORIENTED_EDGE ( 'NONE', *, *, #5524, .T. ) ;
#5619 = ORIENTED_EDGE ( 'NONE', *, *, #5620, .T. ) ;
#5620 = EDGE_CURVE ( 'NONE', #5605, #5621, #93, .T. ) ;
#5621 = VERTEX_POINT ( 'NONE', #89 ) ;
#5622 = ORIENTED_EDGE ( 'NONE', *, *, #5623, .T. ) ;
#5623 = EDGE_CURVE ( 'NONE', #5621, #5617, #46, .T. ) ;
#5624 = ORIENTED_EDGE ( 'NONE', *, *, #5625, .F. ) ;
#5625 = EDGE_CURVE ( 'NONE', #5626, #5406, #42, .T. ) ;
#5626 = VERTEX_POINT ( 'NONE', #38 ) ;
#5627 = ORIENTED_EDGE ( 'NONE', *, *, #5628, .T. ) ;
#5628 = EDGE_CURVE ( 'NONE', #5626, #7834, #37, .T. ) ;
#5629 = ORIENTED_EDGE ( 'NONE', *, *, #7833, .T. ) ;
#5630 = ORIENTED_EDGE ( 'NONE', *, *, #5231, .T. ) ;
#5631 = ORIENTED_EDGE ( 'NONE', *, *, #5515, .F. ) ;
#5632 = ADVANCED_FACE ( 'NONE', ( #55 ), #54, .T. ) ;
#5633 = ORIENTED_EDGE ( 'NONE', *, *, #5386, .F. ) ;
#5634 = ORIENTED_EDGE ( 'NONE', *, *, #5488, .F. ) ;
#5635 = ORIENTED_EDGE ( 'NONE', *, *, #5329, .F. ) ;
#5636 = VERTEX_POINT ( 'NONE', #139 ) ;
#5637 = ORIENTED_EDGE ( 'NONE', *, *, #7709, .T. ) ;
#5638 = VERTEX_POINT ( 'NONE', #212 ) ;
#5639 = EDGE_LOOP ( 'NONE', ( #5640, #5548, #5549, #5726, #5692 ) ) ;
#5640 = ORIENTED_EDGE ( 'NONE', *, *, #7771, .F. ) ;
#5641 = EDGE_CURVE ( 'NONE', #7558, #7706, #213, .T. ) ;
#5642 = ORIENTED_EDGE ( 'NONE', *, *, #5735, .F. ) ;
#5643 = ORIENTED_EDGE ( 'NONE', *, *, #5724, .F. ) ;
#5644 = ADVANCED_FACE ( 'NONE', ( #161 ), #181, .F. ) ;
#5645 = EDGE_CURVE ( 'NONE', #7706, #5725, #199, .T. ) ;
#5646 = EDGE_LOOP ( 'NONE', ( #5647, #5648, #5642, #5736 ) ) ;
#5647 = ORIENTED_EDGE ( 'NONE', *, *, #7685, .T. ) ;
#5648 = ORIENTED_EDGE ( 'NONE', *, *, #5555, .T. ) ;
#5649 = VERTEX_POINT ( 'NONE', #233 ) ;
#5650 = EDGE_CURVE ( 'NONE', #5658, #5651, #203, .T. ) ;
#5651 = VERTEX_POINT ( 'NONE', #204 ) ;
#5652 = ORIENTED_EDGE ( 'NONE', *, *, #5653, .T. ) ;
#5653 = EDGE_CURVE ( 'NONE', #5651, #5754, #180, .T. ) ;
#5654 = EDGE_CURVE ( 'NONE', #5734, #5762, #135, .T. ) ;
#5655 = ORIENTED_EDGE ( 'NONE', *, *, #5654, .T. ) ;
#5656 = EDGE_CURVE ( 'NONE', #5657, #5658, #176, .T. ) ;
#5657 = VERTEX_POINT ( 'NONE', #234 ) ;
#5658 = VERTEX_POINT ( 'NONE', #174 ) ;
#5659 = ORIENTED_EDGE ( 'NONE', *, *, #5650, .T. ) ;
#5660 = ORIENTED_EDGE ( 'NONE', *, *, #5752, .T. ) ;
#5661 = EDGE_CURVE ( 'NONE', #5686, #5662, #130, .T. ) ;
#5662 = VERTEX_POINT ( 'NONE', #230 ) ;
#5663 = VERTEX_POINT ( 'NONE', #220 ) ;
#5664 = ORIENTED_EDGE ( 'NONE', *, *, #5681, .T. ) ;
#5665 = ORIENTED_EDGE ( 'NONE', *, *, #5666, .T. ) ;
#5666 = EDGE_CURVE ( 'NONE', #5719, #5682, #219, .T. ) ;
#5667 = EDGE_LOOP ( 'NONE', ( #5782, #5684, #5691, #5674 ) ) ;
#5668 = VERTEX_POINT ( 'NONE', #211 ) ;
#5669 = ORIENTED_EDGE ( 'NONE', *, *, #5625, .T. ) ;
#5670 = ORIENTED_EDGE ( 'NONE', *, *, #5405, .T. ) ;
#5671 = ORIENTED_EDGE ( 'NONE', *, *, #5515, .T. ) ;
#5672 = ORIENTED_EDGE ( 'NONE', *, *, #5242, .T. ) ;
#5673 = ORIENTED_EDGE ( 'NONE', *, *, #5190, .F. ) ;
#5674 = ORIENTED_EDGE ( 'NONE', *, *, #5763, .T. ) ;
#5675 = EDGE_LOOP ( 'NONE', ( #5676, #5637, #5728, #5729 ) ) ;
#5676 = ORIENTED_EDGE ( 'NONE', *, *, #5677, .F. ) ;
#5677 = EDGE_CURVE ( 'NONE', #7710, #5636, #218, .T. ) ;
#5678 = ORIENTED_EDGE ( 'NONE', *, *, #5086, .T. ) ;
#5679 = ORIENTED_EDGE ( 'NONE', *, *, #7486, .F. ) ;
#5680 = ORIENTED_EDGE ( 'NONE', *, *, #5252, .T. ) ;
#5681 = EDGE_CURVE ( 'NONE', #5663, #5668, #210, .T. ) ;
#5682 = VERTEX_POINT ( 'NONE', #150 ) ;
#5683 = VERTEX_POINT ( 'NONE', #149 ) ;
#5684 = ORIENTED_EDGE ( 'NONE', *, *, #5685, .T. ) ;
#5685 = EDGE_CURVE ( 'NONE', #5683, #5686, #138, .T. ) ;
#5686 = VERTEX_POINT ( 'NONE', #238 ) ;
#5687 = ORIENTED_EDGE ( 'NONE', *, *, #6261, .T. ) ;
#5688 = ORIENTED_EDGE ( 'NONE', *, *, #5620, .F. ) ;
#5689 = ORIENTED_EDGE ( 'NONE', *, *, #5604, .T. ) ;
#5690 = ORIENTED_EDGE ( 'NONE', *, *, #5538, .T. ) ;
#5691 = ORIENTED_EDGE ( 'NONE', *, *, #5661, .T. ) ;
#5692 = ORIENTED_EDGE ( 'NONE', *, *, #5641, .F. ) ;
#5693 = ORIENTED_EDGE ( 'NONE', *, *, #4863, .T. ) ;
#5694 = ORIENTED_EDGE ( 'NONE', *, *, #4710, .T. ) ;
#5695 = ORIENTED_EDGE ( 'NONE', *, *, #4749, .T. ) ;
#5696 = ORIENTED_EDGE ( 'NONE', *, *, #4580, .T. ) ;
#5697 = ORIENTED_EDGE ( 'NONE', *, *, #4532, .T. ) ;
#5698 = ORIENTED_EDGE ( 'NONE', *, *, #4584, .T. ) ;
#5699 = ORIENTED_EDGE ( 'NONE', *, *, #7700, .F. ) ;
#5700 = VERTEX_POINT ( 'NONE', #237 ) ;
#5701 = ORIENTED_EDGE ( 'NONE', *, *, #5591, .T. ) ;
#5702 = ORIENTED_EDGE ( 'NONE', *, *, #5452, .T. ) ;
#5703 = ORIENTED_EDGE ( 'NONE', *, *, #5565, .T. ) ;
#5704 = ORIENTED_EDGE ( 'NONE', *, *, #4690, .T. ) ;
#5705 = ORIENTED_EDGE ( 'NONE', *, *, #5466, .T. ) ;
#5706 = ORIENTED_EDGE ( 'NONE', *, *, #4975, .F. ) ;
#5707 = ORIENTED_EDGE ( 'NONE', *, *, #4681, .T. ) ;
#5708 = ORIENTED_EDGE ( 'NONE', *, *, #4979, .T. ) ;
#5709 = ORIENTED_EDGE ( 'NONE', *, *, #5000, .T. ) ;
#5710 = ORIENTED_EDGE ( 'NONE', *, *, #5010, .T. ) ;
#5711 = ORIENTED_EDGE ( 'NONE', *, *, #5098, .T. ) ;
#5712 = ORIENTED_EDGE ( 'NONE', *, *, #5222, .T. ) ;
#5713 = ORIENTED_EDGE ( 'NONE', *, *, #7648, .T. ) ;
#5714 = ORIENTED_EDGE ( 'NONE', *, *, #5045, .T. ) ;
#5715 = ORIENTED_EDGE ( 'NONE', *, *, #5075, .T. ) ;
#5716 = ORIENTED_EDGE ( 'NONE', *, *, #5057, .T. ) ;
#5717 = ORIENTED_EDGE ( 'NONE', *, *, #5215, .T. ) ;
#5718 = EDGE_CURVE ( 'NONE', #5668, #5719, #198, .T. ) ;
#5719 = VERTEX_POINT ( 'NONE', #194 ) ;
#5720 = ORIENTED_EDGE ( 'NONE', *, *, #5744, .F. ) ;
#5721 = ORIENTED_EDGE ( 'NONE', *, *, #7499, .T. ) ;
#5722 = ORIENTED_EDGE ( 'NONE', *, *, #9156, .T. ) ;
#5723 = EDGE_LOOP ( 'NONE', ( #5789, #5742, #5745, #5747 ) ) ;
#5724 = EDGE_CURVE ( 'NONE', #5638, #7795, #193, .T. ) ;
#5725 = VERTEX_POINT ( 'NONE', #166 ) ;
#5726 = ORIENTED_EDGE ( 'NONE', *, *, #5645, .F. ) ;
#5727 = ADVANCED_FACE ( 'NONE', ( #165 ), #164, .F. ) ;
#5728 = ORIENTED_EDGE ( 'NONE', *, *, #5645, .T. ) ;
#5729 = ORIENTED_EDGE ( 'NONE', *, *, #5551, .F. ) ;
#5730 = ADVANCED_FACE ( 'NONE', ( #245 ), #244, .T. ) ;
#5731 = ORIENTED_EDGE ( 'NONE', *, *, #5732, .F. ) ;
#5732 = EDGE_CURVE ( 'NONE', #5733, #5638, #229, .T. ) ;
#5733 = VERTEX_POINT ( 'NONE', #225 ) ;
#5734 = VERTEX_POINT ( 'NONE', #224 ) ;
#5735 = EDGE_CURVE ( 'NONE', #4474, #5556, #148, .T. ) ;
#5736 = ORIENTED_EDGE ( 'NONE', *, *, #4492, .T. ) ;
#5737 = ADVANCED_FACE ( 'NONE', ( #144, #143, #142, #141, #140, #189, #188, #187, #186, #185, #184 ), #183, .F. ) ;
#5738 = EDGE_LOOP ( 'NONE', ( #5759, #5655, #5787, #5660 ) ) ;
#5739 = EDGE_CURVE ( 'NONE', #7534, #7717, #169, .T. ) ;
#5740 = ADVANCED_FACE ( 'NONE', ( #127 ), #126, .T. ) ;
#5741 = ORIENTED_EDGE ( 'NONE', *, *, #5739, .F. ) ;
#5742 = ORIENTED_EDGE ( 'NONE', *, *, #7773, .F. ) ;
#5743 = ORIENTED_EDGE ( 'NONE', *, *, #7768, .F. ) ;
#5744 = EDGE_CURVE ( 'NONE', #7481, #7654, #160, .T. ) ;
#5745 = ORIENTED_EDGE ( 'NONE', *, *, #7655, .T. ) ;
#5746 = EDGE_LOOP ( 'NONE', ( #5731, #5750, #5743, #5643 ) ) ;
#5747 = ORIENTED_EDGE ( 'NONE', *, *, #5748, .F. ) ;
#5748 = EDGE_CURVE ( 'NONE', #5638, #7506, #156, .T. ) ;
#5749 = ORIENTED_EDGE ( 'NONE', *, *, #7614, .F. ) ;
#5750 = ORIENTED_EDGE ( 'NONE', *, *, #5751, .T. ) ;
#5751 = EDGE_CURVE ( 'NONE', #5733, #7779, #252, .T. ) ;
#5752 = EDGE_CURVE ( 'NONE', #5649, #5758, #256, .T. ) ;
#5753 = ORIENTED_EDGE ( 'NONE', *, *, #5656, .T. ) ;
#5754 = VERTEX_POINT ( 'NONE', #267 ) ;
#5755 = ORIENTED_EDGE ( 'NONE', *, *, #5756, .T. ) ;
#5756 = EDGE_CURVE ( 'NONE', #5754, #5657, #250, .T. ) ;
#5757 = EDGE_LOOP ( 'NONE', ( #5781, #5664, #5785, #5665 ) ) ;
#5758 = VERTEX_POINT ( 'NONE', #246 ) ;
#5759 = ORIENTED_EDGE ( 'NONE', *, *, #5761, .T. ) ;
#5760 = EDGE_LOOP ( 'NONE', ( #5753, #5659, #5652, #5755 ) ) ;
#5761 = EDGE_CURVE ( 'NONE', #5758, #5734, #261, .T. ) ;
#5762 = VERTEX_POINT ( 'NONE', #257 ) ;
#5763 = EDGE_CURVE ( 'NONE', #5662, #5784, #266, .T. ) ;
#5764 = EDGE_LOOP ( 'NONE', ( #5765, #5766, #5767, #5768, #5769, #5770, #5771, #5772, #5773, #5774, #5775, #5776, #5777, #5778, #5779, #5780, #5687, #5688, #5689, #5690, #5669, #5670, #5671, #5672, #5673, #5678, #5679, #5680, #5713, #5712, #5716, #5717, #5714, #5715, #5711, #5710, #5708, #5709, #5706, #5707, #5701, #5705, #5702, #5703, #5704, #5823, #5895, #5825, #5893, #5826, #5862, #5795, #5790, #5866, #5824, #5693, #5694, #5695, #5696, #5697, #5698, #5791, #5814, #5864, #5894, #5822 ) ) ;
#5765 = ORIENTED_EDGE ( 'NONE', *, *, #5735, .T. ) ;
#5766 = ORIENTED_EDGE ( 'NONE', *, *, #5560, .T. ) ;
#5767 = ORIENTED_EDGE ( 'NONE', *, *, #5551, .T. ) ;
#5768 = ORIENTED_EDGE ( 'NONE', *, *, #5550, .T. ) ;
#5769 = ORIENTED_EDGE ( 'NONE', *, *, #5732, .T. ) ;
#5770 = ORIENTED_EDGE ( 'NONE', *, *, #5748, .T. ) ;
#5771 = ORIENTED_EDGE ( 'NONE', *, *, #7505, .T. ) ;
#5772 = ORIENTED_EDGE ( 'NONE', *, *, #5739, .T. ) ;
#5773 = ORIENTED_EDGE ( 'NONE', *, *, #7724, .F. ) ;
#5774 = ORIENTED_EDGE ( 'NONE', *, *, #6217, .T. ) ;
#5775 = ORIENTED_EDGE ( 'NONE', *, *, #6040, .F. ) ;
#5776 = ORIENTED_EDGE ( 'NONE', *, *, #6150, .T. ) ;
#5777 = ORIENTED_EDGE ( 'NONE', *, *, #6205, .T. ) ;
#5778 = ORIENTED_EDGE ( 'NONE', *, *, #6271, .T. ) ;
#5779 = ORIENTED_EDGE ( 'NONE', *, *, #6269, .T. ) ;
#5780 = ORIENTED_EDGE ( 'NONE', *, *, #6262, .T. ) ;
#5781 = ORIENTED_EDGE ( 'NONE', *, *, #5786, .T. ) ;
#5782 = ORIENTED_EDGE ( 'NONE', *, *, #5783, .T. ) ;
#5783 = EDGE_CURVE ( 'NONE', #5784, #5683, #262, .T. ) ;
#5784 = VERTEX_POINT ( 'NONE', #328 ) ;
#5785 = ORIENTED_EDGE ( 'NONE', *, *, #5718, .T. ) ;
#5786 = EDGE_CURVE ( 'NONE', #5682, #5663, #313, .T. ) ;
#5787 = ORIENTED_EDGE ( 'NONE', *, *, #5788, .T. ) ;
#5788 = EDGE_CURVE ( 'NONE', #5762, #5649, #310, .T. ) ;
#5789 = ORIENTED_EDGE ( 'NONE', *, *, #5724, .T. ) ;
#5790 = ORIENTED_EDGE ( 'NONE', *, *, #4860, .T. ) ;
#5791 = ORIENTED_EDGE ( 'NONE', *, *, #4586, .T. ) ;
#5792 = ORIENTED_EDGE ( 'NONE', *, *, #5793, .F. ) ;
#5793 = EDGE_CURVE ( 'NONE', #5794, #5875, #301, .T. ) ;
#5794 = VERTEX_POINT ( 'NONE', #293 ) ;
#5795 = ORIENTED_EDGE ( 'NONE', *, *, #4616, .T. ) ;
#5796 = ADVANCED_FACE ( 'NONE', ( #308 ), #296, .T. ) ;
#5797 = ORIENTED_EDGE ( 'NONE', *, *, #5868, .F. ) ;
#5798 = VERTEX_POINT ( 'NONE', #329 ) ;
#5799 = ORIENTED_EDGE ( 'NONE', *, *, #5952, .F. ) ;
#5800 = ORIENTED_EDGE ( 'NONE', *, *, #5801, .T. ) ;
#5801 = EDGE_CURVE ( 'NONE', #5686, #5949, #299, .T. ) ;
#5802 = ORIENTED_EDGE ( 'NONE', *, *, #5948, .T. ) ;
#5803 = ORIENTED_EDGE ( 'NONE', *, *, #5948, .F. ) ;
#5804 = ORIENTED_EDGE ( 'NONE', *, *, #5805, .T. ) ;
#5805 = EDGE_CURVE ( 'NONE', #5949, #5993, #292, .T. ) ;
#5806 = ADVANCED_FACE ( 'NONE', ( #311 ), #321, .F. ) ;
#5807 = EDGE_LOOP ( 'NONE', ( #5867, #5800, #5802, #5939 ) ) ;
#5808 = EDGE_CURVE ( 'NONE', #5809, #5898, #306, .T. ) ;
#5809 = VERTEX_POINT ( 'NONE', #324 ) ;
#5810 = VERTEX_POINT ( 'NONE', #323 ) ;
#5811 = VERTEX_POINT ( 'NONE', #384 ) ;
#5812 = EDGE_CURVE ( 'NONE', #5817, #5883, #337, .T. ) ;
#5813 = ORIENTED_EDGE ( 'NONE', *, *, #7910, .T. ) ;
#5814 = ORIENTED_EDGE ( 'NONE', *, *, #4512, .F. ) ;
#5815 = ORIENTED_EDGE ( 'NONE', *, *, #5816, .T. ) ;
#5816 = EDGE_CURVE ( 'NONE', #5881, #5878, #338, .T. ) ;
#5817 = VERTEX_POINT ( 'NONE', #393 ) ;
#5818 = ORIENTED_EDGE ( 'NONE', *, *, #5819, .T. ) ;
#5819 = EDGE_CURVE ( 'NONE', #5887, #5890, #374, .T. ) ;
#5820 = EDGE_CURVE ( 'NONE', #5821, #5809, #370, .T. ) ;
#5821 = VERTEX_POINT ( 'NONE', #371 ) ;
#5822 = ORIENTED_EDGE ( 'NONE', *, *, #4484, .T. ) ;
#5823 = ORIENTED_EDGE ( 'NONE', *, *, #4650, .T. ) ;
#5824 = ORIENTED_EDGE ( 'NONE', *, *, #4808, .T. ) ;
#5825 = ORIENTED_EDGE ( 'NONE', *, *, #4624, .T. ) ;
#5826 = ORIENTED_EDGE ( 'NONE', *, *, #4739, .T. ) ;
#5827 = ORIENTED_EDGE ( 'NONE', *, *, #8143, .T. ) ;
#5828 = EDGE_LOOP ( 'NONE', ( #5846, #5845, #5818, #5876 ) ) ;
#5829 = EDGE_LOOP ( 'NONE', ( #5896, #5850, #5882, #5900 ) ) ;
#5830 = VERTEX_POINT ( 'NONE', #360 ) ;
#5831 = ORIENTED_EDGE ( 'NONE', *, *, #5832, .F. ) ;
#5832 = EDGE_CURVE ( 'NONE', #5833, #5834, #344, .T. ) ;
#5833 = VERTEX_POINT ( 'NONE', #345 ) ;
#5834 = VERTEX_POINT ( 'NONE', #385 ) ;
#5835 = EDGE_CURVE ( 'NONE', #7689, #5794, #389, .T. ) ;
#5836 = ORIENTED_EDGE ( 'NONE', *, *, #7695, .T. ) ;
#5837 = ORIENTED_EDGE ( 'NONE', *, *, #6465, .F. ) ;
#5838 = ORIENTED_EDGE ( 'NONE', *, *, #5839, .T. ) ;
#5839 = EDGE_CURVE ( 'NONE', #6345, #5522, #367, .T. ) ;
#5840 = ORIENTED_EDGE ( 'NONE', *, *, #6204, .T. ) ;
#5841 = ADVANCED_FACE ( 'NONE', ( #363 ), #352, .T. ) ;
#5842 = ORIENTED_EDGE ( 'NONE', *, *, #5844, .T. ) ;
#5843 = VERTEX_POINT ( 'NONE', #336 ) ;
#5844 = EDGE_CURVE ( 'NONE', #5843, #5810, #359, .T. ) ;
#5845 = ORIENTED_EDGE ( 'NONE', *, *, #5886, .T. ) ;
#5846 = ORIENTED_EDGE ( 'NONE', *, *, #5812, .T. ) ;
#5847 = EDGE_LOOP ( 'NONE', ( #5848, #5699, #5950, #5930 ) ) ;
#5848 = ORIENTED_EDGE ( 'NONE', *, *, #5849, .F. ) ;
#5849 = EDGE_CURVE ( 'NONE', #7559, #7707, #351, .T. ) ;
#5850 = ORIENTED_EDGE ( 'NONE', *, *, #5808, .F. ) ;
#5851 = ORIENTED_EDGE ( 'NONE', *, *, #5852, .T. ) ;
#5852 = EDGE_CURVE ( 'NONE', #5878, #5853, #346, .T. ) ;
#5853 = VERTEX_POINT ( 'NONE', #347 ) ;
#5854 = ORIENTED_EDGE ( 'NONE', *, *, #5855, .T. ) ;
#5855 = EDGE_CURVE ( 'NONE', #5810, #5811, #334, .T. ) ;
#5856 = ORIENTED_EDGE ( 'NONE', *, *, #7923, .T. ) ;
#5857 = ORIENTED_EDGE ( 'NONE', *, *, #5869, .F. ) ;
#5858 = ORIENTED_EDGE ( 'NONE', *, *, #5859, .T. ) ;
#5859 = EDGE_CURVE ( 'NONE', #5830, #5843, #330, .T. ) ;
#5860 = EDGE_LOOP ( 'NONE', ( #5888, #5815, #5851, #5861 ) ) ;
#5861 = ORIENTED_EDGE ( 'NONE', *, *, #5907, .T. ) ;
#5862 = ORIENTED_EDGE ( 'NONE', *, *, #4667, .T. ) ;
#5863 = ORIENTED_EDGE ( 'NONE', *, *, #7750, .T. ) ;
#5864 = ORIENTED_EDGE ( 'NONE', *, *, #4499, .T. ) ;
#5865 = EDGE_LOOP ( 'NONE', ( #5842, #5854, #5884, #5858 ) ) ;
#5866 = ORIENTED_EDGE ( 'NONE', *, *, #4822, .T. ) ;
#5867 = ORIENTED_EDGE ( 'NONE', *, *, #5661, .F. ) ;
#5868 = EDGE_CURVE ( 'NONE', #5951, #5911, #379, .T. ) ;
#5869 = EDGE_CURVE ( 'NONE', #5834, #5906, #440, .T. ) ;
#5870 = ADVANCED_FACE ( 'NONE', ( #436 ), #457, .T. ) ;
#5871 = EDGE_LOOP ( 'NONE', ( #5872, #5873, #5792, #5879, #5836, #5837, #5838, #5840 ) ) ;
#5872 = ORIENTED_EDGE ( 'NONE', *, *, #7567, .T. ) ;
#5873 = ORIENTED_EDGE ( 'NONE', *, *, #5874, .T. ) ;
#5874 = EDGE_CURVE ( 'NONE', #7715, #5875, #426, .T. ) ;
#5875 = VERTEX_POINT ( 'NONE', #433 ) ;
#5876 = ORIENTED_EDGE ( 'NONE', *, *, #5877, .T. ) ;
#5877 = EDGE_CURVE ( 'NONE', #5890, #5817, #406, .T. ) ;
#5878 = VERTEX_POINT ( 'NONE', #438 ) ;
#5879 = ORIENTED_EDGE ( 'NONE', *, *, #5835, .F. ) ;
#5880 = VERTEX_POINT ( 'NONE', #412 ) ;
#5881 = VERTEX_POINT ( 'NONE', #411 ) ;
#5882 = ORIENTED_EDGE ( 'NONE', *, *, #5820, .F. ) ;
#5883 = VERTEX_POINT ( 'NONE', #407 ) ;
#5884 = ORIENTED_EDGE ( 'NONE', *, *, #5885, .T. ) ;
#5885 = EDGE_CURVE ( 'NONE', #5811, #5830, #402, .T. ) ;
#5886 = EDGE_CURVE ( 'NONE', #5883, #5887, #423, .T. ) ;
#5887 = VERTEX_POINT ( 'NONE', #424 ) ;
#5888 = ORIENTED_EDGE ( 'NONE', *, *, #5889, .T. ) ;
#5889 = EDGE_CURVE ( 'NONE', #5880, #5881, #409, .T. ) ;
#5890 = VERTEX_POINT ( 'NONE', #410 ) ;
#5891 = ORIENTED_EDGE ( 'NONE', *, *, #5892, .F. ) ;
#5892 = EDGE_CURVE ( 'NONE', #5906, #5905, #437, .T. ) ;
#5893 = ORIENTED_EDGE ( 'NONE', *, *, #4666, .F. ) ;
#5894 = ORIENTED_EDGE ( 'NONE', *, *, #4485, .T. ) ;
#5895 = ORIENTED_EDGE ( 'NONE', *, *, #4875, .T. ) ;
#5896 = ORIENTED_EDGE ( 'NONE', *, *, #5897, .F. ) ;
#5897 = EDGE_CURVE ( 'NONE', #5898, #5899, #456, .T. ) ;
#5898 = VERTEX_POINT ( 'NONE', #452 ) ;
#5899 = VERTEX_POINT ( 'NONE', #450 ) ;
#5900 = ORIENTED_EDGE ( 'NONE', *, *, #5901, .F. ) ;
#5901 = EDGE_CURVE ( 'NONE', #5899, #5821, #449, .T. ) ;
#5902 = EDGE_LOOP ( 'NONE', ( #5831, #5903, #5891, #5857 ) ) ;
#5903 = ORIENTED_EDGE ( 'NONE', *, *, #5904, .T. ) ;
#5904 = EDGE_CURVE ( 'NONE', #5833, #5905, #445, .T. ) ;
#5905 = VERTEX_POINT ( 'NONE', #441 ) ;
#5906 = VERTEX_POINT ( 'NONE', #421 ) ;
#5907 = EDGE_CURVE ( 'NONE', #5853, #5880, #419, .T. ) ;
#5908 = EDGE_LOOP ( 'NONE', ( #5863, #5856, #5813, #5827 ) ) ;
#5909 = ORIENTED_EDGE ( 'NONE', *, *, #5952, .T. ) ;
#5910 = ORIENTED_EDGE ( 'NONE', *, *, #5981, .T. ) ;
#5911 = VERTEX_POINT ( 'NONE', #514 ) ;
#5912 = EDGE_CURVE ( 'NONE', #7854, #5911, #505, .T. ) ;
#5913 = ORIENTED_EDGE ( 'NONE', *, *, #5601, .F. ) ;
#5914 = ORIENTED_EDGE ( 'NONE', *, *, #5926, .F. ) ;
#5915 = ORIENTED_EDGE ( 'NONE', *, *, #5998, .T. ) ;
#5916 = ORIENTED_EDGE ( 'NONE', *, *, #5805, .F. ) ;
#5917 = ORIENTED_EDGE ( 'NONE', *, *, #5801, .F. ) ;
#5918 = ORIENTED_EDGE ( 'NONE', *, *, #5997, .T. ) ;
#5919 = EDGE_CURVE ( 'NONE', #5925, #5662, #522, .T. ) ;
#5920 = ORIENTED_EDGE ( 'NONE', *, *, #5957, .T. ) ;
#5921 = ORIENTED_EDGE ( 'NONE', *, *, #5435, .T. ) ;
#5922 = ORIENTED_EDGE ( 'NONE', *, *, #4351, .T. ) ;
#5923 = ORIENTED_EDGE ( 'NONE', *, *, #5924, .F. ) ;
#5924 = EDGE_CURVE ( 'NONE', #5925, #5798, #470, .T. ) ;
#5925 = VERTEX_POINT ( 'NONE', #499 ) ;
#5926 = EDGE_CURVE ( 'NONE', #5999, #5890, #504, .T. ) ;
#5927 = ADVANCED_FACE ( 'NONE', ( #471 ), #502, .T. ) ;
#5928 = EDGE_LOOP ( 'NONE', ( #5929, #5914, #5915, #5991 ) ) ;
#5929 = ORIENTED_EDGE ( 'NONE', *, *, #5877, .F. ) ;
#5930 = ORIENTED_EDGE ( 'NONE', *, *, #7675, .T. ) ;
#5931 = EDGE_LOOP ( 'NONE', ( #5947, #5958, #5913, #5910, #5921, #5959, #5960, #5797 ) ) ;
#5932 = ORIENTED_EDGE ( 'NONE', *, *, #4409, .F. ) ;
#5933 = ADVANCED_FACE ( 'NONE', ( #486 ), #489, .F. ) ;
#5934 = EDGE_LOOP ( 'NONE', ( #5978, #5941, #5938, #5972 ) ) ;
#5935 = ADVANCED_FACE ( 'NONE', ( #509 ), #507, .T. ) ;
#5936 = EDGE_LOOP ( 'NONE', ( #5943, #5937, #5940, #5918 ) ) ;
#5937 = ORIENTED_EDGE ( 'NONE', *, *, #5919, .F. ) ;
#5938 = ORIENTED_EDGE ( 'NONE', *, *, #5970, .F. ) ;
#5939 = ORIENTED_EDGE ( 'NONE', *, *, #5919, .T. ) ;
#5940 = ORIENTED_EDGE ( 'NONE', *, *, #5924, .T. ) ;
#5941 = ORIENTED_EDGE ( 'NONE', *, *, #5942, .F. ) ;
#5942 = EDGE_CURVE ( 'NONE', #5979, #5817, #511, .T. ) ;
#5943 = ORIENTED_EDGE ( 'NONE', *, *, #5763, .F. ) ;
#5944 = EDGE_CURVE ( 'NONE', #5887, #6002, #479, .T. ) ;
#5945 = ORIENTED_EDGE ( 'NONE', *, *, #6001, .T. ) ;
#5946 = ORIENTED_EDGE ( 'NONE', *, *, #5926, .T. ) ;
#5947 = ORIENTED_EDGE ( 'NONE', *, *, #6015, .F. ) ;
#5948 = EDGE_CURVE ( 'NONE', #5949, #5925, #518, .T. ) ;
#5949 = VERTEX_POINT ( 'NONE', #493 ) ;
#5950 = ORIENTED_EDGE ( 'NONE', *, *, #5641, .T. ) ;
#5951 = VERTEX_POINT ( 'NONE', #492 ) ;
#5952 = EDGE_CURVE ( 'NONE', #5993, #5798, #380, .T. ) ;
#5953 = EDGE_LOOP ( 'NONE', ( #5995, #5996, #5799, #5956 ) ) ;
#5954 = EDGE_CURVE ( 'NONE', #7627, #7902, #523, .T. ) ;
#5955 = ORIENTED_EDGE ( 'NONE', *, *, #7688, .T. ) ;
#5956 = ORIENTED_EDGE ( 'NONE', *, *, #5957, .F. ) ;
#5957 = EDGE_CURVE ( 'NONE', #5683, #5993, #527, .T. ) ;
#5958 = ORIENTED_EDGE ( 'NONE', *, *, #7764, .T. ) ;
#5959 = ORIENTED_EDGE ( 'NONE', *, *, #7812, .T. ) ;
#5960 = ORIENTED_EDGE ( 'NONE', *, *, #5912, .T. ) ;
#5961 = ADVANCED_FACE ( 'NONE', ( #532 ), #526, .T. ) ;
#5962 = ORIENTED_EDGE ( 'NONE', *, *, #5886, .F. ) ;
#5963 = ORIENTED_EDGE ( 'NONE', *, *, #5964, .T. ) ;
#5964 = EDGE_CURVE ( 'NONE', #6002, #5971, #536, .T. ) ;
#5965 = ADVANCED_FACE ( 'NONE', ( #572 ), #565, .F. ) ;
#5966 = EDGE_LOOP ( 'NONE', ( #5967, #5968, #5945, #5946 ) ) ;
#5967 = ORIENTED_EDGE ( 'NONE', *, *, #5819, .F. ) ;
#5968 = ORIENTED_EDGE ( 'NONE', *, *, #5944, .T. ) ;
#5969 = ORIENTED_EDGE ( 'NONE', *, *, #5685, .F. ) ;
#5970 = EDGE_CURVE ( 'NONE', #5971, #5979, #552, .T. ) ;
#5971 = VERTEX_POINT ( 'NONE', #591 ) ;
#5972 = ORIENTED_EDGE ( 'NONE', *, *, #5973, .F. ) ;
#5973 = EDGE_CURVE ( 'NONE', #5883, #5971, #573, .T. ) ;
#5974 = ADVANCED_FACE ( 'NONE', ( #588 ), #548, .F. ) ;
#5975 = EDGE_LOOP ( 'NONE', ( #5976, #5977, #6000, #5963 ) ) ;
#5976 = ORIENTED_EDGE ( 'NONE', *, *, #5970, .T. ) ;
#5977 = ORIENTED_EDGE ( 'NONE', *, *, #5998, .F. ) ;
#5978 = ORIENTED_EDGE ( 'NONE', *, *, #5812, .F. ) ;
#5979 = VERTEX_POINT ( 'NONE', #554 ) ;
#5980 = EDGE_LOOP ( 'NONE', ( #5969, #5920, #5916, #5917 ) ) ;
#5981 = EDGE_CURVE ( 'NONE', #5546, #5248, #543, .T. ) ;
#5982 = ORIENTED_EDGE ( 'NONE', *, *, #7802, .F. ) ;
#5983 = EDGE_LOOP ( 'NONE', ( #6006, #6010, #6004, #6013 ) ) ;
#5984 = EDGE_CURVE ( 'NONE', #5700, #6060, #559, .T. ) ;
#5985 = ORIENTED_EDGE ( 'NONE', *, *, #5892, .T. ) ;
#5986 = ORIENTED_EDGE ( 'NONE', *, *, #6221, .F. ) ;
#5987 = ORIENTED_EDGE ( 'NONE', *, *, #6134, .T. ) ;
#5988 = ORIENTED_EDGE ( 'NONE', *, *, #5964, .F. ) ;
#5989 = ADVANCED_FACE ( 'NONE', ( #580 ), #579, .F. ) ;
#5990 = ORIENTED_EDGE ( 'NONE', *, *, #5973, .T. ) ;
#5991 = ORIENTED_EDGE ( 'NONE', *, *, #5942, .T. ) ;
#5992 = EDGE_LOOP ( 'NONE', ( #5962, #5990, #5988, #6009 ) ) ;
#5993 = VERTEX_POINT ( 'NONE', #547 ) ;
#5994 = ORIENTED_EDGE ( 'NONE', *, *, #5954, .F. ) ;
#5995 = ORIENTED_EDGE ( 'NONE', *, *, #5783, .F. ) ;
#5996 = ORIENTED_EDGE ( 'NONE', *, *, #5997, .F. ) ;
#5997 = EDGE_CURVE ( 'NONE', #5798, #5784, #581, .T. ) ;
#5998 = EDGE_CURVE ( 'NONE', #5999, #5979, #582, .T. ) ;
#5999 = VERTEX_POINT ( 'NONE', #574 ) ;
#6000 = ORIENTED_EDGE ( 'NONE', *, *, #6001, .F. ) ;
#6001 = EDGE_CURVE ( 'NONE', #6002, #5999, #570, .T. ) ;
#6002 = VERTEX_POINT ( 'NONE', #705 ) ;
#6003 = ADVANCED_FACE ( 'NONE', ( #680 ), #593, .F. ) ;
#6004 = ORIENTED_EDGE ( 'NONE', *, *, #6007, .F. ) ;
#6005 = VERTEX_POINT ( 'NONE', #632 ) ;
#6006 = ORIENTED_EDGE ( 'NONE', *, *, #5786, .F. ) ;
#6007 = EDGE_CURVE ( 'NONE', #6005, #6008, #626, .T. ) ;
#6008 = VERTEX_POINT ( 'NONE', #674 ) ;
#6009 = ORIENTED_EDGE ( 'NONE', *, *, #5944, .F. ) ;
#6010 = ORIENTED_EDGE ( 'NONE', *, *, #6012, .F. ) ;
#6011 = ADVANCED_FACE ( 'NONE', ( #645 ), #703, .F. ) ;
#6012 = EDGE_CURVE ( 'NONE', #6008, #5682, #706, .T. ) ;
#6013 = ORIENTED_EDGE ( 'NONE', *, *, #6132, .F. ) ;
#6014 = EDGE_LOOP ( 'NONE', ( #5982, #5994, #5955, #6017, #5922, #5932 ) ) ;
#6015 = EDGE_CURVE ( 'NONE', #7765, #5951, #625, .T. ) ;
#6016 = ADVANCED_FACE ( 'NONE', ( #605 ), #612, .F. ) ;
#6017 = ORIENTED_EDGE ( 'NONE', *, *, #4570, .F. ) ;
#6018 = ADVANCED_FACE ( 'NONE', ( #613 ), #621, .F. ) ;
#6019 = EDGE_LOOP ( 'NONE', ( #5909, #5923, #5803, #5804 ) ) ;
#6020 = EDGE_LOOP ( 'NONE', ( #6023, #6022, #6024, #6025 ) ) ;
#6021 = ORIENTED_EDGE ( 'NONE', *, *, #6026, .T. ) ;
#6022 = ORIENTED_EDGE ( 'NONE', *, *, #6138, .T. ) ;
#6023 = ORIENTED_EDGE ( 'NONE', *, *, #5885, .F. ) ;
#6024 = ORIENTED_EDGE ( 'NONE', *, *, #6027, .T. ) ;
#6025 = ORIENTED_EDGE ( 'NONE', *, *, #6136, .T. ) ;
#6026 = EDGE_CURVE ( 'NONE', #6126, #6223, #666, .T. ) ;
#6027 = EDGE_CURVE ( 'NONE', #6126, #6220, #631, .T. ) ;
#6028 = ORIENTED_EDGE ( 'NONE', *, *, #6272, .F. ) ;
#6029 = ORIENTED_EDGE ( 'NONE', *, *, #6132, .T. ) ;
#6030 = ORIENTED_EDGE ( 'NONE', *, *, #5844, .F. ) ;
#6031 = ORIENTED_EDGE ( 'NONE', *, *, #5681, .F. ) ;
#6032 = VERTEX_POINT ( 'NONE', #627 ) ;
#6033 = VERTEX_POINT ( 'NONE', #646 ) ;
#6034 = ORIENTED_EDGE ( 'NONE', *, *, #6043, .T. ) ;
#6035 = ORIENTED_EDGE ( 'NONE', *, *, #6219, .T. ) ;
#6036 = EDGE_CURVE ( 'NONE', #6345, #6258, #637, .T. ) ;
#6037 = ADVANCED_FACE ( 'NONE', ( #633 ), #607, .F. ) ;
#6038 = EDGE_LOOP ( 'NONE', ( #6039, #6263, #6163, #6165 ) ) ;
#6039 = ORIENTED_EDGE ( 'NONE', *, *, #6040, .T. ) ;
#6040 = EDGE_CURVE ( 'NONE', #6151, #6041, #679, .T. ) ;
#6041 = VERTEX_POINT ( 'NONE', #675 ) ;
#6042 = ORIENTED_EDGE ( 'NONE', *, *, #6266, .F. ) ;
#6043 = EDGE_CURVE ( 'NONE', #6033, #7705, #684, .T. ) ;
#6044 = ORIENTED_EDGE ( 'NONE', *, *, #7704, .T. ) ;
#6045 = EDGE_CURVE ( 'NONE', #6270, #7702, #687, .T. ) ;
#6046 = VERTEX_POINT ( 'NONE', #596 ) ;
#6047 = EDGE_CURVE ( 'NONE', #6046, #6005, #696, .T. ) ;
#6048 = VERTEX_POINT ( 'NONE', #692 ) ;
#6049 = ORIENTED_EDGE ( 'NONE', *, *, #6053, .F. ) ;
#6050 = ADVANCED_FACE ( 'NONE', ( #691 ), #673, .F. ) ;
#6051 = ORIENTED_EDGE ( 'NONE', *, *, #6056, .F. ) ;
#6052 = ADVANCED_FACE ( 'NONE', ( #671 ), #615, .F. ) ;
#6053 = EDGE_CURVE ( 'NONE', #6046, #6048, #600, .T. ) ;
#6054 = ORIENTED_EDGE ( 'NONE', *, *, #6134, .F. ) ;
#6055 = ORIENTED_EDGE ( 'NONE', *, *, #6056, .T. ) ;
#6056 = EDGE_CURVE ( 'NONE', #6048, #5719, #649, .T. ) ;
#6057 = ADVANCED_FACE ( 'NONE', ( #650 ), #641, .T. ) ;
#6058 = ORIENTED_EDGE ( 'NONE', *, *, #6059, .T. ) ;
#6059 = EDGE_CURVE ( 'NONE', #6186, #6060, #716, .T. ) ;
#6060 = VERTEX_POINT ( 'NONE', #712 ) ;
#6061 = ORIENTED_EDGE ( 'NONE', *, *, #5984, .F. ) ;
#6062 = ORIENTED_EDGE ( 'NONE', *, *, #6065, .F. ) ;
#6063 = ORIENTED_EDGE ( 'NONE', *, *, #5788, .F. ) ;
#6064 = ORIENTED_EDGE ( 'NONE', *, *, #6068, .T. ) ;
#6065 = EDGE_CURVE ( 'NONE', #6032, #5649, #710, .T. ) ;
#6066 = ORIENTED_EDGE ( 'NONE', *, *, #6067, .F. ) ;
#6067 = EDGE_CURVE ( 'NONE', #6072, #6089, #711, .T. ) ;
#6068 = EDGE_CURVE ( 'NONE', #5762, #6072, #660, .T. ) ;
#6069 = EDGE_LOOP ( 'NONE', ( #6191, #6062, #6193, #6076 ) ) ;
#6070 = ADVANCED_FACE ( 'NONE', ( #656 ), #537, .T. ) ;
#6071 = ORIENTED_EDGE ( 'NONE', *, *, #5654, .F. ) ;
#6072 = VERTEX_POINT ( 'NONE', #817 ) ;
#6073 = ORIENTED_EDGE ( 'NONE', *, *, #6067, .T. ) ;
#6074 = EDGE_LOOP ( 'NONE', ( #6063, #6064, #6188, #6189 ) ) ;
#6075 = ORIENTED_EDGE ( 'NONE', *, *, #6183, .F. ) ;
#6076 = ORIENTED_EDGE ( 'NONE', *, *, #6291, .T. ) ;
#6077 = ORIENTED_EDGE ( 'NONE', *, *, #6078, .T. ) ;
#6078 = EDGE_CURVE ( 'NONE', #5878, #6104, #829, .T. ) ;
#6079 = ADVANCED_FACE ( 'NONE', ( #798 ), #839, .F. ) ;
#6080 = ORIENTED_EDGE ( 'NONE', *, *, #6221, .T. ) ;
#6081 = ORIENTED_EDGE ( 'NONE', *, *, #6138, .F. ) ;
#6082 = EDGE_LOOP ( 'NONE', ( #6121, #6125, #6122, #6118 ) ) ;
#6083 = ORIENTED_EDGE ( 'NONE', *, *, #6026, .F. ) ;
#6084 = VERTEX_POINT ( 'NONE', #800 ) ;
#6085 = ORIENTED_EDGE ( 'NONE', *, *, #6230, .T. ) ;
#6086 = VERTEX_POINT ( 'NONE', #799 ) ;
#6087 = ORIENTED_EDGE ( 'NONE', *, *, #6226, .T. ) ;
#6088 = ORIENTED_EDGE ( 'NONE', *, *, #5855, .F. ) ;
#6089 = VERTEX_POINT ( 'NONE', #823 ) ;
#6090 = ORIENTED_EDGE ( 'NONE', *, *, #6295, .F. ) ;
#6091 = EDGE_LOOP ( 'NONE', ( #6297, #6298, #6075, #6073 ) ) ;
#6092 = ORIENTED_EDGE ( 'NONE', *, *, #6110, .T. ) ;
#6093 = ADVANCED_FACE ( 'NONE', ( #822 ), #834, .F. ) ;
#6094 = EDGE_LOOP ( 'NONE', ( #6095, #6096, #6281, #6282 ) ) ;
#6095 = ORIENTED_EDGE ( 'NONE', *, *, #5816, .F. ) ;
#6096 = ORIENTED_EDGE ( 'NONE', *, *, #6303, .T. ) ;
#6097 = ORIENTED_EDGE ( 'NONE', *, *, #6100, .T. ) ;
#6098 = ORIENTED_EDGE ( 'NONE', *, *, #5852, .F. ) ;
#6099 = ORIENTED_EDGE ( 'NONE', *, *, #6275, .T. ) ;
#6100 = EDGE_CURVE ( 'NONE', #6288, #6293, #757, .T. ) ;
#6101 = ADVANCED_FACE ( 'NONE', ( #791 ), #815, .F. ) ;
#6102 = ORIENTED_EDGE ( 'NONE', *, *, #6110, .F. ) ;
#6103 = ORIENTED_EDGE ( 'NONE', *, *, #6294, .F. ) ;
#6104 = VERTEX_POINT ( 'NONE', #810 ) ;
#6105 = ORIENTED_EDGE ( 'NONE', *, *, #6279, .F. ) ;
#6106 = ORIENTED_EDGE ( 'NONE', *, *, #6300, .T. ) ;
#6107 = EDGE_LOOP ( 'NONE', ( #6108, #6105, #6106, #6092 ) ) ;
#6108 = ORIENTED_EDGE ( 'NONE', *, *, #5907, .F. ) ;
#6109 = ORIENTED_EDGE ( 'NONE', *, *, #6233, .F. ) ;
#6110 = EDGE_CURVE ( 'NONE', #6293, #5880, #769, .T. ) ;
#6111 = ORIENTED_EDGE ( 'NONE', *, *, #6300, .F. ) ;
#6112 = ORIENTED_EDGE ( 'NONE', *, *, #6303, .F. ) ;
#6113 = ORIENTED_EDGE ( 'NONE', *, *, #6232, .T. ) ;
#6114 = ADVANCED_FACE ( 'NONE', ( #765 ), #816, .F. ) ;
#6115 = EDGE_LOOP ( 'NONE', ( #6088, #6087, #6083, #6081 ) ) ;
#6116 = ADVANCED_FACE ( 'NONE', ( #832 ), #830, .F. ) ;
#6117 = EDGE_LOOP ( 'NONE', ( #6119, #6239, #6244, #6253 ) ) ;
#6118 = ORIENTED_EDGE ( 'NONE', *, *, #6242, .F. ) ;
#6119 = ORIENTED_EDGE ( 'NONE', *, *, #6123, .T. ) ;
#6120 = EDGE_CURVE ( 'NONE', #6084, #5657, #753, .T. ) ;
#6121 = ORIENTED_EDGE ( 'NONE', *, *, #5656, .F. ) ;
#6122 = ORIENTED_EDGE ( 'NONE', *, *, #6123, .F. ) ;
#6123 = EDGE_CURVE ( 'NONE', #6086, #6084, #808, .T. ) ;
#6124 = ADVANCED_FACE ( 'NONE', ( #720 ), #719, .F. ) ;
#6125 = ORIENTED_EDGE ( 'NONE', *, *, #6120, .F. ) ;
#6126 = VERTEX_POINT ( 'NONE', #762 ) ;
#6127 = ORIENTED_EDGE ( 'NONE', *, *, #6047, .F. ) ;
#6128 = ORIENTED_EDGE ( 'NONE', *, *, #6230, .F. ) ;
#6129 = ADVANCED_FACE ( 'NONE', ( #758 ), #821, .F. ) ;
#6130 = ORIENTED_EDGE ( 'NONE', *, *, #5666, .F. ) ;
#6131 = ORIENTED_EDGE ( 'NONE', *, *, #6053, .T. ) ;
#6132 = EDGE_CURVE ( 'NONE', #5663, #6005, #796, .T. ) ;
#6133 = ORIENTED_EDGE ( 'NONE', *, *, #6007, .T. ) ;
#6134 = EDGE_CURVE ( 'NONE', #6048, #6008, #752, .T. ) ;
#6135 = ADVANCED_FACE ( 'NONE', ( #748 ), #746, .F. ) ;
#6136 = EDGE_CURVE ( 'NONE', #6220, #5830, #771, .T. ) ;
#6137 = ORIENTED_EDGE ( 'NONE', *, *, #5859, .F. ) ;
#6138 = EDGE_CURVE ( 'NONE', #5811, #6126, #772, .T. ) ;
#6139 = ORIENTED_EDGE ( 'NONE', *, *, #6136, .F. ) ;
#6140 = ADVANCED_FACE ( 'NONE', ( #779 ), #745, .T. ) ;
#6141 = EDGE_LOOP ( 'NONE', ( #6137, #6139, #6080, #6085 ) ) ;
#6142 = ORIENTED_EDGE ( 'NONE', *, *, #7732, .T. ) ;
#6143 = EDGE_LOOP ( 'NONE', ( #6144, #6142, #6396, #6344 ) ) ;
#6144 = ORIENTED_EDGE ( 'NONE', *, *, #6219, .F. ) ;
#6145 = ORIENTED_EDGE ( 'NONE', *, *, #6045, .F. ) ;
#6146 = ADVANCED_FACE ( 'NONE', ( #744 ), #743, .T. ) ;
#6147 = EDGE_LOOP ( 'NONE', ( #6213, #6214, #6206, #6199 ) ) ;
#6148 = ORIENTED_EDGE ( 'NONE', *, *, #6198, .F. ) ;
#6149 = ORIENTED_EDGE ( 'NONE', *, *, #6150, .F. ) ;
#6150 = EDGE_CURVE ( 'NONE', #6151, #6215, #825, .T. ) ;
#6151 = VERTEX_POINT ( 'NONE', #735 ) ;
#6152 = EDGE_LOOP ( 'NONE', ( #6153, #6161, #6131, #6055 ) ) ;
#6153 = ORIENTED_EDGE ( 'NONE', *, *, #5718, .F. ) ;
#6154 = EDGE_LOOP ( 'NONE', ( #6030, #6128, #6158, #6225 ) ) ;
#6155 = ORIENTED_EDGE ( 'NONE', *, *, #6027, .F. ) ;
#6156 = VERTEX_POINT ( 'NONE', #734 ) ;
#6157 = EDGE_LOOP ( 'NONE', ( #6031, #6029, #6127, #6028 ) ) ;
#6158 = ORIENTED_EDGE ( 'NONE', *, *, #6224, .F. ) ;
#6159 = EDGE_LOOP ( 'NONE', ( #6133, #6054, #6049, #6160 ) ) ;
#6160 = ORIENTED_EDGE ( 'NONE', *, *, #6047, .T. ) ;
#6161 = ORIENTED_EDGE ( 'NONE', *, *, #6272, .T. ) ;
#6162 = VERTEX_POINT ( 'NONE', #733 ) ;
#6163 = ORIENTED_EDGE ( 'NONE', *, *, #6164, .F. ) ;
#6164 = EDGE_CURVE ( 'NONE', #6258, #6265, #732, .T. ) ;
#6165 = ORIENTED_EDGE ( 'NONE', *, *, #6257, .T. ) ;
#6166 = ADVANCED_FACE ( 'NONE', ( #728 ), #727, .T. ) ;
#6167 = EDGE_LOOP ( 'NONE', ( #6168, #6170, #6216, #6218 ) ) ;
#6168 = ORIENTED_EDGE ( 'NONE', *, *, #6169, .F. ) ;
#6169 = EDGE_CURVE ( 'NONE', #6265, #7731, #467, .T. ) ;
#6170 = ORIENTED_EDGE ( 'NONE', *, *, #6264, .F. ) ;
#6171 = EDGE_CURVE ( 'NONE', #5899, #6186, #936, .T. ) ;
#6172 = ORIENTED_EDGE ( 'NONE', *, *, #6173, .F. ) ;
#6173 = EDGE_CURVE ( 'NONE', #6179, #6186, #941, .T. ) ;
#6174 = ADVANCED_FACE ( 'NONE', ( #901 ), #894, .F. ) ;
#6175 = EDGE_LOOP ( 'NONE', ( #6058, #6061, #6367, #6498 ) ) ;
#6176 = ORIENTED_EDGE ( 'NONE', *, *, #6295, .T. ) ;
#6177 = ORIENTED_EDGE ( 'NONE', *, *, #6178, .F. ) ;
#6178 = EDGE_CURVE ( 'NONE', #5898, #6179, #847, .T. ) ;
#6179 = VERTEX_POINT ( 'NONE', #884 ) ;
#6180 = ORIENTED_EDGE ( 'NONE', *, *, #6068, .F. ) ;
#6181 = ADVANCED_FACE ( 'NONE', ( #876 ), #883, .T. ) ;
#6182 = EDGE_LOOP ( 'NONE', ( #6177, #6184, #6185, #6172 ) ) ;
#6183 = EDGE_CURVE ( 'NONE', #6072, #6032, #851, .T. ) ;
#6184 = ORIENTED_EDGE ( 'NONE', *, *, #5897, .T. ) ;
#6185 = ORIENTED_EDGE ( 'NONE', *, *, #6171, .T. ) ;
#6186 = VERTEX_POINT ( 'NONE', #841 ) ;
#6187 = ADVANCED_FACE ( 'NONE', ( #908 ), #840, .F. ) ;
#6188 = ORIENTED_EDGE ( 'NONE', *, *, #6183, .T. ) ;
#6189 = ORIENTED_EDGE ( 'NONE', *, *, #6065, .T. ) ;
#6190 = ADVANCED_FACE ( 'NONE', ( #932 ), #864, .F. ) ;
#6191 = ORIENTED_EDGE ( 'NONE', *, *, #5752, .F. ) ;
#6192 = EDGE_LOOP ( 'NONE', ( #6071, #6176, #6066, #6180 ) ) ;
#6193 = ORIENTED_EDGE ( 'NONE', *, *, #6299, .T. ) ;
#6194 = EDGE_LOOP ( 'NONE', ( #6130, #6051, #5987, #6229 ) ) ;
#6195 = ADVANCED_FACE ( 'NONE', ( #929 ), #882, .T. ) ;
#6196 = EDGE_LOOP ( 'NONE', ( #6197, #6034, #6044, #6145 ) ) ;
#6197 = ORIENTED_EDGE ( 'NONE', *, *, #6271, .F. ) ;
#6198 = EDGE_CURVE ( 'NONE', #6215, #7713, #926, .T. ) ;
#6199 = ORIENTED_EDGE ( 'NONE', *, *, #7671, .T. ) ;
#6200 = ADVANCED_FACE ( 'NONE', ( #916 ), #905, .T. ) ;
#6201 = EDGE_LOOP ( 'NONE', ( #6474, #6148, #6149, #6256, #6259 ) ) ;
#6202 = ORIENTED_EDGE ( 'NONE', *, *, #5623, .F. ) ;
#6203 = ORIENTED_EDGE ( 'NONE', *, *, #6261, .F. ) ;
#6204 = EDGE_CURVE ( 'NONE', #5522, #7568, #886, .T. ) ;
#6205 = EDGE_CURVE ( 'NONE', #6215, #6033, #909, .T. ) ;
#6206 = ORIENTED_EDGE ( 'NONE', *, *, #6198, .T. ) ;
#6207 = ORIENTED_EDGE ( 'NONE', *, *, #6045, .T. ) ;
#6208 = ADVANCED_FACE ( 'NONE', ( #877 ), #887, .F. ) ;
#6209 = EDGE_LOOP ( 'NONE', ( #6210, #5741, #5749, #5720, #5721, #5722 ) ) ;
#6210 = ORIENTED_EDGE ( 'NONE', *, *, #7677, .T. ) ;
#6211 = ADVANCED_FACE ( 'NONE', ( #846 ), #921, .T. ) ;
#6212 = ORIENTED_EDGE ( 'NONE', *, *, #7701, .T. ) ;
#6213 = ORIENTED_EDGE ( 'NONE', *, *, #6043, .F. ) ;
#6214 = ORIENTED_EDGE ( 'NONE', *, *, #6205, .F. ) ;
#6215 = VERTEX_POINT ( 'NONE', #922 ) ;
#6216 = ORIENTED_EDGE ( 'NONE', *, *, #6217, .F. ) ;
#6217 = EDGE_CURVE ( 'NONE', #7697, #6041, #938, .T. ) ;
#6218 = ORIENTED_EDGE ( 'NONE', *, *, #7757, .F. ) ;
#6219 = EDGE_CURVE ( 'NONE', #7777, #6162, #862, .T. ) ;
#6220 = VERTEX_POINT ( 'NONE', #858 ) ;
#6221 = EDGE_CURVE ( 'NONE', #6220, #6156, #857, .T. ) ;
#6222 = EDGE_LOOP ( 'NONE', ( #6228, #5986, #6155, #6021 ) ) ;
#6223 = VERTEX_POINT ( 'NONE', #853 ) ;
#6224 = EDGE_CURVE ( 'NONE', #6223, #6156, #852, .T. ) ;
#6225 = ORIENTED_EDGE ( 'NONE', *, *, #6226, .F. ) ;
#6226 = EDGE_CURVE ( 'NONE', #5810, #6223, #868, .T. ) ;
#6227 = ADVANCED_FACE ( 'NONE', ( #1472 ), #1468, .F. ) ;
#6228 = ORIENTED_EDGE ( 'NONE', *, *, #6224, .T. ) ;
#6229 = ORIENTED_EDGE ( 'NONE', *, *, #6012, .T. ) ;
#6230 = EDGE_CURVE ( 'NONE', #6156, #5843, #1477, .T. ) ;
#6231 = EDGE_LOOP ( 'NONE', ( #6250, #6234, #6237, #6113 ) ) ;
#6232 = EDGE_CURVE ( 'NONE', #6240, #5754, #1440, .T. ) ;
#6233 = EDGE_CURVE ( 'NONE', #5651, #6246, #1460, .T. ) ;
#6234 = ORIENTED_EDGE ( 'NONE', *, *, #6233, .T. ) ;
#6235 = ADVANCED_FACE ( 'NONE', ( #1447 ), #1448, .F. ) ;
#6236 = EDGE_CURVE ( 'NONE', #6246, #6240, #1441, .T. ) ;
#6237 = ORIENTED_EDGE ( 'NONE', *, *, #6236, .T. ) ;
#6238 = EDGE_CURVE ( 'NONE', #6246, #6086, #1464, .T. ) ;
#6239 = ORIENTED_EDGE ( 'NONE', *, *, #6241, .F. ) ;
#6240 = VERTEX_POINT ( 'NONE', #1491 ) ;
#6241 = EDGE_CURVE ( 'NONE', #6240, #6084, #1459, .T. ) ;
#6242 = EDGE_CURVE ( 'NONE', #5658, #6086, #1453, .T. ) ;
#6243 = ORIENTED_EDGE ( 'NONE', *, *, #5650, .F. ) ;
#6244 = ORIENTED_EDGE ( 'NONE', *, *, #6236, .F. ) ;
#6245 = ORIENTED_EDGE ( 'NONE', *, *, #6242, .T. ) ;
#6246 = VERTEX_POINT ( 'NONE', #1454 ) ;
#6247 = ORIENTED_EDGE ( 'NONE', *, *, #6120, .T. ) ;
#6248 = ADVANCED_FACE ( 'NONE', ( #1474 ), #1494, .T. ) ;
#6249 = ORIENTED_EDGE ( 'NONE', *, *, #5756, .F. ) ;
#6250 = ORIENTED_EDGE ( 'NONE', *, *, #5653, .F. ) ;
#6251 = ORIENTED_EDGE ( 'NONE', *, *, #6232, .F. ) ;
#6252 = ORIENTED_EDGE ( 'NONE', *, *, #6241, .T. ) ;
#6253 = ORIENTED_EDGE ( 'NONE', *, *, #6238, .T. ) ;
#6254 = EDGE_LOOP ( 'NONE', ( #6243, #6245, #6287, #6109 ) ) ;
#6255 = EDGE_LOOP ( 'NONE', ( #6249, #6251, #6252, #6247 ) ) ;
#6256 = ORIENTED_EDGE ( 'NONE', *, *, #6257, .F. ) ;
#6257 = EDGE_CURVE ( 'NONE', #6258, #6151, #1436, .T. ) ;
#6258 = VERTEX_POINT ( 'NONE', #1480 ) ;
#6259 = ORIENTED_EDGE ( 'NONE', *, *, #6036, .F. ) ;
#6260 = ADVANCED_FACE ( 'NONE', ( #1479 ), #1478, .T. ) ;
#6261 = EDGE_CURVE ( 'NONE', #6447, #5621, #1485, .T. ) ;
#6262 = EDGE_CURVE ( 'NONE', #6162, #6447, #1429, .T. ) ;
#6263 = ORIENTED_EDGE ( 'NONE', *, *, #6264, .T. ) ;
#6264 = EDGE_CURVE ( 'NONE', #6041, #6265, #1004, .T. ) ;
#6265 = VERTEX_POINT ( 'NONE', #977 ) ;
#6266 = EDGE_CURVE ( 'NONE', #7568, #6447, #943, .T. ) ;
#6267 = ORIENTED_EDGE ( 'NONE', *, *, #6204, .F. ) ;
#6268 = ORIENTED_EDGE ( 'NONE', *, *, #6269, .F. ) ;
#6269 = EDGE_CURVE ( 'NONE', #6270, #6162, #958, .T. ) ;
#6270 = VERTEX_POINT ( 'NONE', #959 ) ;
#6271 = EDGE_CURVE ( 'NONE', #6033, #6270, #950, .T. ) ;
#6272 = EDGE_CURVE ( 'NONE', #5668, #6046, #998, .T. ) ;
#6273 = ADVANCED_FACE ( 'NONE', ( #1006 ), #999, .F. ) ;
#6274 = ADVANCED_FACE ( 'NONE', ( #1010 ), #1009, .F. ) ;
#6275 = EDGE_CURVE ( 'NONE', #6104, #6288, #972, .T. ) ;
#6276 = ADVANCED_FACE ( 'NONE', ( #1003 ), #1002, .F. ) ;
#6277 = EDGE_LOOP ( 'NONE', ( #6098, #6077, #6305, #6278 ) ) ;
#6278 = ORIENTED_EDGE ( 'NONE', *, *, #6279, .T. ) ;
#6279 = EDGE_CURVE ( 'NONE', #6301, #5853, #975, .T. ) ;
#6280 = ADVANCED_FACE ( 'NONE', ( #976 ), #952, .T. ) ;
#6281 = ORIENTED_EDGE ( 'NONE', *, *, #6275, .F. ) ;
#6282 = ORIENTED_EDGE ( 'NONE', *, *, #6078, .F. ) ;
#6283 = ADVANCED_FACE ( 'NONE', ( #954 ), #953, .F. ) ;
#6284 = EDGE_LOOP ( 'NONE', ( #6289, #6290, #6306, #6090 ) ) ;
#6285 = ORIENTED_EDGE ( 'NONE', *, *, #6100, .F. ) ;
#6286 = ORIENTED_EDGE ( 'NONE', *, *, #5889, .F. ) ;
#6287 = ORIENTED_EDGE ( 'NONE', *, *, #6238, .F. ) ;
#6288 = VERTEX_POINT ( 'NONE', #1023 ) ;
#6289 = ORIENTED_EDGE ( 'NONE', *, *, #5761, .F. ) ;
#6290 = ORIENTED_EDGE ( 'NONE', *, *, #6291, .F. ) ;
#6291 = EDGE_CURVE ( 'NONE', #6292, #5758, #944, .T. ) ;
#6292 = VERTEX_POINT ( 'NONE', #991 ) ;
#6293 = VERTEX_POINT ( 'NONE', #990 ) ;
#6294 = EDGE_CURVE ( 'NONE', #6104, #6301, #989, .T. ) ;
#6295 = EDGE_CURVE ( 'NONE', #5734, #6089, #1016, .T. ) ;
#6296 = ADVANCED_FACE ( 'NONE', ( #1049 ), #1038, .F. ) ;
#6297 = ORIENTED_EDGE ( 'NONE', *, *, #6307, .T. ) ;
#6298 = ORIENTED_EDGE ( 'NONE', *, *, #6299, .F. ) ;
#6299 = EDGE_CURVE ( 'NONE', #6032, #6292, #1029, .T. ) ;
#6300 = EDGE_CURVE ( 'NONE', #6301, #6293, #1040, .T. ) ;
#6301 = VERTEX_POINT ( 'NONE', #1041 ) ;
#6302 = EDGE_LOOP ( 'NONE', ( #6097, #6111, #6103, #6099 ) ) ;
#6303 = EDGE_CURVE ( 'NONE', #5881, #6288, #1052, .T. ) ;
#6304 = EDGE_LOOP ( 'NONE', ( #6286, #6102, #6285, #6112 ) ) ;
#6305 = ORIENTED_EDGE ( 'NONE', *, *, #6294, .T. ) ;
#6306 = ORIENTED_EDGE ( 'NONE', *, *, #6307, .F. ) ;
#6307 = EDGE_CURVE ( 'NONE', #6089, #6292, #1068, .T. ) ;
#6308 = ORIENTED_EDGE ( 'NONE', *, *, #6312, .T. ) ;
#6309 = ORIENTED_EDGE ( 'NONE', *, *, #6310, .T. ) ;
#6310 = EDGE_CURVE ( 'NONE', #6376, #6311, #1044, .T. ) ;
#6311 = VERTEX_POINT ( 'NONE', #1045 ) ;
#6312 = EDGE_CURVE ( 'NONE', #6179, #5700, #1027, .T. ) ;
#6313 = EDGE_CURVE ( 'NONE', #6464, #6390, #1061, .T. ) ;
#6314 = ADVANCED_FACE ( 'NONE', ( #1057 ), #1056, .T. ) ;
#6315 = ORIENTED_EDGE ( 'NONE', *, *, #6316, .F. ) ;
#6316 = EDGE_CURVE ( 'NONE', #6386, #6387, #1033, .T. ) ;
#6317 = EDGE_LOOP ( 'NONE', ( #6395, #6378, #6318, #6308 ) ) ;
#6318 = ORIENTED_EDGE ( 'NONE', *, *, #6178, .T. ) ;
#6319 = ADVANCED_FACE ( 'NONE', ( #1083 ), #1082, .T. ) ;
#6320 = EDGE_LOOP ( 'NONE', ( #6366, #6391, #6309, #6467 ) ) ;
#6321 = EDGE_LOOP ( 'NONE', ( #6435, #6407, #6421, #6426, #6427, #6488, #6492, #6478, #6495, #6487 ) ) ;
#6322 = EDGE_CURVE ( 'NONE', #4714, #6430, #1077, .T. ) ;
#6323 = EDGE_LOOP ( 'NONE', ( #6419, #6331, #6409, #6441 ) ) ;
#6324 = EDGE_CURVE ( 'NONE', #4718, #6440, #1075, .T. ) ;
#6325 = ORIENTED_EDGE ( 'NONE', *, *, #6327, .T. ) ;
#6326 = EDGE_CURVE ( 'NONE', #6429, #4727, #1086, .T. ) ;
#6327 = EDGE_CURVE ( 'NONE', #6440, #6430, #1114, .T. ) ;
#6328 = ADVANCED_FACE ( 'NONE', ( #1090 ), #1096, .F. ) ;
#6329 = ADVANCED_FACE ( 'NONE', ( #1108 ), #1119, .T. ) ;
#6330 = ORIENTED_EDGE ( 'NONE', *, *, #6322, .F. ) ;
#6331 = ORIENTED_EDGE ( 'NONE', *, *, #6417, .T. ) ;
#6332 = VERTEX_POINT ( 'NONE', #1115 ) ;
#6333 = ORIENTED_EDGE ( 'NONE', *, *, #5249, .T. ) ;
#6334 = ORIENTED_EDGE ( 'NONE', *, *, #6324, .T. ) ;
#6335 = ORIENTED_EDGE ( 'NONE', *, *, #4824, .F. ) ;
#6336 = ADVANCED_FACE ( 'NONE', ( #1113 ), #1112, .T. ) ;
#6337 = ORIENTED_EDGE ( 'NONE', *, *, #6468, .F. ) ;
#6338 = VERTEX_POINT ( 'NONE', #1105 ) ;
#6339 = ORIENTED_EDGE ( 'NONE', *, *, #6340, .T. ) ;
#6340 = EDGE_CURVE ( 'NONE', #6338, #6387, #1103, .T. ) ;
#6341 = EDGE_LOOP ( 'NONE', ( #6371, #6374, #8640, #8527 ) ) ;
#6342 = VERTEX_POINT ( 'NONE', #1104 ) ;
#6343 = ORIENTED_EDGE ( 'NONE', *, *, #6379, .T. ) ;
#6344 = ORIENTED_EDGE ( 'NONE', *, *, #6262, .F. ) ;
#6345 = VERTEX_POINT ( 'NONE', #1099 ) ;
#6346 = ADVANCED_FACE ( 'NONE', ( #1098 ), #1124, .F. ) ;
#6347 = EDGE_LOOP ( 'NONE', ( #6472, #5985, #6455, #6451 ) ) ;
#6348 = ORIENTED_EDGE ( 'NONE', *, *, #5820, .T. ) ;
#6349 = ORIENTED_EDGE ( 'NONE', *, *, #7018, .T. ) ;
#6350 = ORIENTED_EDGE ( 'NONE', *, *, #5140, .T. ) ;
#6351 = ORIENTED_EDGE ( 'NONE', *, *, #7053, .F. ) ;
#6352 = ORIENTED_EDGE ( 'NONE', *, *, #4414, .T. ) ;
#6353 = ORIENTED_EDGE ( 'NONE', *, *, #4418, .T. ) ;
#6354 = ORIENTED_EDGE ( 'NONE', *, *, #7801, .T. ) ;
#6355 = ORIENTED_EDGE ( 'NONE', *, *, #7586, .T. ) ;
#6356 = EDGE_LOOP ( 'NONE', ( #6357, #6362, #6476, #6363, #6361, #6358, #6500 ) ) ;
#6357 = ORIENTED_EDGE ( 'NONE', *, *, #5580, .T. ) ;
#6358 = ORIENTED_EDGE ( 'NONE', *, *, #5497, .T. ) ;
#6359 = EDGE_CURVE ( 'NONE', #7657, #5325, #1121, .T. ) ;
#6360 = ORIENTED_EDGE ( 'NONE', *, *, #6428, .F. ) ;
#6361 = ORIENTED_EDGE ( 'NONE', *, *, #6359, .T. ) ;
#6362 = ORIENTED_EDGE ( 'NONE', *, *, #6365, .T. ) ;
#6363 = ORIENTED_EDGE ( 'NONE', *, *, #7646, .T. ) ;
#6364 = ADVANCED_FACE ( 'NONE', ( #1122 ), #1136, .F. ) ;
#6365 = EDGE_CURVE ( 'NONE', #5482, #9177, #1129, .T. ) ;
#6366 = ORIENTED_EDGE ( 'NONE', *, *, #6313, .F. ) ;
#6367 = ORIENTED_EDGE ( 'NONE', *, *, #6312, .F. ) ;
#6368 = ADVANCED_FACE ( 'NONE', ( #1147 ), #1146, .T. ) ;
#6369 = ORIENTED_EDGE ( 'NONE', *, *, #6473, .F. ) ;
#6370 = ADVANCED_FACE ( 'NONE', ( #1144 ), #1156, .F. ) ;
#6371 = ORIENTED_EDGE ( 'NONE', *, *, #6372, .T. ) ;
#6372 = EDGE_CURVE ( 'NONE', #6373, #6338, #1161, .T. ) ;
#6373 = VERTEX_POINT ( 'NONE', #1162 ) ;
#6374 = ORIENTED_EDGE ( 'NONE', *, *, #6379, .F. ) ;
#6375 = EDGE_CURVE ( 'NONE', #5833, #6376, #1153, .T. ) ;
#6376 = VERTEX_POINT ( 'NONE', #1149 ) ;
#6377 = ORIENTED_EDGE ( 'NONE', *, *, #6375, .T. ) ;
#6378 = ORIENTED_EDGE ( 'NONE', *, *, #5808, .T. ) ;
#6379 = EDGE_CURVE ( 'NONE', #6342, #6338, #1087, .T. ) ;
#6380 = EDGE_LOOP ( 'NONE', ( #6385, #6382, #6384, #6383 ) ) ;
#6381 = ORIENTED_EDGE ( 'NONE', *, *, #6453, .F. ) ;
#6382 = ORIENTED_EDGE ( 'NONE', *, *, #6310, .F. ) ;
#6383 = ORIENTED_EDGE ( 'NONE', *, *, #5832, .T. ) ;
#6384 = ORIENTED_EDGE ( 'NONE', *, *, #6375, .F. ) ;
#6385 = ORIENTED_EDGE ( 'NONE', *, *, #6453, .T. ) ;
#6386 = VERTEX_POINT ( 'NONE', #1176 ) ;
#6387 = VERTEX_POINT ( 'NONE', #1166 ) ;
#6388 = ORIENTED_EDGE ( 'NONE', *, *, #6389, .F. ) ;
#6389 = EDGE_CURVE ( 'NONE', #6342, #6386, #1175, .T. ) ;
#6390 = VERTEX_POINT ( 'NONE', #1170 ) ;
#6391 = ORIENTED_EDGE ( 'NONE', *, *, #6444, .F. ) ;
#6392 = ORIENTED_EDGE ( 'NONE', *, *, #6469, .F. ) ;
#6393 = ORIENTED_EDGE ( 'NONE', *, *, #5984, .T. ) ;
#6394 = ADVANCED_FACE ( 'NONE', ( #1169 ), #1171, .F. ) ;
#6395 = ORIENTED_EDGE ( 'NONE', *, *, #6469, .T. ) ;
#6396 = ORIENTED_EDGE ( 'NONE', *, *, #6266, .T. ) ;
#6397 = ORIENTED_EDGE ( 'NONE', *, *, #6402, .F. ) ;
#6398 = ORIENTED_EDGE ( 'NONE', *, *, #5424, .T. ) ;
#6399 = ORIENTED_EDGE ( 'NONE', *, *, #7482, .T. ) ;
#6400 = EDGE_CURVE ( 'NONE', #6414, #6406, #1192, .T. ) ;
#6401 = ORIENTED_EDGE ( 'NONE', *, *, #6818, .T. ) ;
#6402 = EDGE_CURVE ( 'NONE', #5340, #7523, #1193, .T. ) ;
#6403 = ORIENTED_EDGE ( 'NONE', *, *, #6326, .T. ) ;
#6404 = ORIENTED_EDGE ( 'NONE', *, *, #7478, .T. ) ;
#6405 = ORIENTED_EDGE ( 'NONE', *, *, #9206, .T. ) ;
#6406 = VERTEX_POINT ( 'NONE', #1197 ) ;
#6407 = ORIENTED_EDGE ( 'NONE', *, *, #6420, .T. ) ;
#6408 = ORIENTED_EDGE ( 'NONE', *, *, #6326, .F. ) ;
#6409 = ORIENTED_EDGE ( 'NONE', *, *, #6415, .F. ) ;
#6410 = ORIENTED_EDGE ( 'NONE', *, *, #6439, .F. ) ;
#6411 = ORIENTED_EDGE ( 'NONE', *, *, #4716, .F. ) ;
#6412 = ADVANCED_FACE ( 'NONE', ( #1183 ), #1182, .F. ) ;
#6413 = EDGE_CURVE ( 'NONE', #6423, #6414, #1214, .T. ) ;
#6414 = VERTEX_POINT ( 'NONE', #1185 ) ;
#6415 = EDGE_CURVE ( 'NONE', #6418, #6332, #1210, .T. ) ;
#6416 = EDGE_LOOP ( 'NONE', ( #6330, #6411, #6334, #6325 ) ) ;
#6417 = EDGE_CURVE ( 'NONE', #6414, #6332, #1205, .T. ) ;
#6418 = VERTEX_POINT ( 'NONE', #1206 ) ;
#6419 = ORIENTED_EDGE ( 'NONE', *, *, #6413, .T. ) ;
#6420 = EDGE_CURVE ( 'NONE', #6437, #4931, #1201, .T. ) ;
#6421 = ORIENTED_EDGE ( 'NONE', *, *, #4948, .F. ) ;
#6422 = EDGE_LOOP ( 'NONE', ( #6438, #6410, #6333, #6432 ) ) ;
#6423 = VERTEX_POINT ( 'NONE', #1238 ) ;
#6424 = EDGE_CURVE ( 'NONE', #4724, #6425, #1228, .T. ) ;
#6425 = VERTEX_POINT ( 'NONE', #1237 ) ;
#6426 = ORIENTED_EDGE ( 'NONE', *, *, #4835, .T. ) ;
#6427 = ORIENTED_EDGE ( 'NONE', *, *, #4842, .T. ) ;
#6428 = EDGE_CURVE ( 'NONE', #6429, #6425, #1230, .T. ) ;
#6429 = VERTEX_POINT ( 'NONE', #1231 ) ;
#6430 = VERTEX_POINT ( 'NONE', #1225 ) ;
#6431 = ORIENTED_EDGE ( 'NONE', *, *, #6428, .T. ) ;
#6432 = ORIENTED_EDGE ( 'NONE', *, *, #5153, .T. ) ;
#6433 = ORIENTED_EDGE ( 'NONE', *, *, #6424, .F. ) ;
#6434 = ADVANCED_FACE ( 'NONE', ( #1223 ), #1222, .F. ) ;
#6435 = ORIENTED_EDGE ( 'NONE', *, *, #6436, .F. ) ;
#6436 = EDGE_CURVE ( 'NONE', #6437, #6406, #1235, .T. ) ;
#6437 = VERTEX_POINT ( 'NONE', #1236 ) ;
#6438 = ORIENTED_EDGE ( 'NONE', *, *, #4908, .T. ) ;
#6439 = EDGE_CURVE ( 'NONE', #5246, #4931, #1219, .T. ) ;
#6440 = VERTEX_POINT ( 'NONE', #1220 ) ;
#6441 = ORIENTED_EDGE ( 'NONE', *, *, #6442, .F. ) ;
#6442 = EDGE_CURVE ( 'NONE', #6423, #6418, #1244, .T. ) ;
#6443 = ORIENTED_EDGE ( 'NONE', *, *, #6444, .T. ) ;
#6444 = EDGE_CURVE ( 'NONE', #6376, #6464, #1252, .T. ) ;
#6445 = ORIENTED_EDGE ( 'NONE', *, *, #5901, .T. ) ;
#6446 = ORIENTED_EDGE ( 'NONE', *, *, #6457, .T. ) ;
#6447 = VERTEX_POINT ( 'NONE', #1253 ) ;
#6448 = EDGE_LOOP ( 'NONE', ( #6212, #6035, #6268, #6207 ) ) ;
#6449 = ADVANCED_FACE ( 'NONE', ( #1255 ), #1249, .F. ) ;
#6450 = EDGE_LOOP ( 'NONE', ( #6315, #6388, #6343, #6339 ) ) ;
#6451 = ORIENTED_EDGE ( 'NONE', *, *, #6313, .T. ) ;
#6452 = EDGE_LOOP ( 'NONE', ( #6381, #6454, #6369, #6337 ) ) ;
#6453 = EDGE_CURVE ( 'NONE', #5834, #6311, #1282, .T. ) ;
#6454 = ORIENTED_EDGE ( 'NONE', *, *, #5869, .T. ) ;
#6455 = ORIENTED_EDGE ( 'NONE', *, *, #6462, .T. ) ;
#6456 = EDGE_LOOP ( 'NONE', ( #6471, #6377, #6443, #6461 ) ) ;
#6457 = EDGE_CURVE ( 'NONE', #5821, #6060, #1269, .T. ) ;
#6458 = ORIENTED_EDGE ( 'NONE', *, *, #6059, .F. ) ;
#6459 = EDGE_LOOP ( 'NONE', ( #6466, #6348, #6392, #6393 ) ) ;
#6460 = ORIENTED_EDGE ( 'NONE', *, *, #6171, .F. ) ;
#6461 = ORIENTED_EDGE ( 'NONE', *, *, #6462, .F. ) ;
#6462 = EDGE_CURVE ( 'NONE', #5905, #6464, #1270, .T. ) ;
#6463 = EDGE_LOOP ( 'NONE', ( #6446, #6458, #6460, #6445 ) ) ;
#6464 = VERTEX_POINT ( 'NONE', #1273 ) ;
#6465 = EDGE_CURVE ( 'NONE', #6345, #7713, #1263, .T. ) ;
#6466 = ORIENTED_EDGE ( 'NONE', *, *, #6457, .F. ) ;
#6467 = ORIENTED_EDGE ( 'NONE', *, *, #6468, .T. ) ;
#6468 = EDGE_CURVE ( 'NONE', #6311, #6390, #1278, .T. ) ;
#6469 = EDGE_CURVE ( 'NONE', #5700, #5809, #1279, .T. ) ;
#6470 = ADVANCED_FACE ( 'NONE', ( #1261 ), #1180, .F. ) ;
#6471 = ORIENTED_EDGE ( 'NONE', *, *, #5904, .F. ) ;
#6472 = ORIENTED_EDGE ( 'NONE', *, *, #6473, .T. ) ;
#6473 = EDGE_CURVE ( 'NONE', #6390, #5906, #1403, .T. ) ;
#6474 = ORIENTED_EDGE ( 'NONE', *, *, #6465, .T. ) ;
#6475 = EDGE_CURVE ( 'NONE', #6425, #9186, #1385, .T. ) ;
#6476 = ORIENTED_EDGE ( 'NONE', *, *, #9175, .F. ) ;
#6477 = ORIENTED_EDGE ( 'NONE', *, *, #6497, .T. ) ;
#6478 = ORIENTED_EDGE ( 'NONE', *, *, #6491, .T. ) ;
#6479 = ORIENTED_EDGE ( 'NONE', *, *, #6489, .T. ) ;
#6480 = ORIENTED_EDGE ( 'NONE', *, *, #6489, .F. ) ;
#6481 = ORIENTED_EDGE ( 'NONE', *, *, #9184, .T. ) ;
#6482 = ORIENTED_EDGE ( 'NONE', *, *, #6402, .T. ) ;
#6483 = ADVANCED_FACE ( 'NONE', ( #1325 ), #1402, .F. ) ;
#6484 = EDGE_LOOP ( 'NONE', ( #6490, #6405, #6479, #6403, #6401, #6482, #6399 ) ) ;
#6485 = EDGE_LOOP ( 'NONE', ( #6477, #6404, #6397, #6398 ) ) ;
#6486 = ADVANCED_FACE ( 'NONE', ( #1398 ), #1401, .F. ) ;
#6487 = ORIENTED_EDGE ( 'NONE', *, *, #6400, .T. ) ;
#6488 = ORIENTED_EDGE ( 'NONE', *, *, #4717, .T. ) ;
#6489 = EDGE_CURVE ( 'NONE', #9185, #6429, #1297, .T. ) ;
#6490 = ORIENTED_EDGE ( 'NONE', *, *, #9198, .F. ) ;
#6491 = EDGE_CURVE ( 'NONE', #6430, #6332, #1339, .T. ) ;
#6492 = ORIENTED_EDGE ( 'NONE', *, *, #6322, .T. ) ;
#6493 = ADVANCED_FACE ( 'NONE', ( #1328 ), #1327, .F. ) ;
#6494 = EDGE_LOOP ( 'NONE', ( #6480, #6481, #6496, #6360 ) ) ;
#6495 = ORIENTED_EDGE ( 'NONE', *, *, #6417, .F. ) ;
#6496 = ORIENTED_EDGE ( 'NONE', *, *, #6475, .F. ) ;
#6497 = EDGE_CURVE ( 'NONE', #4937, #7522, #1388, .T. ) ;
#6498 = ORIENTED_EDGE ( 'NONE', *, *, #6173, .T. ) ;
#6499 = ADVANCED_FACE ( 'NONE', ( #1289 ), #1288, .F. ) ;
#6500 = ORIENTED_EDGE ( 'NONE', *, *, #5507, .T. ) ;
#6501 = EDGE_LOOP ( 'NONE', ( #6505, #6352, #6353, #6350, #6354, #6509, #6351, #6349, #6526, #6516, #6527, #6528, #6522, #6517, #6519, #6524 ) ) ;
#6502 = ORIENTED_EDGE ( 'NONE', *, *, #6359, .F. ) ;
#6503 = EDGE_CURVE ( 'NONE', #4415, #5487, #1286, .T. ) ;
#6504 = EDGE_LOOP ( 'NONE', ( #6502, #6355, #6507, #6525 ) ) ;
#6505 = ORIENTED_EDGE ( 'NONE', *, *, #6503, .F. ) ;
#6506 = ADVANCED_FACE ( 'NONE', ( #1305 ), #1303, .T. ) ;
#6507 = ORIENTED_EDGE ( 'NONE', *, *, #6529, .F. ) ;
#6508 = ADVANCED_FACE ( 'NONE', ( #1338 ), #1304, .F. ) ;
#6509 = ORIENTED_EDGE ( 'NONE', *, *, #7354, .T. ) ;
#6510 = EDGE_LOOP ( 'NONE', ( #6548, #6539, #6605, #6537 ) ) ;
#6511 = ORIENTED_EDGE ( 'NONE', *, *, #6518, .T. ) ;
#6512 = ADVANCED_FACE ( 'NONE', ( #1336 ), #1332, .T. ) ;
#6513 = EDGE_LOOP ( 'NONE', ( #6570, #6571, #6566 ) ) ;
#6514 = ORIENTED_EDGE ( 'NONE', *, *, #6903, .T. ) ;
#6515 = ORIENTED_EDGE ( 'NONE', *, *, #6523, .F. ) ;
#6516 = ORIENTED_EDGE ( 'NONE', *, *, #5029, .F. ) ;
#6517 = ORIENTED_EDGE ( 'NONE', *, *, #9208, .T. ) ;
#6518 = EDGE_CURVE ( 'NONE', #6414, #7514, #1384, .T. ) ;
#6519 = ORIENTED_EDGE ( 'NONE', *, *, #6365, .F. ) ;
#6520 = ORIENTED_EDGE ( 'NONE', *, *, #6400, .F. ) ;
#6521 = EDGE_LOOP ( 'NONE', ( #6515, #6520, #6511, #6530 ) ) ;
#6522 = ORIENTED_EDGE ( 'NONE', *, *, #4420, .T. ) ;
#6523 = EDGE_CURVE ( 'NONE', #6406, #7495, #1414, .T. ) ;
#6524 = ORIENTED_EDGE ( 'NONE', *, *, #5478, .T. ) ;
#6525 = ORIENTED_EDGE ( 'NONE', *, *, #5327, .F. ) ;
#6526 = ORIENTED_EDGE ( 'NONE', *, *, #7899, .T. ) ;
#6527 = ORIENTED_EDGE ( 'NONE', *, *, #4434, .F. ) ;
#6528 = ORIENTED_EDGE ( 'NONE', *, *, #4449, .T. ) ;
#6529 = EDGE_CURVE ( 'NONE', #4735, #7472, #1409, .T. ) ;
#6530 = ORIENTED_EDGE ( 'NONE', *, *, #6595, .F. ) ;
#6531 = EDGE_CURVE ( 'NONE', #7492, #5107, #1427, .T. ) ;
#6532 = ADVANCED_FACE ( 'NONE', ( #1422 ), #1421, .T. ) ;
#6533 = ADVANCED_FACE ( 'NONE', ( #1419 ), #1317, .T. ) ;
#6534 = ORIENTED_EDGE ( 'NONE', *, *, #5109, .T. ) ;
#6535 = ORIENTED_EDGE ( 'NONE', *, *, #6518, .F. ) ;
#6536 = ADVANCED_FACE ( 'NONE', ( #1315 ), #1311, .F. ) ;
#6537 = ORIENTED_EDGE ( 'NONE', *, *, #5116, .F. ) ;
#6538 = EDGE_LOOP ( 'NONE', ( #6599, #6603, #6601 ) ) ;
#6539 = ORIENTED_EDGE ( 'NONE', *, *, #6436, .T. ) ;
#6540 = EDGE_CURVE ( 'NONE', #6437, #5122, #1309, .T. ) ;
#6541 = ORIENTED_EDGE ( 'NONE', *, *, #7591, .F. ) ;
#6542 = ORIENTED_EDGE ( 'NONE', *, *, #6551, .T. ) ;
#6543 = ORIENTED_EDGE ( 'NONE', *, *, #6531, .T. ) ;
#6544 = EDGE_CURVE ( 'NONE', #5107, #6423, #1373, .T. ) ;
#6545 = ORIENTED_EDGE ( 'NONE', *, *, #6578, .F. ) ;
#6546 = ADVANCED_FACE ( 'NONE', ( #1367 ), #1369, .F. ) ;
#6547 = ORIENTED_EDGE ( 'NONE', *, *, #7494, .T. ) ;
#6548 = ORIENTED_EDGE ( 'NONE', *, *, #6540, .F. ) ;
#6549 = ORIENTED_EDGE ( 'NONE', *, *, #7516, .T. ) ;
#6550 = EDGE_CURVE ( 'NONE', #6423, #7490, #1366, .T. ) ;
#6551 = EDGE_CURVE ( 'NONE', #4686, #7667, #1358, .T. ) ;
#6552 = ORIENTED_EDGE ( 'NONE', *, *, #7527, .F. ) ;
#6553 = ORIENTED_EDGE ( 'NONE', *, *, #6550, .T. ) ;
#6554 = ORIENTED_EDGE ( 'NONE', *, *, #6531, .F. ) ;
#6555 = ORIENTED_EDGE ( 'NONE', *, *, #6551, .F. ) ;
#6556 = EDGE_LOOP ( 'NONE', ( #6534, #6542, #6541, #6543 ) ) ;
#6557 = ADVANCED_FACE ( 'NONE', ( #1353 ), #1352, .F. ) ;
#6558 = EDGE_LOOP ( 'NONE', ( #6618, #6622, #6650, #6653, #6651, #6590, #6591 ) ) ;
#6559 = EDGE_LOOP ( 'NONE', ( #6560, #6587, #6588, #6834 ) ) ;
#6560 = ORIENTED_EDGE ( 'NONE', *, *, #6561, .F. ) ;
#6561 = EDGE_CURVE ( 'NONE', #7470, #6418, #1346, .T. ) ;
#6562 = ADVANCED_FACE ( 'NONE', ( #1342 ), #1509, .F. ) ;
#6563 = ORIENTED_EDGE ( 'NONE', *, *, #6564, .T. ) ;
#6564 = EDGE_CURVE ( 'NONE', #7510, #6437, #1533, .T. ) ;
#6565 = ORIENTED_EDGE ( 'NONE', *, *, #6540, .T. ) ;
#6566 = ORIENTED_EDGE ( 'NONE', *, *, #6572, .T. ) ;
#6567 = EDGE_CURVE ( 'NONE', #7498, #5122, #1501, .T. ) ;
#6568 = ADVANCED_FACE ( 'NONE', ( #1530 ), #1518, .F. ) ;
#6569 = EDGE_LOOP ( 'NONE', ( #6655, #6625, #6614, #6633, #6652 ) ) ;
#6570 = ORIENTED_EDGE ( 'NONE', *, *, #6600, .F. ) ;
#6571 = ORIENTED_EDGE ( 'NONE', *, *, #7735, .T. ) ;
#6572 = EDGE_CURVE ( 'NONE', #7680, #5160, #1505, .T. ) ;
#6573 = ORIENTED_EDGE ( 'NONE', *, *, #6567, .F. ) ;
#6574 = EDGE_LOOP ( 'NONE', ( #6582, #6553, #6549, #6535 ) ) ;
#6575 = ADVANCED_FACE ( 'NONE', ( #1531 ), #1516, .T. ) ;
#6576 = ORIENTED_EDGE ( 'NONE', *, *, #6523, .T. ) ;
#6577 = ORIENTED_EDGE ( 'NONE', *, *, #5275, .F. ) ;
#6578 = EDGE_CURVE ( 'NONE', #6406, #4686, #1512, .T. ) ;
#6579 = ORIENTED_EDGE ( 'NONE', *, *, #6550, .F. ) ;
#6580 = ORIENTED_EDGE ( 'NONE', *, *, #6544, .F. ) ;
#6581 = EDGE_LOOP ( 'NONE', ( #6545, #6576, #6547, #6555 ) ) ;
#6582 = ORIENTED_EDGE ( 'NONE', *, *, #6413, .F. ) ;
#6583 = ORIENTED_EDGE ( 'NONE', *, *, #6584, .T. ) ;
#6584 = EDGE_CURVE ( 'NONE', #6430, #7577, #1525, .T. ) ;
#6585 = ORIENTED_EDGE ( 'NONE', *, *, #7551, .F. ) ;
#6586 = ADVANCED_FACE ( 'NONE', ( #1592 ), #1622, .F. ) ;
#6587 = ORIENTED_EDGE ( 'NONE', *, *, #7529, .F. ) ;
#6588 = ORIENTED_EDGE ( 'NONE', *, *, #6589, .F. ) ;
#6589 = EDGE_CURVE ( 'NONE', #6440, #7556, #1568, .T. ) ;
#6590 = ORIENTED_EDGE ( 'NONE', *, *, #5158, .F. ) ;
#6591 = ORIENTED_EDGE ( 'NONE', *, *, #6641, .T. ) ;
#6592 = ORIENTED_EDGE ( 'NONE', *, *, #5113, .F. ) ;
#6593 = ORIENTED_EDGE ( 'NONE', *, *, #5114, .T. ) ;
#6594 = EDGE_LOOP ( 'NONE', ( #6579, #6580, #6554, #6552 ) ) ;
#6595 = EDGE_CURVE ( 'NONE', #7495, #7514, #1567, .T. ) ;
#6596 = ADVANCED_FACE ( 'NONE', ( #1607 ), #1549, .F. ) ;
#6597 = EDGE_LOOP ( 'NONE', ( #6598, #6563, #6565, #6573 ) ) ;
#6598 = ORIENTED_EDGE ( 'NONE', *, *, #7509, .F. ) ;
#6599 = ORIENTED_EDGE ( 'NONE', *, *, #6604, .T. ) ;
#6600 = EDGE_CURVE ( 'NONE', #7681, #5160, #1537, .T. ) ;
#6601 = ORIENTED_EDGE ( 'NONE', *, *, #5167, .F. ) ;
#6602 = ADVANCED_FACE ( 'NONE', ( #1538 ), #1590, .T. ) ;
#6603 = ORIENTED_EDGE ( 'NONE', *, *, #6600, .T. ) ;
#6604 = EDGE_CURVE ( 'NONE', #5168, #7681, #1570, .T. ) ;
#6605 = ORIENTED_EDGE ( 'NONE', *, *, #6578, .T. ) ;
#6606 = ADVANCED_FACE ( 'NONE', ( #1601 ), #1589, .F. ) ;
#6607 = ORIENTED_EDGE ( 'NONE', *, *, #6645, .T. ) ;
#6608 = EDGE_LOOP ( 'NONE', ( #6609, #6610, #6643, #6646, #6637, #6624, #6636, #6654, #6656, #6657 ) ) ;
#6609 = ORIENTED_EDGE ( 'NONE', *, *, #4941, .T. ) ;
#6610 = ORIENTED_EDGE ( 'NONE', *, *, #5111, .T. ) ;
#6611 = ORIENTED_EDGE ( 'NONE', *, *, #6620, .T. ) ;
#6612 = EDGE_LOOP ( 'NONE', ( #6613, #6611, #6619, #6659, #6639, #6640 ) ) ;
#6613 = ORIENTED_EDGE ( 'NONE', *, *, #9193, .F. ) ;
#6614 = ORIENTED_EDGE ( 'NONE', *, *, #7585, .F. ) ;
#6615 = ORIENTED_EDGE ( 'NONE', *, *, #6620, .F. ) ;
#6616 = ORIENTED_EDGE ( 'NONE', *, *, #6617, .T. ) ;
#6617 = EDGE_CURVE ( 'NONE', #7496, #6332, #1612, .T. ) ;
#6618 = ORIENTED_EDGE ( 'NONE', *, *, #7596, .F. ) ;
#6619 = ORIENTED_EDGE ( 'NONE', *, *, #5156, .F. ) ;
#6620 = EDGE_CURVE ( 'NONE', #9204, #5150, #1613, .T. ) ;
#6621 = EDGE_LOOP ( 'NONE', ( #6634, #6626, #6592, #6593, #6649 ) ) ;
#6622 = ORIENTED_EDGE ( 'NONE', *, *, #7676, .F. ) ;
#6623 = ORIENTED_EDGE ( 'NONE', *, *, #5157, .T. ) ;
#6624 = ORIENTED_EDGE ( 'NONE', *, *, #6635, .T. ) ;
#6625 = ORIENTED_EDGE ( 'NONE', *, *, #6564, .F. ) ;
#6626 = ORIENTED_EDGE ( 'NONE', *, *, #6567, .T. ) ;
#6627 = EDGE_LOOP ( 'NONE', ( #6660, #6607, #6623, #6615 ) ) ;
#6628 = ORIENTED_EDGE ( 'NONE', *, *, #6584, .F. ) ;
#6629 = EDGE_CURVE ( 'NONE', #6893, #6758, #1615, .T. ) ;
#6630 = ORIENTED_EDGE ( 'NONE', *, *, #6679, .F. ) ;
#6631 = ORIENTED_EDGE ( 'NONE', *, *, #6589, .T. ) ;
#6632 = ORIENTED_EDGE ( 'NONE', *, *, #6629, .T. ) ;
#6633 = ORIENTED_EDGE ( 'NONE', *, *, #6641, .F. ) ;
#6634 = ORIENTED_EDGE ( 'NONE', *, *, #7508, .F. ) ;
#6635 = EDGE_CURVE ( 'NONE', #6418, #6440, #1620, .T. ) ;
#6636 = ORIENTED_EDGE ( 'NONE', *, *, #6324, .F. ) ;
#6637 = ORIENTED_EDGE ( 'NONE', *, *, #6442, .T. ) ;
#6638 = ADVANCED_FACE ( 'NONE', ( #1621 ), #1610, .T. ) ;
#6639 = ORIENTED_EDGE ( 'NONE', *, *, #6572, .F. ) ;
#6640 = ORIENTED_EDGE ( 'NONE', *, *, #7718, .F. ) ;
#6641 = EDGE_CURVE ( 'NONE', #5246, #7597, #1565, .T. ) ;
#6642 = ADVANCED_FACE ( 'NONE', ( #1561 ), #1560, .T. ) ;
#6643 = ORIENTED_EDGE ( 'NONE', *, *, #5105, .F. ) ;
#6644 = ORIENTED_EDGE ( 'NONE', *, *, #6491, .F. ) ;
#6645 = EDGE_CURVE ( 'NONE', #9165, #5234, #1574, .T. ) ;
#6646 = ORIENTED_EDGE ( 'NONE', *, *, #6544, .T. ) ;
#6647 = ADVANCED_FACE ( 'NONE', ( #1552 ), #1550, .F. ) ;
#6648 = ADVANCED_FACE ( 'NONE', ( #1582 ), #1578, .T. ) ;
#6649 = ORIENTED_EDGE ( 'NONE', *, *, #6645, .F. ) ;
#6650 = ORIENTED_EDGE ( 'NONE', *, *, #6604, .F. ) ;
#6651 = ORIENTED_EDGE ( 'NONE', *, *, #5189, .T. ) ;
#6652 = ORIENTED_EDGE ( 'NONE', *, *, #6439, .T. ) ;
#6653 = ORIENTED_EDGE ( 'NONE', *, *, #5177, .F. ) ;
#6654 = ORIENTED_EDGE ( 'NONE', *, *, #4969, .T. ) ;
#6655 = ORIENTED_EDGE ( 'NONE', *, *, #6420, .F. ) ;
#6656 = ORIENTED_EDGE ( 'NONE', *, *, #4918, .F. ) ;
#6657 = ORIENTED_EDGE ( 'NONE', *, *, #4840, .T. ) ;
#6658 = EDGE_LOOP ( 'NONE', ( #6616, #6644, #6583, #6585 ) ) ;
#6659 = ORIENTED_EDGE ( 'NONE', *, *, #5162, .F. ) ;
#6660 = ORIENTED_EDGE ( 'NONE', *, *, #9217, .F. ) ;
#6661 = EDGE_CURVE ( 'NONE', #6758, #6870, #1626, .T. ) ;
#6662 = EDGE_LOOP ( 'NONE', ( #6677, #6632, #6702 ) ) ;
#6663 = ORIENTED_EDGE ( 'NONE', *, *, #6629, .F. ) ;
#6664 = VERTEX_POINT ( 'NONE', #1659 ) ;
#6665 = ORIENTED_EDGE ( 'NONE', *, *, #6921, .T. ) ;
#6666 = ORIENTED_EDGE ( 'NONE', *, *, #6903, .F. ) ;
#6667 = ORIENTED_EDGE ( 'NONE', *, *, #7476, .T. ) ;
#6668 = ORIENTED_EDGE ( 'NONE', *, *, #6669, .T. ) ;
#6669 = EDGE_CURVE ( 'NONE', #6664, #6870, #1647, .T. ) ;
#6670 = ORIENTED_EDGE ( 'NONE', *, *, #6759, .F. ) ;
#6671 = ORIENTED_EDGE ( 'NONE', *, *, #6713, .T. ) ;
#6672 = ORIENTED_EDGE ( 'NONE', *, *, #6759, .T. ) ;
#6673 = ORIENTED_EDGE ( 'NONE', *, *, #7555, .T. ) ;
#6674 = ORIENTED_EDGE ( 'NONE', *, *, #7521, .T. ) ;
#6675 = EDGE_LOOP ( 'NONE', ( #6830, #6672, #6897, #6663, #6630 ) ) ;
#6676 = ORIENTED_EDGE ( 'NONE', *, *, #7458, .F. ) ;
#6677 = ORIENTED_EDGE ( 'NONE', *, *, #6678, .F. ) ;
#6678 = EDGE_CURVE ( 'NONE', #6893, #7664, #1678, .T. ) ;
#6679 = EDGE_CURVE ( 'NONE', #6919, #6893, #1673, .T. ) ;
#6680 = ADVANCED_FACE ( 'NONE', ( #1646 ), #1643, .T. ) ;
#6681 = ORIENTED_EDGE ( 'NONE', *, *, #6689, .T. ) ;
#6682 = ORIENTED_EDGE ( 'NONE', *, *, #6877, .F. ) ;
#6683 = ORIENTED_EDGE ( 'NONE', *, *, #9141, .F. ) ;
#6684 = ORIENTED_EDGE ( 'NONE', *, *, #4806, .T. ) ;
#6685 = ORIENTED_EDGE ( 'NONE', *, *, #4654, .T. ) ;
#6686 = ORIENTED_EDGE ( 'NONE', *, *, #4636, .T. ) ;
#6687 = ADVANCED_FACE ( 'NONE', ( #1641 ), #1645, .T. ) ;
#6688 = ORIENTED_EDGE ( 'NONE', *, *, #7875, .F. ) ;
#6689 = EDGE_CURVE ( 'NONE', #7796, #6664, #1685, .T. ) ;
#6690 = ORIENTED_EDGE ( 'NONE', *, *, #7848, .T. ) ;
#6691 = ORIENTED_EDGE ( 'NONE', *, *, #4664, .T. ) ;
#6692 = EDGE_CURVE ( 'NONE', #6771, #6693, #1656, .T. ) ;
#6693 = VERTEX_POINT ( 'NONE', #1681 ) ;
#6694 = ORIENTED_EDGE ( 'NONE', *, *, #8589, .T. ) ;
#6695 = ADVANCED_FACE ( 'NONE', ( #1680 ), #1658, .F. ) ;
#6696 = ORIENTED_EDGE ( 'NONE', *, *, #6843, .T. ) ;
#6697 = EDGE_CURVE ( 'NONE', #8590, #8445, #1664, .T. ) ;
#6698 = EDGE_LOOP ( 'NONE', ( #6808, #6809, #6701, #6807 ) ) ;
#6699 = ORIENTED_EDGE ( 'NONE', *, *, #6727, .T. ) ;
#6700 = ADVANCED_FACE ( 'NONE', ( #1635 ), #1675, .T. ) ;
#6701 = ORIENTED_EDGE ( 'NONE', *, *, #6806, .T. ) ;
#6702 = ORIENTED_EDGE ( 'NONE', *, *, #6898, .F. ) ;
#6703 = ORIENTED_EDGE ( 'NONE', *, *, #4743, .T. ) ;
#6704 = ORIENTED_EDGE ( 'NONE', *, *, #4892, .T. ) ;
#6705 = ORIENTED_EDGE ( 'NONE', *, *, #4867, .T. ) ;
#6706 = EDGE_LOOP ( 'NONE', ( #6803, #6690, #6889, #6890, #6886, #6887 ) ) ;
#6707 = EDGE_CURVE ( 'NONE', #7665, #6758, #1652, .T. ) ;
#6708 = ORIENTED_EDGE ( 'NONE', *, *, #4909, .T. ) ;
#6709 = ORIENTED_EDGE ( 'NONE', *, *, #6424, .T. ) ;
#6710 = ORIENTED_EDGE ( 'NONE', *, *, #6475, .T. ) ;
#6711 = ORIENTED_EDGE ( 'NONE', *, *, #9195, .F. ) ;
#6712 = ORIENTED_EDGE ( 'NONE', *, *, #4652, .T. ) ;
#6713 = EDGE_CURVE ( 'NONE', #7588, #6922, #4348, .T. ) ;
#6714 = ORIENTED_EDGE ( 'NONE', *, *, #7475, .T. ) ;
#6715 = EDGE_LOOP ( 'NONE', ( #6717, #6716, #6714, #6671, #6878, #6882, #6879 ) ) ;
#6716 = ORIENTED_EDGE ( 'NONE', *, *, #4410, .T. ) ;
#6717 = ORIENTED_EDGE ( 'NONE', *, *, #7790, .T. ) ;
#6718 = ORIENTED_EDGE ( 'NONE', *, *, #6713, .F. ) ;
#6719 = ORIENTED_EDGE ( 'NONE', *, *, #6814, .F. ) ;
#6720 = EDGE_LOOP ( 'NONE', ( #6813, #6719, #6815, #6699 ) ) ;
#6721 = ORIENTED_EDGE ( 'NONE', *, *, #6838, .F. ) ;
#6722 = ORIENTED_EDGE ( 'NONE', *, *, #6811, .T. ) ;
#6723 = ORIENTED_EDGE ( 'NONE', *, *, #8635, .F. ) ;
#6724 = ORIENTED_EDGE ( 'NONE', *, *, #8583, .T. ) ;
#6725 = EDGE_LOOP ( 'NONE', ( #6724, #6721, #6723, #6722 ) ) ;
#6726 = ADVANCED_FACE ( 'NONE', ( #4299 ), #4303, .F. ) ;
#6727 = EDGE_CURVE ( 'NONE', #8641, #6744, #4307, .T. ) ;
#6728 = ORIENTED_EDGE ( 'NONE', *, *, #6737, .F. ) ;
#6729 = ORIENTED_EDGE ( 'NONE', *, *, #6727, .F. ) ;
#6730 = ORIENTED_EDGE ( 'NONE', *, *, #8620, .T. ) ;
#6731 = ORIENTED_EDGE ( 'NONE', *, *, #8460, .F. ) ;
#6732 = EDGE_LOOP ( 'NONE', ( #6731, #6730, #6728, #6729 ) ) ;
#6733 = ADVANCED_FACE ( 'NONE', ( #4322 ), #4320, .T. ) ;
#6734 = ORIENTED_EDGE ( 'NONE', *, *, #8446, .F. ) ;
#6735 = ORIENTED_EDGE ( 'NONE', *, *, #8507, .T. ) ;
#6736 = ORIENTED_EDGE ( 'NONE', *, *, #8587, .F. ) ;
#6737 = EDGE_CURVE ( 'NONE', #6744, #8566, #4294, .T. ) ;
#6738 = ORIENTED_EDGE ( 'NONE', *, *, #6743, .F. ) ;
#6739 = EDGE_LOOP ( 'NONE', ( #6742, #6837, #6735, #6734 ) ) ;
#6740 = ORIENTED_EDGE ( 'NONE', *, *, #6340, .F. ) ;
#6741 = ORIENTED_EDGE ( 'NONE', *, *, #6737, .T. ) ;
#6742 = ORIENTED_EDGE ( 'NONE', *, *, #8619, .T. ) ;
#6743 = EDGE_CURVE ( 'NONE', #6744, #6839, #4318, .T. ) ;
#6744 = VERTEX_POINT ( 'NONE', #4319 ) ;
#6745 = ADVANCED_FACE ( 'NONE', ( #4314 ), #4313, .F. ) ;
#6746 = ORIENTED_EDGE ( 'NONE', *, *, #5521, .T. ) ;
#6747 = ORIENTED_EDGE ( 'NONE', *, *, #4384, .F. ) ;
#6748 = ORIENTED_EDGE ( 'NONE', *, *, #7501, .T. ) ;
#6749 = ORIENTED_EDGE ( 'NONE', *, *, #5744, .T. ) ;
#6750 = ORIENTED_EDGE ( 'NONE', *, *, #7542, .T. ) ;
#6751 = ORIENTED_EDGE ( 'NONE', *, *, #6595, .T. ) ;
#6752 = ORIENTED_EDGE ( 'NONE', *, *, #5616, .T. ) ;
#6753 = ORIENTED_EDGE ( 'NONE', *, *, #5839, .F. ) ;
#6754 = ORIENTED_EDGE ( 'NONE', *, *, #7720, .T. ) ;
#6755 = ORIENTED_EDGE ( 'NONE', *, *, #9110, .T. ) ;
#6756 = CLOSED_SHELL ( 'NONE', ( #9215, #9238, #9216, #9222, #9146, #7549, #7601, #7483, #7659, #7778, #7678, #7672, #7696, #7753, #7849, #7845, #7748, #7736, #7898, #8137, #7972, #7974, #7906, #7922, #7935, #8088, #8278, #8106, #8133, #8299, #8320, #8207, #8691, #8376, #8435, #8405, #8866, #8912, #8361, #9056, #9089, #9129, #9048, #9126, #9109, #9112, #4363, #4350, #4369, #4355, #4367, #4391, #9210, #4400, #4402, #4464, #4454, #4395, #4550, #4486, #4553, #4525, #4441, #4511, #4571, #4567, #4522, #4596, #4561, #4642, #4901, #4790, #4632, #4817, #4631, #4853, #4611, #4628, #4656, #4625, #4876, #4644, #4647, #5462, #5563, #5588, #4678, #4779, #4985, #5008, #5014, #4997, #5024, #5149, #5055, #5134, #5138, #5137, #5071, #5074, #5188, #5494, #5598, #5608, #5534, #5543, #5613, #5518, #6260, #6211, #6195, #6146, #6200, #6037, #6166, #6208, #5547, #5740, #5644, #5730, #5552, #5727, #5737, #5870, #5841, #5961, #5796, #6016, #6018, #5806, #5935, #6003, #5933, #5974, #5965, #5927, #5989, #6011, #6273, #6052, #6057, #6129, #6050, #6227, #6135, #6140, #6079, #6124, #6116, #6235, #6248, #6114, #6274, #6101, #6276, #6280, #6093, #6283, #6296, #6187, #6070, #6190, #6181, #6174, #6394, #6499, #6319, #6470, #6368, #6346, #6449, #6336, #6314, #6370, #8448, #8457, #8500, #6745, #6733, #6726, #6812, #6700, #6695, #6789, #6766, #6773, #6795, #6779, #7116, #7139, #7088, #7227, #7223, #7188, #6930, #7231, #7214, #7228, #6931, #7076, #7072, #7199, #7218, #7027, #6948, #7006, #6953, #6944, #7034, #7025, #7059, #7017, #7015, #7346, #7364, #7379, #7339, #7278, #7334, #7330, #7304, #7311, #7448, #7244, #7351, #7404, #7397, #7275, #7297, #8463, #7293, #8565, #8564, #8596, #8598, #8488, #8607, #8610, #4695, #4848, #4823, #4843, #4734, #4715, #4919, #4926, #4911, #4951, #4966, #5001, #5022, #5229, #5078, #5047, #5087, #5173, #5175, #5178, #5151, #5118, #5103, #5295, #5383, #5260, #5347, #5395, #5299, #5255, #5269, #5308, #5317, #5279, #5288, #5337, #5498, #5273, #5430, #5527, #5632, #5433, #5491, #5510, #5480, #5571, #5416, #5578, #5567, #6851, #6865, #6820, #6412, #6329, #6328, #6434, #6483, #6486, #6493, #6364, #6508, #6506, #6512, #6596, #6532, #6575, #6533, #6546, #6536, #6602, #6562, #6568, #6606, #6647, #6557, #6642, #6648, #6638, #6586, #6836, #6895, #6761, #6680, #6832, #6816, #6901, #6880, #6875, #6802, #6687, #6891 ) ) ;
#6757 = ORIENTED_EDGE ( 'NONE', *, *, #7609, .T. ) ;
#6758 = VERTEX_POINT ( 'NONE', #4334 ) ;
#6759 = EDGE_CURVE ( 'NONE', #6894, #6870, #4333, .T. ) ;
#6760 = ORIENTED_EDGE ( 'NONE', *, *, #6561, .T. ) ;
#6761 = ADVANCED_FACE ( 'NONE', ( #4329 ), #4328, .F. ) ;
#6762 = ORIENTED_EDGE ( 'NONE', *, *, #8444, .T. ) ;
#6763 = VERTEX_POINT ( 'NONE', #4326 ) ;
#6764 = EDGE_LOOP ( 'NONE', ( #6796, #6777, #6788, #6792 ) ) ;
#6765 = VERTEX_POINT ( 'NONE', #4345 ) ;
#6766 = ADVANCED_FACE ( 'NONE', ( #4344 ), #4343, .F. ) ;
#6767 = ORIENTED_EDGE ( 'NONE', *, *, #6768, .F. ) ;
#6768 = EDGE_CURVE ( 'NONE', #6765, #6771, #4338, .T. ) ;
#6769 = ORIENTED_EDGE ( 'NONE', *, *, #5446, .T. ) ;
#6770 = EDGE_CURVE ( 'NONE', #6771, #6790, #2729, .T. ) ;
#6771 = VERTEX_POINT ( 'NONE', #2722 ) ;
#6772 = ORIENTED_EDGE ( 'NONE', *, *, #6775, .T. ) ;
#6773 = ADVANCED_FACE ( 'NONE', ( #2699 ), #2725, .F. ) ;
#6774 = ORIENTED_EDGE ( 'NONE', *, *, #6784, .T. ) ;
#6775 = EDGE_CURVE ( 'NONE', #6763, #6790, #2720, .T. ) ;
#6776 = ORIENTED_EDGE ( 'NONE', *, *, #8512, .F. ) ;
#6777 = ORIENTED_EDGE ( 'NONE', *, *, #6778, .F. ) ;
#6778 = EDGE_CURVE ( 'NONE', #6787, #6693, #2696, .T. ) ;
#6779 = ADVANCED_FACE ( 'NONE', ( #2727 ), #2721, .F. ) ;
#6780 = EDGE_LOOP ( 'NONE', ( #6781, #7115, #7112, #7983 ) ) ;
#6781 = ORIENTED_EDGE ( 'NONE', *, *, #6782, .T. ) ;
#6782 = EDGE_CURVE ( 'NONE', #6844, #6790, #2716, .T. ) ;
#6783 = EDGE_LOOP ( 'NONE', ( #6774, #6772, #6786, #6767 ) ) ;
#6784 = EDGE_CURVE ( 'NONE', #6765, #6763, #2711, .T. ) ;
#6785 = ORIENTED_EDGE ( 'NONE', *, *, #6806, .F. ) ;
#6786 = ORIENTED_EDGE ( 'NONE', *, *, #6770, .F. ) ;
#6787 = VERTEX_POINT ( 'NONE', #2730 ) ;
#6788 = ORIENTED_EDGE ( 'NONE', *, *, #6791, .F. ) ;
#6789 = ADVANCED_FACE ( 'NONE', ( #2807 ), #2796, .T. ) ;
#6790 = VERTEX_POINT ( 'NONE', #2781 ) ;
#6791 = EDGE_CURVE ( 'NONE', #6765, #6787, #2783, .T. ) ;
#6792 = ORIENTED_EDGE ( 'NONE', *, *, #6768, .T. ) ;
#6793 = ORIENTED_EDGE ( 'NONE', *, *, #6697, .T. ) ;
#6794 = ORIENTED_EDGE ( 'NONE', *, *, #5471, .F. ) ;
#6795 = ADVANCED_FACE ( 'NONE', ( #2743 ), #2787, .F. ) ;
#6796 = ORIENTED_EDGE ( 'NONE', *, *, #6692, .T. ) ;
#6797 = ORIENTED_EDGE ( 'NONE', *, *, #5469, .T. ) ;
#6798 = ORIENTED_EDGE ( 'NONE', *, *, #8404, .T. ) ;
#6799 = ORIENTED_EDGE ( 'NONE', *, *, #8790, .T. ) ;
#6800 = ORIENTED_EDGE ( 'NONE', *, *, #4961, .F. ) ;
#6801 = ORIENTED_EDGE ( 'NONE', *, *, #4438, .T. ) ;
#6802 = ADVANCED_FACE ( 'NONE', ( #2748 ), #2832, .T. ) ;
#6803 = ORIENTED_EDGE ( 'NONE', *, *, #6689, .F. ) ;
#6804 = EDGE_LOOP ( 'NONE', ( #6805, #6696, #6810, #6694 ) ) ;
#6805 = ORIENTED_EDGE ( 'NONE', *, *, #6814, .T. ) ;
#6806 = EDGE_CURVE ( 'NONE', #8513, #8586, #2774, .T. ) ;
#6807 = ORIENTED_EDGE ( 'NONE', *, *, #8585, .F. ) ;
#6808 = ORIENTED_EDGE ( 'NONE', *, *, #6811, .F. ) ;
#6809 = ORIENTED_EDGE ( 'NONE', *, *, #8629, .F. ) ;
#6810 = ORIENTED_EDGE ( 'NONE', *, *, #6697, .F. ) ;
#6811 = EDGE_CURVE ( 'NONE', #8631, #8453, #2834, .T. ) ;
#6812 = ADVANCED_FACE ( 'NONE', ( #2827 ), #2835, .F. ) ;
#6813 = ORIENTED_EDGE ( 'NONE', *, *, #6743, .T. ) ;
#6814 = EDGE_CURVE ( 'NONE', #8638, #6839, #2754, .T. ) ;
#6815 = ORIENTED_EDGE ( 'NONE', *, *, #8637, .F. ) ;
#6816 = ADVANCED_FACE ( 'NONE', ( #2808 ), #2750, .F. ) ;
#6817 = ORIENTED_EDGE ( 'NONE', *, *, #6818, .F. ) ;
#6818 = EDGE_CURVE ( 'NONE', #4727, #5340, #2776, .T. ) ;
#6819 = ORIENTED_EDGE ( 'NONE', *, *, #4838, .F. ) ;
#6820 = ADVANCED_FACE ( 'NONE', ( #2815 ), #2814, .F. ) ;
#6821 = EDGE_LOOP ( 'NONE', ( #6433, #6335, #6408, #6431 ) ) ;
#6822 = ORIENTED_EDGE ( 'NONE', *, *, #6529, .T. ) ;
#6823 = ORIENTED_EDGE ( 'NONE', *, *, #5612, .T. ) ;
#6824 = ORIENTED_EDGE ( 'NONE', *, *, #6036, .T. ) ;
#6825 = ORIENTED_EDGE ( 'NONE', *, *, #5212, .T. ) ;
#6826 = ORIENTED_EDGE ( 'NONE', *, *, #7618, .T. ) ;
#6827 = ORIENTED_EDGE ( 'NONE', *, *, #5981, .F. ) ;
#6828 = ORIENTED_EDGE ( 'NONE', *, *, #6164, .T. ) ;
#6829 = ORIENTED_EDGE ( 'NONE', *, *, #6169, .T. ) ;
#6830 = ORIENTED_EDGE ( 'NONE', *, *, #6867, .T. ) ;
#6831 = EDGE_CURVE ( 'NONE', #6922, #6919, #2823, .T. ) ;
#6832 = ADVANCED_FACE ( 'NONE', ( #2794 ), #2793, .T. ) ;
#6833 = ORIENTED_EDGE ( 'NONE', *, *, #6327, .F. ) ;
#6834 = ORIENTED_EDGE ( 'NONE', *, *, #6635, .F. ) ;
#6835 = ORIENTED_EDGE ( 'NONE', *, *, #6415, .T. ) ;
#6836 = ADVANCED_FACE ( 'NONE', ( #2791 ), #2760, .T. ) ;
#6837 = ORIENTED_EDGE ( 'NONE', *, *, #6838, .T. ) ;
#6838 = EDGE_CURVE ( 'NONE', #8617, #8508, #2758, .T. ) ;
#6839 = VERTEX_POINT ( 'NONE', #2767 ) ;
#6840 = ORIENTED_EDGE ( 'NONE', *, *, #6843, .F. ) ;
#6841 = ORIENTED_EDGE ( 'NONE', *, *, #6946, .T. ) ;
#6842 = EDGE_CURVE ( 'NONE', #7394, #8571, #2766, .T. ) ;
#6843 = EDGE_CURVE ( 'NONE', #6839, #8445, #2761, .T. ) ;
#6844 = VERTEX_POINT ( 'NONE', #2738 ) ;
#6845 = EDGE_LOOP ( 'NONE', ( #7578, #4878, #4881, #4883 ) ) ;
#6846 = ORIENTED_EDGE ( 'NONE', *, *, #6853, .T. ) ;
#6847 = ORIENTED_EDGE ( 'NONE', *, *, #5007, .T. ) ;
#6848 = ORIENTED_EDGE ( 'NONE', *, *, #5046, .T. ) ;
#6849 = ORIENTED_EDGE ( 'NONE', *, *, #4903, .F. ) ;
#6850 = ORIENTED_EDGE ( 'NONE', *, *, #5486, .F. ) ;
#6851 = ADVANCED_FACE ( 'NONE', ( #2737, #2736 ), #2735, .F. ) ;
#6852 = ORIENTED_EDGE ( 'NONE', *, *, #5572, .F. ) ;
#6853 = EDGE_CURVE ( 'NONE', #5203, #5228, #2804, .T. ) ;
#6854 = ORIENTED_EDGE ( 'NONE', *, *, #5581, .F. ) ;
#6855 = ORIENTED_EDGE ( 'NONE', *, *, #5089, .F. ) ;
#6856 = EDGE_LOOP ( 'NONE', ( #6866, #6846, #6850, #6817, #6819 ) ) ;
#6857 = ORIENTED_EDGE ( 'NONE', *, *, #5077, .T. ) ;
#6858 = ORIENTED_EDGE ( 'NONE', *, *, #5037, .T. ) ;
#6859 = EDGE_LOOP ( 'NONE', ( #6854, #6863, #6852, #6861, #6855, #6864 ) ) ;
#6860 = EDGE_LOOP ( 'NONE', ( #6848, #6857, #6858, #6847, #6862, #6849 ) ) ;
#6861 = ORIENTED_EDGE ( 'NONE', *, *, #5199, .T. ) ;
#6862 = ORIENTED_EDGE ( 'NONE', *, *, #4995, .T. ) ;
#6863 = ORIENTED_EDGE ( 'NONE', *, *, #4507, .T. ) ;
#6864 = ORIENTED_EDGE ( 'NONE', *, *, #6853, .F. ) ;
#6865 = ADVANCED_FACE ( 'NONE', ( #2800 ), #2839, .F. ) ;
#6866 = ORIENTED_EDGE ( 'NONE', *, *, #5261, .T. ) ;
#6867 = EDGE_CURVE ( 'NONE', #6919, #6894, #2858, .T. ) ;
#6868 = EDGE_LOOP ( 'NONE', ( #6904, #6920, #6923, #6924 ) ) ;
#6869 = EDGE_LOOP ( 'NONE', ( #6676, #6760, #6835, #6900 ) ) ;
#6870 = VERTEX_POINT ( 'NONE', #2859 ) ;
#6871 = EDGE_LOOP ( 'NONE', ( #6874, #6872, #6873 ) ) ;
#6872 = ORIENTED_EDGE ( 'NONE', *, *, #6898, .T. ) ;
#6873 = ORIENTED_EDGE ( 'NONE', *, *, #6707, .F. ) ;
#6874 = ORIENTED_EDGE ( 'NONE', *, *, #7663, .F. ) ;
#6875 = ADVANCED_FACE ( 'NONE', ( #2872 ), #2841, .T. ) ;
#6876 = ORIENTED_EDGE ( 'NONE', *, *, #6877, .T. ) ;
#6877 = EDGE_CURVE ( 'NONE', #7602, #6664, #2910, .T. ) ;
#6878 = ORIENTED_EDGE ( 'NONE', *, *, #6831, .T. ) ;
#6879 = ORIENTED_EDGE ( 'NONE', *, *, #6678, .T. ) ;
#6880 = ADVANCED_FACE ( 'NONE', ( #2897 ), #2885, .F. ) ;
#6881 = EDGE_LOOP ( 'NONE', ( #6670, #6665, #6666, #6667, #6876, #6668 ) ) ;
#6882 = ORIENTED_EDGE ( 'NONE', *, *, #6679, .T. ) ;
#6883 = ORIENTED_EDGE ( 'NONE', *, *, #5073, .T. ) ;
#6884 = ORIENTED_EDGE ( 'NONE', *, *, #5230, .T. ) ;
#6885 = ORIENTED_EDGE ( 'NONE', *, *, #4923, .T. ) ;
#6886 = ORIENTED_EDGE ( 'NONE', *, *, #6661, .T. ) ;
#6887 = ORIENTED_EDGE ( 'NONE', *, *, #6669, .F. ) ;
#6888 = EDGE_LOOP ( 'NONE', ( #6688, #6681, #6682, #6683 ) ) ;
#6889 = ORIENTED_EDGE ( 'NONE', *, *, #7579, .F. ) ;
#6890 = ORIENTED_EDGE ( 'NONE', *, *, #6707, .T. ) ;
#6891 = ADVANCED_FACE ( 'NONE', ( #2886 ), #2891, .T. ) ;
#6892 = EDGE_LOOP ( 'NONE', ( #6906, #6907, #6708, #6709, #6710, #6711, #6914, #6915, #6908, #6909, #6910, #6684, #6685, #6686, #6911, #6912, #6913, #6691, #6703, #6704, #6705, #6712, #6797, #6798, #6799, #6800, #6801, #6916, #6917, #6577, #6885, #6822, #6826, #6755, #6757, #6825, #6883, #6884, #6827, #6823, #6752, #6746, #6753, #6824, #6828, #6829, #6754, #6747, #6748, #6749, #6750, #6751 ) ) ;
#6893 = VERTEX_POINT ( 'NONE', #2909 ) ;
#6894 = VERTEX_POINT ( 'NONE', #2844 ) ;
#6895 = ADVANCED_FACE ( 'NONE', ( #2843 ), #2911, .T. ) ;
#6896 = EDGE_LOOP ( 'NONE', ( #6833, #6631, #6673, #6628 ) ) ;
#6897 = ORIENTED_EDGE ( 'NONE', *, *, #6661, .F. ) ;
#6898 = EDGE_CURVE ( 'NONE', #7664, #6758, #2871, .T. ) ;
#6899 = EDGE_LOOP ( 'NONE', ( #6674, #6514, #6902, #6718 ) ) ;
#6900 = ORIENTED_EDGE ( 'NONE', *, *, #6617, .F. ) ;
#6901 = ADVANCED_FACE ( 'NONE', ( #2838 ), #2837, .T. ) ;
#6902 = ORIENTED_EDGE ( 'NONE', *, *, #6905, .F. ) ;
#6903 = EDGE_CURVE ( 'NONE', #7518, #6918, #2905, .T. ) ;
#6904 = ORIENTED_EDGE ( 'NONE', *, *, #6905, .T. ) ;
#6905 = EDGE_CURVE ( 'NONE', #6922, #6918, #2865, .T. ) ;
#6906 = ORIENTED_EDGE ( 'NONE', *, *, #7513, .T. ) ;
#6907 = ORIENTED_EDGE ( 'NONE', *, *, #6497, .F. ) ;
#6908 = ORIENTED_EDGE ( 'NONE', *, *, #8288, .T. ) ;
#6909 = ORIENTED_EDGE ( 'NONE', *, *, #8122, .T. ) ;
#6910 = ORIENTED_EDGE ( 'NONE', *, *, #4747, .T. ) ;
#6911 = ORIENTED_EDGE ( 'NONE', *, *, #4799, .T. ) ;
#6912 = ORIENTED_EDGE ( 'NONE', *, *, #4815, .T. ) ;
#6913 = ORIENTED_EDGE ( 'NONE', *, *, #8434, .T. ) ;
#6914 = ORIENTED_EDGE ( 'NONE', *, *, #8263, .T. ) ;
#6915 = ORIENTED_EDGE ( 'NONE', *, *, #4542, .F. ) ;
#6916 = ORIENTED_EDGE ( 'NONE', *, *, #6503, .T. ) ;
#6917 = ORIENTED_EDGE ( 'NONE', *, *, #5525, .T. ) ;
#6918 = VERTEX_POINT ( 'NONE', #2846 ) ;
#6919 = VERTEX_POINT ( 'NONE', #2845 ) ;
#6920 = ORIENTED_EDGE ( 'NONE', *, *, #6921, .F. ) ;
#6921 = EDGE_CURVE ( 'NONE', #6894, #6918, #2884, .T. ) ;
#6922 = VERTEX_POINT ( 'NONE', #2901 ) ;
#6923 = ORIENTED_EDGE ( 'NONE', *, *, #6867, .F. ) ;
#6924 = ORIENTED_EDGE ( 'NONE', *, *, #6831, .F. ) ;
#6925 = EDGE_CURVE ( 'NONE', #7174, #7147, #2900, .T. ) ;
#6926 = ORIENTED_EDGE ( 'NONE', *, *, #7089, .T. ) ;
#6927 = ORIENTED_EDGE ( 'NONE', *, *, #6925, .T. ) ;
#6928 = EDGE_CURVE ( 'NONE', #7171, #7136, #2878, .T. ) ;
#6929 = ORIENTED_EDGE ( 'NONE', *, *, #7721, .F. ) ;
#6930 = ADVANCED_FACE ( 'NONE', ( #2857 ), #2852, .T. ) ;
#6931 = ADVANCED_FACE ( 'NONE', ( #2936 ), #2975, .T. ) ;
#6932 = VERTEX_POINT ( 'NONE', #2977 ) ;
#6933 = ORIENTED_EDGE ( 'NONE', *, *, #7224, .F. ) ;
#6934 = ORIENTED_EDGE ( 'NONE', *, *, #7124, .F. ) ;
#6935 = EDGE_LOOP ( 'NONE', ( #7031, #6985, #6986, #7045 ) ) ;
#6936 = ORIENTED_EDGE ( 'NONE', *, *, #6928, .T. ) ;
#6937 = ORIENTED_EDGE ( 'NONE', *, *, #7087, .T. ) ;
#6938 = VERTEX_POINT ( 'NONE', #2976 ) ;
#6939 = ORIENTED_EDGE ( 'NONE', *, *, #6943, .T. ) ;
#6940 = EDGE_CURVE ( 'NONE', #7730, #6938, #2949, .T. ) ;
#6941 = EDGE_LOOP ( 'NONE', ( #6942, #7019, #7036, #6841 ) ) ;
#6942 = ORIENTED_EDGE ( 'NONE', *, *, #6940, .F. ) ;
#6943 = EDGE_CURVE ( 'NONE', #7758, #7562, #2928, .T. ) ;
#6944 = ADVANCED_FACE ( 'NONE', ( #2918 ), #2929, .T. ) ;
#6945 = EDGE_CURVE ( 'NONE', #6938, #5911, #2974, .T. ) ;
#6946 = EDGE_CURVE ( 'NONE', #6990, #6938, #2933, .T. ) ;
#6947 = ORIENTED_EDGE ( 'NONE', *, *, #7564, .T. ) ;
#6948 = ADVANCED_FACE ( 'NONE', ( #2969 ), #2966, .F. ) ;
#6949 = ORIENTED_EDGE ( 'NONE', *, *, #7716, .T. ) ;
#6950 = EDGE_LOOP ( 'NONE', ( #6983, #6980, #6981, #6951 ) ) ;
#6951 = ORIENTED_EDGE ( 'NONE', *, *, #6946, .F. ) ;
#6952 = CARTESIAN_POINT ( 'NONE',  ( 2.541466207270222600E-016, -0.04999999999999969700, 2.809999999999995600 ) ) ;
#6953 = ADVANCED_FACE ( 'NONE', ( #2967 ), #2934, .F. ) ;
#6954 = DIRECTION ( 'NONE',  ( 0.0000000000000000000, 0.0000000000000000000, 1.000000000000000000 ) ) ;
#6955 = DIRECTION ( 'NONE',  ( -1.000000000000000000, 0.0000000000000000000, 0.0000000000000000000 ) ) ;
#6956 = AXIS2_PLACEMENT_3D ( 'NONE', #6952, #6955, #6954 ) ;
#6957 = CYLINDRICAL_SURFACE ( 'NONE', #6956, 0.2500000000000002200 ) ;
#6958 = VECTOR ( 'NONE', #6964, 1000.000000000000000 ) ;
#6959 = FACE_OUTER_BOUND ( 'NONE', #4450, .T. ) ;
#6960 = DIRECTION ( 'NONE',  ( 1.000000000000000000, 1.099474886651785200E-029, 0.0000000000000000000 ) ) ;
#6961 = VECTOR ( 'NONE', #6960, 1000.000000000000000 ) ;
#6962 = CARTESIAN_POINT ( 'NONE',  ( -5.650000000000172700, -1.149999999999923700, 11.59999999999999400 ) ) ;
#6963 = LINE ( 'NONE', #6962, #6961 ) ;
#6964 = DIRECTION ( 'NONE',  ( -1.000000000000000000, 0.0000000000000000000, 0.0000000000000000000 ) ) ;
#6965 = DIRECTION ( 'NONE',  ( -0.0000000000000000000, 1.000000000000000000, 0.0000000000000000000 ) ) ;
#6966 = VECTOR ( 'NONE', #6965, 1000.000000000000000 ) ;
#6967 = CARTESIAN_POINT ( 'NONE',  ( 5.900000000000000400, 0.2000000000000011800, 7.199999999999995700 ) ) ;
#6968 = LINE ( 'NONE', #6967, #6966 ) ;
#6969 = AXIS2_PLACEMENT_3D ( 'NONE', #6971, #6972, #6977 ) ;
#6970 = PLANE ( 'NONE',  #6969 ) ;
#6971 = CARTESIAN_POINT ( 'NONE',  ( -6.950000000000000200, -0.2398477157360403800, 6.989847715736035900 ) ) ;
#6972 = DIRECTION ( 'NONE',  ( 0.0000000000000000000, -0.7071067811865456900, -0.7071067811865493500 ) ) ;
#6973 = DIRECTION ( 'NONE',  ( 1.000000000000000000, -0.0000000000000000000, 0.0000000000000000000 ) ) ;
#6974 = VECTOR ( 'NONE', #6973, 1000.000000000000000 ) ;
#6975 = CARTESIAN_POINT ( 'NONE',  ( -6.850000000000000500, -0.7999999999999997100, 9.499999999999998200 ) ) ;
#6976 = LINE ( 'NONE', #6975, #6974 ) ;
#6977 = DIRECTION ( 'NONE',  ( 0.0000000000000000000, 0.7071067811865493500, -0.7071067811865456900 ) ) ;
#6978 = EDGE_CURVE ( 'NONE', #7766, #6990, #2947, .T. ) ;
#6979 = ORIENTED_EDGE ( 'NONE', *, *, #6978, .F. ) ;
#6980 = ORIENTED_EDGE ( 'NONE', *, *, #5868, .T. ) ;
#6981 = ORIENTED_EDGE ( 'NONE', *, *, #6945, .F. ) ;
#6982 = EDGE_LOOP ( 'NONE', ( #6992, #7029, #6949, #6939 ) ) ;
#6983 = ORIENTED_EDGE ( 'NONE', *, *, #6991, .T. ) ;
#6984 = ORIENTED_EDGE ( 'NONE', *, *, #7050, .T. ) ;
#6985 = ORIENTED_EDGE ( 'NONE', *, *, #5954, .T. ) ;
#6986 = ORIENTED_EDGE ( 'NONE', *, *, #7824, .F. ) ;
#6987 = ORIENTED_EDGE ( 'NONE', *, *, #6943, .F. ) ;
#6988 = ORIENTED_EDGE ( 'NONE', *, *, #7745, .F. ) ;
#6989 = ORIENTED_EDGE ( 'NONE', *, *, #6991, .F. ) ;
#6990 = VERTEX_POINT ( 'NONE', #2948 ) ;
#6991 = EDGE_CURVE ( 'NONE', #6990, #5951, #2961, .T. ) ;
#6992 = ORIENTED_EDGE ( 'NONE', *, *, #7561, .F. ) ;
#6993 = ORIENTED_EDGE ( 'NONE', *, *, #6015, .T. ) ;
#6994 = ORIENTED_EDGE ( 'NONE', *, *, #7727, .T. ) ;
#6995 = CARTESIAN_POINT ( 'NONE',  ( -6.650000000000000400, -0.04999999999999969700, 2.809999999999995600 ) ) ;
#6996 = CARTESIAN_POINT ( 'NONE',  ( -6.650000000000000400, -0.4500000000000001200, 7.199999999999995700 ) ) ;
#6997 = AXIS2_PLACEMENT_3D ( 'NONE', #6995, #7005, #6999 ) ;
#6998 = CARTESIAN_POINT ( 'NONE',  ( -6.650000000000000400, 0.2000000000000003200, 2.809999999999995600 ) ) ;
#6999 = DIRECTION ( 'NONE',  ( 0.0000000000000000000, 0.0000000000000000000, 1.000000000000000000 ) ) ;
#7000 = CARTESIAN_POINT ( 'NONE',  ( -6.650000000000000400, 0.3750000000000022800, 6.374999999999997300 ) ) ;
#7001 = CARTESIAN_POINT ( 'NONE',  ( -6.949999999999999300, -0.4500000000000009500, 7.199999999999995700 ) ) ;
#7002 = VECTOR ( 'NONE', #7035, 1000.000000000000000 ) ;
#7003 = CIRCLE ( 'NONE', #6997, 0.2500000000000002200 ) ;
#7004 = LINE ( 'NONE', #7001, #6958 ) ;
#7005 = DIRECTION ( 'NONE',  ( 1.000000000000000000, -0.0000000000000000000, -0.0000000000000000000 ) ) ;
#7006 = ADVANCED_FACE ( 'NONE', ( #2940 ), #2939, .F. ) ;
#7007 = ORIENTED_EDGE ( 'NONE', *, *, #5912, .F. ) ;
#7008 = EDGE_CURVE ( 'NONE', #7762, #7030, #2954, .T. ) ;
#7009 = ORIENTED_EDGE ( 'NONE', *, *, #7018, .F. ) ;
#7010 = ORIENTED_EDGE ( 'NONE', *, *, #6940, .T. ) ;
#7011 = EDGE_LOOP ( 'NONE', ( #7288, #7449, #7390, #7410 ) ) ;
#7012 = VERTEX_POINT ( 'NONE', #2950 ) ;
#7013 = ORIENTED_EDGE ( 'NONE', *, *, #7051, .T. ) ;
#7014 = EDGE_CURVE ( 'NONE', #7038, #7037, #2799, .T. ) ;
#7015 = ADVANCED_FACE ( 'NONE', ( #2988 ), #2997, .T. ) ;
#7016 = ORIENTED_EDGE ( 'NONE', *, *, #7051, .F. ) ;
#7017 = ADVANCED_FACE ( 'NONE', ( #3040 ), #3044, .T. ) ;
#7018 = EDGE_CURVE ( 'NONE', #7038, #7900, #3023, .T. ) ;
#7019 = ORIENTED_EDGE ( 'NONE', *, *, #7729, .F. ) ;
#7020 = EDGE_CURVE ( 'NONE', #7030, #7037, #3009, .T. ) ;
#7021 = ORIENTED_EDGE ( 'NONE', *, *, #7020, .F. ) ;
#7022 = EDGE_CURVE ( 'NONE', #7030, #7012, #3033, .T. ) ;
#7023 = ORIENTED_EDGE ( 'NONE', *, *, #7053, .T. ) ;
#7024 = ORIENTED_EDGE ( 'NONE', *, *, #7858, .T. ) ;
#7025 = ADVANCED_FACE ( 'NONE', ( #3036 ), #3006, .F. ) ;
#7026 = EDGE_LOOP ( 'NONE', ( #7009, #7044, #7016, #7041 ) ) ;
#7027 = ADVANCED_FACE ( 'NONE', ( #3028 ), #3034, .F. ) ;
#7028 = ORIENTED_EDGE ( 'NONE', *, *, #7853, .F. ) ;
#7029 = ORIENTED_EDGE ( 'NONE', *, *, #5849, .T. ) ;
#7030 = VERTEX_POINT ( 'NONE', #3035 ) ;
#7031 = ORIENTED_EDGE ( 'NONE', *, *, #7629, .T. ) ;
#7032 = DIRECTION ( 'NONE',  ( -0.0000000000000000000, -0.0000000000000000000, 1.000000000000000000 ) ) ;
#7033 = CARTESIAN_POINT ( 'NONE',  ( 6.100000000000000500, -1.649999999999999700, 9.499999999999998200 ) ) ;
#7034 = ADVANCED_FACE ( 'NONE', ( #2998 ), #3042, .T. ) ;
#7035 = DIRECTION ( 'NONE',  ( -0.0000000000000000000, 0.7071067811865493500, -0.7071067811865456900 ) ) ;
#7036 = ORIENTED_EDGE ( 'NONE', *, *, #6978, .T. ) ;
#7037 = VERTEX_POINT ( 'NONE', #3043 ) ;
#7038 = VERTEX_POINT ( 'NONE', #3024 ) ;
#7039 = ORIENTED_EDGE ( 'NONE', *, *, #7022, .F. ) ;
#7040 = ORIENTED_EDGE ( 'NONE', *, *, #7008, .F. ) ;
#7041 = ORIENTED_EDGE ( 'NONE', *, *, #7846, .F. ) ;
#7042 = EDGE_LOOP ( 'NONE', ( #7007, #7028, #7010, #7047 ) ) ;
#7043 = EDGE_LOOP ( 'NONE', ( #7040, #7024, #7013, #7021 ) ) ;
#7044 = ORIENTED_EDGE ( 'NONE', *, *, #7014, .T. ) ;
#7045 = ORIENTED_EDGE ( 'NONE', *, *, #7050, .F. ) ;
#7046 = ORIENTED_EDGE ( 'NONE', *, *, #7020, .T. ) ;
#7047 = ORIENTED_EDGE ( 'NONE', *, *, #6945, .T. ) ;
#7048 = EDGE_LOOP ( 'NONE', ( #6994, #6993, #6989, #6979 ) ) ;
#7049 = ORIENTED_EDGE ( 'NONE', *, *, #7014, .F. ) ;
#7050 = EDGE_CURVE ( 'NONE', #7630, #7565, #3010, .T. ) ;
#7051 = EDGE_CURVE ( 'NONE', #7896, #7037, #3011, .T. ) ;
#7052 = EDGE_LOOP ( 'NONE', ( #7049, #7023, #7039, #7046 ) ) ;
#7053 = EDGE_CURVE ( 'NONE', #7038, #7012, #2996, .T. ) ;
#7054 = DIRECTION ( 'NONE',  ( 0.0000000000000000000, -0.04825290580208593800, 0.9988351501031863500 ) ) ;
#7055 = CARTESIAN_POINT ( 'NONE',  ( -6.650000000000000400, -0.04999999999999969700, 3.059999999999996100 ) ) ;
#7056 = LINE ( 'NONE', #7055, #7060 ) ;
#7057 = LINE ( 'NONE', #7000, #7002 ) ;
#7058 = VECTOR ( 'NONE', #7032, 1000.000000000000000 ) ;
#7059 = ADVANCED_FACE ( 'NONE', ( #3047 ), #3045, .F. ) ;
#7060 = VECTOR ( 'NONE', #7054, 1000.000000000000100 ) ;
#7061 = CARTESIAN_POINT ( 'NONE',  ( -5.950000000000000200, -0.7999999999999997100, 7.199999999999995700 ) ) ;
#7062 = CARTESIAN_POINT ( 'NONE',  ( -6.650000000000000400, -0.7999999999999997100, 7.199999999999995700 ) ) ;
#7063 = LINE ( 'NONE', #7061, #7065 ) ;
#7064 = DIRECTION ( 'NONE',  ( -1.000000000000000000, 0.0000000000000000000, 0.0000000000000000000 ) ) ;
#7065 = VECTOR ( 'NONE', #7064, 1000.000000000000000 ) ;
#7066 = CARTESIAN_POINT ( 'NONE',  ( 6.200000000000001100, -1.649999999999999700, 11.59999999999999600 ) ) ;
#7067 = DIRECTION ( 'NONE',  ( 0.7066945845504979400, -0.03413983500243966700, 0.7066945845505010500 ) ) ;
#7068 = EDGE_CURVE ( 'NONE', #7179, #7105, #3020, .T. ) ;
#7069 = ORIENTED_EDGE ( 'NONE', *, *, #7111, .T. ) ;
#7070 = EDGE_LOOP ( 'NONE', ( #7207, #7208, #6934, #7081 ) ) ;
#7071 = EDGE_CURVE ( 'NONE', #6932, #7085, #3015, .T. ) ;
#7072 = ADVANCED_FACE ( 'NONE', ( #3048 ), #3181, .F. ) ;
#7073 = EDGE_LOOP ( 'NONE', ( #7074, #7209, #7213, #7198 ) ) ;
#7074 = ORIENTED_EDGE ( 'NONE', *, *, #7075, .T. ) ;
#7075 = EDGE_CURVE ( 'NONE', #6932, #5794, #3059, .T. ) ;
#7076 = ADVANCED_FACE ( 'NONE', ( #3152 ), #3173, .T. ) ;
#7077 = EDGE_LOOP ( 'NONE', ( #7078, #6929, #6937, #7197 ) ) ;
#7078 = ORIENTED_EDGE ( 'NONE', *, *, #7084, .F. ) ;
#7079 = ORIENTED_EDGE ( 'NONE', *, *, #7068, .F. ) ;
#7080 = ORIENTED_EDGE ( 'NONE', *, *, #7176, .F. ) ;
#7081 = ORIENTED_EDGE ( 'NONE', *, *, #6928, .F. ) ;
#7082 = ORIENTED_EDGE ( 'NONE', *, *, #7694, .F. ) ;
#7083 = ORIENTED_EDGE ( 'NONE', *, *, #7084, .T. ) ;
#7084 = EDGE_CURVE ( 'NONE', #7722, #7085, #3134, .T. ) ;
#7085 = VERTEX_POINT ( 'NONE', #3135 ) ;
#7086 = ORIENTED_EDGE ( 'NONE', *, *, #5874, .F. ) ;
#7087 = EDGE_CURVE ( 'NONE', #7741, #6932, #3137, .T. ) ;
#7088 = ADVANCED_FACE ( 'NONE', ( #3065 ), #3096, .F. ) ;
#7089 = EDGE_CURVE ( 'NONE', #7174, #7179, #3187, .T. ) ;
#7090 = VERTEX_POINT ( 'NONE', #3098 ) ;
#7091 = VERTEX_POINT ( 'NONE', #3097 ) ;
#7092 = EDGE_CURVE ( 'NONE', #7090, #6787, #3121, .T. ) ;
#7093 = EDGE_CURVE ( 'NONE', #7090, #7091, #3122, .T. ) ;
#7094 = CARTESIAN_POINT ( 'NONE',  ( -6.950000000000000200, 0.2000000000000003200, 2.809999999999995600 ) ) ;
#7095 = FACE_OUTER_BOUND ( 'NONE', #4452, .T. ) ;
#7096 = ORIENTED_EDGE ( 'NONE', *, *, #7093, .T. ) ;
#7097 = ORIENTED_EDGE ( 'NONE', *, *, #6791, .T. ) ;
#7098 = ORIENTED_EDGE ( 'NONE', *, *, #7092, .F. ) ;
#7099 = ORIENTED_EDGE ( 'NONE', *, *, #6784, .F. ) ;
#7100 = ORIENTED_EDGE ( 'NONE', *, *, #7145, .T. ) ;
#7101 = EDGE_CURVE ( 'NONE', #6693, #7102, #3129, .T. ) ;
#7102 = VERTEX_POINT ( 'NONE', #3055 ) ;
#7103 = CARTESIAN_POINT ( 'NONE',  ( -6.850000000000001400, -0.7999999999999997100, 8.499999999999996400 ) ) ;
#7104 = LINE ( 'NONE', #7186, #7238 ) ;
#7105 = VERTEX_POINT ( 'NONE', #3054 ) ;
#7106 = EDGE_CURVE ( 'NONE', #7147, #8042, #3127, .T. ) ;
#7107 = ORIENTED_EDGE ( 'NONE', *, *, #7109, .T. ) ;
#7108 = ORIENTED_EDGE ( 'NONE', *, *, #6770, .T. ) ;
#7109 = EDGE_CURVE ( 'NONE', #6844, #8042, #3123, .T. ) ;
#7110 = EDGE_CURVE ( 'NONE', #7114, #6844, #3186, .T. ) ;
#7111 = EDGE_CURVE ( 'NONE', #7105, #7147, #3073, .T. ) ;
#7112 = ORIENTED_EDGE ( 'NONE', *, *, #7145, .F. ) ;
#7113 = ORIENTED_EDGE ( 'NONE', *, *, #7106, .F. ) ;
#7114 = VERTEX_POINT ( 'NONE', #3069 ) ;
#7115 = ORIENTED_EDGE ( 'NONE', *, *, #6775, .F. ) ;
#7116 = ADVANCED_FACE ( 'NONE', ( #3195 ), #3194, .F. ) ;
#7117 = CARTESIAN_POINT ( 'NONE',  ( -6.650000000000000400, -0.7999999999999997100, -5.421010862427522200E-015 ) ) ;
#7118 = LINE ( 'NONE', #7117, #7212 ) ;
#7119 = DIRECTION ( 'NONE',  ( 0.0000000000000000000, -1.000000000000000000, 0.0000000000000000000 ) ) ;
#7120 = VECTOR ( 'NONE', #7119, 1000.000000000000000 ) ;
#7121 = CARTESIAN_POINT ( 'NONE',  ( 6.100000000000000500, 0.2000000000000011800, 3.059999999999996100 ) ) ;
#7122 = VECTOR ( 'NONE', #7189, 1000.000000000000000 ) ;
#7123 = CARTESIAN_POINT ( 'NONE',  ( -5.850000000000000500, 0.2000000000000003200, 2.809999999999995600 ) ) ;
#7124 = EDGE_CURVE ( 'NONE', #7136, #7133, #3178, .T. ) ;
#7125 = EDGE_LOOP ( 'NONE', ( #7100, #7099, #7097, #7098, #7096, #7165, #7172, #7177, #7175, #7173, #7182, #7225 ) ) ;
#7126 = EDGE_CURVE ( 'NONE', #7136, #4520, #3179, .T. ) ;
#7127 = EDGE_CURVE ( 'NONE', #7102, #7133, #3050, .T. ) ;
#7128 = ORIENTED_EDGE ( 'NONE', *, *, #6692, .F. ) ;
#7129 = ORIENTED_EDGE ( 'NONE', *, *, #7101, .F. ) ;
#7131 = ORIENTED_EDGE ( 'NONE', *, *, #7138, .F. ) ;
#7130 = DIRECTION ( 'NONE',  ( -0.7071067811865536800, 0.0000000000000000000, 0.7071067811865414700 ) ) ;
#7132 = DIRECTION ( 'NONE',  ( -0.7071067811865414700, 0.0000000000000000000, -0.7071067811865536800 ) ) ;
#7133 = VERTEX_POINT ( 'NONE', #3061 ) ;
#7134 = CARTESIAN_POINT ( 'NONE',  ( 6.200000000000001100, 20.04522618641298200, 2.959999999999993700 ) ) ;
#7135 = AXIS2_PLACEMENT_3D ( 'NONE', #7134, #7132, #7130 ) ;
#7136 = VERTEX_POINT ( 'NONE', #3060 ) ;
#7137 = PLANE ( 'NONE',  #7135 ) ;
#7138 = EDGE_CURVE ( 'NONE', #4519, #7105, #3151, .T. ) ;
#7139 = ADVANCED_FACE ( 'NONE', ( #3147 ), #3146, .T. ) ;
#7140 = ORIENTED_EDGE ( 'NONE', *, *, #4518, .T. ) ;
#7141 = ORIENTED_EDGE ( 'NONE', *, *, #7127, .F. ) ;
#7142 = ORIENTED_EDGE ( 'NONE', *, *, #7126, .F. ) ;
#7143 = ORIENTED_EDGE ( 'NONE', *, *, #7124, .T. ) ;
#7144 = ORIENTED_EDGE ( 'NONE', *, *, #6782, .F. ) ;
#7145 = EDGE_CURVE ( 'NONE', #7114, #6763, #3103, .T. ) ;
#7146 = EDGE_LOOP ( 'NONE', ( #7108, #7144, #7107, #7113, #8009, #7131, #7140, #7142, #7143, #7141, #7129, #7128 ) ) ;
#7147 = VERTEX_POINT ( 'NONE', #3099 ) ;
#7148 = LINE ( 'NONE', #7196, #7195 ) ;
#7149 = DIRECTION ( 'NONE',  ( 0.0000000000000000000, 1.000000000000000000, 0.0000000000000000000 ) ) ;
#7150 = VECTOR ( 'NONE', #7149, 1000.000000000000000 ) ;
#7151 = CARTESIAN_POINT ( 'NONE',  ( -6.650000000000000400, 4.539308700703375400, 7.199999999999995700 ) ) ;
#7152 = LINE ( 'NONE', #7151, #7150 ) ;
#7153 = DIRECTION ( 'NONE',  ( -0.7071067811865489100, 0.0000000000000000000, -0.7071067811865461300 ) ) ;
#7154 = VECTOR ( 'NONE', #7153, 1000.000000000000100 ) ;
#7155 = CARTESIAN_POINT ( 'NONE',  ( -2.474999999999989400, -0.8999999999999998000, 2.474999999999994800 ) ) ;
#7156 = LINE ( 'NONE', #7155, #7154 ) ;
#7157 = LINE ( 'NONE', #7123, #7122 ) ;
#7158 = LINE ( 'NONE', #7121, #7120 ) ;
#7159 = EDGE_LOOP ( 'NONE', ( #7161, #7162, #7220, #7222 ) ) ;
#7160 = EDGE_CURVE ( 'NONE', #4563, #7171, #3163, .T. ) ;
#7161 = ORIENTED_EDGE ( 'NONE', *, *, #7110, .F. ) ;
#7162 = ORIENTED_EDGE ( 'NONE', *, *, #7163, .F. ) ;
#7163 = EDGE_CURVE ( 'NONE', #7178, #7114, #3159, .T. ) ;
#7164 = ORIENTED_EDGE ( 'NONE', *, *, #6778, .T. ) ;
#7165 = ORIENTED_EDGE ( 'NONE', *, *, #7180, .T. ) ;
#7166 = ORIENTED_EDGE ( 'NONE', *, *, #7101, .T. ) ;
#7167 = EDGE_LOOP ( 'NONE', ( #7168, #7169, #7185, #7187 ) ) ;
#7168 = ORIENTED_EDGE ( 'NONE', *, *, #7127, .T. ) ;
#7169 = ORIENTED_EDGE ( 'NONE', *, *, #7170, .F. ) ;
#7170 = EDGE_CURVE ( 'NONE', #7091, #7133, #3111, .T. ) ;
#7171 = VERTEX_POINT ( 'NONE', #3106 ) ;
#7172 = ORIENTED_EDGE ( 'NONE', *, *, #7160, .F. ) ;
#7173 = ORIENTED_EDGE ( 'NONE', *, *, #7089, .F. ) ;
#7174 = VERTEX_POINT ( 'NONE', #3107 ) ;
#7175 = ORIENTED_EDGE ( 'NONE', *, *, #7176, .T. ) ;
#7176 = EDGE_CURVE ( 'NONE', #4564, #7179, #3171, .T. ) ;
#7177 = ORIENTED_EDGE ( 'NONE', *, *, #4562, .T. ) ;
#7178 = VERTEX_POINT ( 'NONE', #3167 ) ;
#7179 = VERTEX_POINT ( 'NONE', #3166 ) ;
#7180 = EDGE_CURVE ( 'NONE', #7091, #7171, #3165, .T. ) ;
#7181 = EDGE_LOOP ( 'NONE', ( #7164, #7166, #7183, #7226 ) ) ;
#7182 = ORIENTED_EDGE ( 'NONE', *, *, #7224, .T. ) ;
#7183 = ORIENTED_EDGE ( 'NONE', *, *, #7184, .F. ) ;
#7184 = EDGE_CURVE ( 'NONE', #7090, #7102, #3087, .T. ) ;
#7185 = ORIENTED_EDGE ( 'NONE', *, *, #7093, .F. ) ;
#7187 = ORIENTED_EDGE ( 'NONE', *, *, #7184, .T. ) ;
#7186 = CARTESIAN_POINT ( 'NONE',  ( -6.659691368097159400, -0.2012226392223593300, 6.190308631902835800 ) ) ;
#7188 = ADVANCED_FACE ( 'NONE', ( #3083 ), #3081, .F. ) ;
#7189 = DIRECTION ( 'NONE',  ( 1.000000000000000000, -0.0000000000000000000, 0.0000000000000000000 ) ) ;
#7190 = EDGE_LOOP ( 'NONE', ( #7191, #7192, #6933, #6927 ) ) ;
#7191 = ORIENTED_EDGE ( 'NONE', *, *, #7106, .T. ) ;
#7192 = ORIENTED_EDGE ( 'NONE', *, *, #7221, .F. ) ;
#7193 = FACE_OUTER_BOUND ( 'NONE', #4442, .T. ) ;
#7194 = DIRECTION ( 'NONE',  ( -1.000000000000000000, 0.0000000000000000000, 0.0000000000000000000 ) ) ;
#7195 = VECTOR ( 'NONE', #7194, 1000.000000000000000 ) ;
#7196 = CARTESIAN_POINT ( 'NONE',  ( -6.950000000000000200, -0.04999999999999991300, 3.059999999999994300 ) ) ;
#7197 = ORIENTED_EDGE ( 'NONE', *, *, #7071, .T. ) ;
#7198 = ORIENTED_EDGE ( 'NONE', *, *, #7071, .F. ) ;
#7199 = ADVANCED_FACE ( 'NONE', ( #3076 ), #3243, .F. ) ;
#7200 = EDGE_LOOP ( 'NONE', ( #7201, #7202, #7216, #7217 ) ) ;
#7201 = ORIENTED_EDGE ( 'NONE', *, *, #7792, .T. ) ;
#7202 = ORIENTED_EDGE ( 'NONE', *, *, #5835, .T. ) ;
#7203 = ORIENTED_EDGE ( 'NONE', *, *, #7160, .T. ) ;
#7204 = EDGE_LOOP ( 'NONE', ( #7086, #7082, #7083, #7232 ) ) ;
#7205 = ORIENTED_EDGE ( 'NONE', *, *, #7068, .T. ) ;
#7206 = EDGE_LOOP ( 'NONE', ( #7229, #7215, #7079, #7080 ) ) ;
#7207 = ORIENTED_EDGE ( 'NONE', *, *, #7180, .F. ) ;
#7208 = ORIENTED_EDGE ( 'NONE', *, *, #7170, .T. ) ;
#7209 = ORIENTED_EDGE ( 'NONE', *, *, #5793, .T. ) ;
#7210 = CARTESIAN_POINT ( 'NONE',  ( -6.650000000000000400, -0.7999999999999997100, 8.299999999999995400 ) ) ;
#7211 = DIRECTION ( 'NONE',  ( 0.0000000000000000000, -0.0000000000000000000, 1.000000000000000000 ) ) ;
#7212 = VECTOR ( 'NONE', #7211, 1000.000000000000000 ) ;
#7213 = ORIENTED_EDGE ( 'NONE', *, *, #7233, .F. ) ;
#7214 = ADVANCED_FACE ( 'NONE', ( #3204 ), #3222, .T. ) ;
#7215 = ORIENTED_EDGE ( 'NONE', *, *, #7138, .T. ) ;
#7216 = ORIENTED_EDGE ( 'NONE', *, *, #7075, .F. ) ;
#7217 = ORIENTED_EDGE ( 'NONE', *, *, #7087, .F. ) ;
#7218 = ADVANCED_FACE ( 'NONE', ( #3205 ), #3217, .T. ) ;
#7219 = EDGE_LOOP ( 'NONE', ( #6987, #6988, #6984, #6947 ) ) ;
#7220 = ORIENTED_EDGE ( 'NONE', *, *, #7221, .T. ) ;
#7221 = EDGE_CURVE ( 'NONE', #7178, #8042, #3248, .T. ) ;
#7222 = ORIENTED_EDGE ( 'NONE', *, *, #7109, .F. ) ;
#7223 = ADVANCED_FACE ( 'NONE', ( #3237 ), #3247, .F. ) ;
#7224 = EDGE_CURVE ( 'NONE', #7174, #7178, #3235, .T. ) ;
#7225 = ORIENTED_EDGE ( 'NONE', *, *, #7163, .T. ) ;
#7226 = ORIENTED_EDGE ( 'NONE', *, *, #7092, .T. ) ;
#7227 = ADVANCED_FACE ( 'NONE', ( #3207 ), #3206, .T. ) ;
#7228 = ADVANCED_FACE ( 'NONE', ( #3202 ), #3201, .F. ) ;
#7229 = ORIENTED_EDGE ( 'NONE', *, *, #4565, .F. ) ;
#7230 = ORIENTED_EDGE ( 'NONE', *, *, #4556, .T. ) ;
#7231 = ADVANCED_FACE ( 'NONE', ( #3215 ), #3210, .F. ) ;
#7232 = ORIENTED_EDGE ( 'NONE', *, *, #7233, .T. ) ;
#7233 = EDGE_CURVE ( 'NONE', #7085, #5875, #3229, .T. ) ;
#7234 = EDGE_LOOP ( 'NONE', ( #7235, #7230, #7203, #6936 ) ) ;
#7235 = ORIENTED_EDGE ( 'NONE', *, *, #7126, .T. ) ;
#7236 = EDGE_LOOP ( 'NONE', ( #6926, #7205, #7069, #7237 ) ) ;
#7237 = ORIENTED_EDGE ( 'NONE', *, *, #6925, .F. ) ;
#7238 = VECTOR ( 'NONE', #7067, 1000.000000000000000 ) ;
#7239 = EDGE_LOOP ( 'NONE', ( #7240, #7241, #7242, #7243 ) ) ;
#7240 = ORIENTED_EDGE ( 'NONE', *, *, #7446, .F. ) ;
#7241 = ORIENTED_EDGE ( 'NONE', *, *, #7355, .T. ) ;
#7242 = ORIENTED_EDGE ( 'NONE', *, *, #7308, .T. ) ;
#7243 = ORIENTED_EDGE ( 'NONE', *, *, #7259, .F. ) ;
#7244 = ADVANCED_FACE ( 'NONE', ( #3225 ), #3260, .F. ) ;
#7245 = ORIENTED_EDGE ( 'NONE', *, *, #7360, .F. ) ;
#7246 = ORIENTED_EDGE ( 'NONE', *, *, #7338, .T. ) ;
#7247 = CIRCLE ( 'NONE', #7433, 0.6199999999999998800 ) ;
#7248 = LINE ( 'NONE', #7424, #7422 ) ;
#7249 = EDGE_LOOP ( 'NONE', ( #7451, #7344, #7345, #7450 ) ) ;
#7250 = CARTESIAN_POINT ( 'NONE',  ( 6.100000000000000500, -1.649999999999999700, 5.999999999999994700 ) ) ;
#7251 = CARTESIAN_POINT ( 'NONE',  ( 6.200000000000001100, -1.649999999999999700, 2.959999999999994600 ) ) ;
#7252 = VERTEX_POINT ( 'NONE', #3261 ) ;
#7253 = CARTESIAN_POINT ( 'NONE',  ( -5.450000000000001100, -0.8999999999999991300, -0.5000000000000054400 ) ) ;
#7254 = ORIENTED_EDGE ( 'NONE', *, *, #7255, .T. ) ;
#7255 = EDGE_CURVE ( 'NONE', #7252, #7256, #3258, .T. ) ;
#7256 = VERTEX_POINT ( 'NONE', #3263 ) ;
#7257 = ORIENTED_EDGE ( 'NONE', *, *, #7317, .T. ) ;
#7258 = ORIENTED_EDGE ( 'NONE', *, *, #7259, .T. ) ;
#7259 = EDGE_CURVE ( 'NONE', #7281, #7332, #3264, .T. ) ;
#7260 = EDGE_LOOP ( 'NONE', ( #7280, #7315, #7335, #7325 ) ) ;
#7261 = ORIENTED_EDGE ( 'NONE', *, *, #7365, .T. ) ;
#7262 = EDGE_CURVE ( 'NONE', #7409, #7361, #3299, .T. ) ;
#7263 = DIRECTION ( 'NONE',  ( 0.0000000000000000000, 1.000000000000000000, 0.0000000000000000000 ) ) ;
#7264 = ORIENTED_EDGE ( 'NONE', *, *, #7289, .T. ) ;
#7265 = EDGE_LOOP ( 'NONE', ( #7271, #7273, #7270, #8516 ) ) ;
#7266 = VERTEX_POINT ( 'NONE', #3275 ) ;
#7267 = EDGE_CURVE ( 'NONE', #7277, #7401, #3283, .T. ) ;
#7268 = ORIENTED_EDGE ( 'NONE', *, *, #7323, .F. ) ;
#7269 = EDGE_CURVE ( 'NONE', #7401, #7266, #3282, .T. ) ;
#7270 = ORIENTED_EDGE ( 'NONE', *, *, #8451, .F. ) ;
#7271 = ORIENTED_EDGE ( 'NONE', *, *, #7400, .T. ) ;
#7272 = ORIENTED_EDGE ( 'NONE', *, *, #7276, .F. ) ;
#7273 = ORIENTED_EDGE ( 'NONE', *, *, #7267, .F. ) ;
#7274 = AXIS2_PLACEMENT_3D ( 'NONE', #7296, #7295, #7290 ) ;
#7275 = ADVANCED_FACE ( 'NONE', ( #3298 ), #3270, .T. ) ;
#7276 = EDGE_CURVE ( 'NONE', #7266, #7319, #3277, .T. ) ;
#7277 = VERTEX_POINT ( 'NONE', #3278 ) ;
#7278 = ADVANCED_FACE ( 'NONE', ( #3290 ), #3267, .F. ) ;
#7279 = EDGE_LOOP ( 'NONE', ( #7261, #7284, #7357, #7389 ) ) ;
#7280 = ORIENTED_EDGE ( 'NONE', *, *, #4785, .F. ) ;
#7281 = VERTEX_POINT ( 'NONE', #3301 ) ;
#7282 = ORIENTED_EDGE ( 'NONE', *, *, #7283, .F. ) ;
#7283 = EDGE_CURVE ( 'NONE', #7281, #4791, #3300, .T. ) ;
#7284 = ORIENTED_EDGE ( 'NONE', *, *, #4872, .T. ) ;
#7285 = DIRECTION ( 'NONE',  ( -0.7071067811865460200, -0.0000000000000000000, 0.7071067811865490200 ) ) ;
#7286 = EDGE_CURVE ( 'NONE', #7309, #7361, #3318, .T. ) ;
#7287 = VECTOR ( 'NONE', #7285, 1000.000000000000100 ) ;
#7288 = ORIENTED_EDGE ( 'NONE', *, *, #7354, .F. ) ;
#7289 = EDGE_CURVE ( 'NONE', #7409, #4882, #3314, .T. ) ;
#7290 = DIRECTION ( 'NONE',  ( -1.000000000000000000, 0.0000000000000000000, -0.0000000000000000000 ) ) ;
#7291 = EDGE_LOOP ( 'NONE', ( #7363, #7337, #7380, #7264 ) ) ;
#7292 = ORIENTED_EDGE ( 'NONE', *, *, #8557, .F. ) ;
#7293 = ADVANCED_FACE ( 'NONE', ( #3310 ), #3309, .T. ) ;
#7294 = ORIENTED_EDGE ( 'NONE', *, *, #8449, .T. ) ;
#7295 = DIRECTION ( 'NONE',  ( 0.0000000000000000000, 0.0000000000000000000, -1.000000000000000000 ) ) ;
#7296 = CARTESIAN_POINT ( 'NONE',  ( -6.949999999999999300, 4.539308700703375400, 7.199999999999995700 ) ) ;
#7297 = ADVANCED_FACE ( 'NONE', ( #3332 ), #3322, .T. ) ;
#7298 = ORIENTED_EDGE ( 'NONE', *, *, #7276, .T. ) ;
#7299 = ORIENTED_EDGE ( 'NONE', *, *, #7317, .F. ) ;
#7300 = EDGE_LOOP ( 'NONE', ( #7453, #8542, #8543, #8572 ) ) ;
#7301 = VERTEX_POINT ( 'NONE', #3321 ) ;
#7302 = VERTEX_POINT ( 'NONE', #3320 ) ;
#7303 = ORIENTED_EDGE ( 'NONE', *, *, #7269, .F. ) ;
#7304 = ADVANCED_FACE ( 'NONE', ( #3333 ), #3331, .T. ) ;
#7305 = ORIENTED_EDGE ( 'NONE', *, *, #4640, .F. ) ;
#7306 = ORIENTED_EDGE ( 'NONE', *, *, #7313, .T. ) ;
#7307 = ORIENTED_EDGE ( 'NONE', *, *, #7308, .F. ) ;
#7308 = EDGE_CURVE ( 'NONE', #7316, #7332, #3485, .T. ) ;
#7309 = VERTEX_POINT ( 'NONE', #3356 ) ;
#7310 = ORIENTED_EDGE ( 'NONE', *, *, #7324, .F. ) ;
#7311 = ADVANCED_FACE ( 'NONE', ( #3432 ), #3426, .T. ) ;
#7312 = EDGE_LOOP ( 'NONE', ( #7442, #7443, #7444, #7447 ) ) ;
#7313 = EDGE_CURVE ( 'NONE', #4789, #7332, #3429, .T. ) ;
#7314 = ORIENTED_EDGE ( 'NONE', *, *, #4788, .T. ) ;
#7315 = ORIENTED_EDGE ( 'NONE', *, *, #7324, .T. ) ;
#7316 = VERTEX_POINT ( 'NONE', #3430 ) ;
#7317 = EDGE_CURVE ( 'NONE', #7256, #7319, #3399, .T. ) ;
#7318 = CARTESIAN_POINT ( 'NONE',  ( -6.650000000000002100, -0.04999999999999969700, 3.059999999999996100 ) ) ;
#7319 = VERTEX_POINT ( 'NONE', #3400 ) ;
#7320 = ORIENTED_EDGE ( 'NONE', *, *, #7323, .T. ) ;
#7321 = CARTESIAN_POINT ( 'NONE',  ( 0.8249999999999855200, -0.7999999999999997100, 0.8249999999999762000 ) ) ;
#7323 = EDGE_CURVE ( 'NONE', #7319, #7348, #3408, .T. ) ;
#7322 = LINE ( 'NONE', #7321, #7287 ) ;
#7324 = EDGE_CURVE ( 'NONE', #4641, #7316, #3440, .T. ) ;
#7325 = ORIENTED_EDGE ( 'NONE', *, *, #7326, .T. ) ;
#7326 = EDGE_CURVE ( 'NONE', #7356, #4786, #3453, .T. ) ;
#7327 = EDGE_LOOP ( 'NONE', ( #7305, #7306, #7307, #7310 ) ) ;
#7328 = ORIENTED_EDGE ( 'NONE', *, *, #7362, .F. ) ;
#7329 = EDGE_LOOP ( 'NONE', ( #7396, #7441, #7378, #7423, #7413, #7417 ) ) ;
#7330 = ADVANCED_FACE ( 'NONE', ( #3449 ), #3435, .T. ) ;
#7332 = VERTEX_POINT ( 'NONE', #3347 ) ;
#7331 = CARTESIAN_POINT ( 'NONE',  ( 5.899999999999999500, -1.649999999999999700, 6.199999999999994800 ) ) ;
#7333 = CARTESIAN_POINT ( 'NONE',  ( 6.100000000000000500, -1.649999999999999700, 3.059999999999996100 ) ) ;
#7334 = ADVANCED_FACE ( 'NONE', ( #3472 ), #3471, .F. ) ;
#7335 = ORIENTED_EDGE ( 'NONE', *, *, #7355, .F. ) ;
#7336 = FACE_OUTER_BOUND ( 'NONE', #4425, .T. ) ;
#7337 = ORIENTED_EDGE ( 'NONE', *, *, #7338, .F. ) ;
#7338 = EDGE_CURVE ( 'NONE', #7366, #4736, #3458, .T. ) ;
#7339 = ADVANCED_FACE ( 'NONE', ( #3454 ), #3446, .T. ) ;
#7340 = AXIS2_PLACEMENT_3D ( 'NONE', #7445, #7263, #7343 ) ;
#7341 = ORIENTED_EDGE ( 'NONE', *, *, #7360, .T. ) ;
#7342 = EDGE_LOOP ( 'NONE', ( #7328, #7341, #7347, #7367 ) ) ;
#7343 = DIRECTION ( 'NONE',  ( 0.0000000000000000000, -0.0000000000000000000, 1.000000000000000000 ) ) ;
#7344 = ORIENTED_EDGE ( 'NONE', *, *, #4879, .T. ) ;
#7345 = ORIENTED_EDGE ( 'NONE', *, *, #7289, .F. ) ;
#7346 = ADVANCED_FACE ( 'NONE', ( #3447 ), #3442, .T. ) ;
#7347 = ORIENTED_EDGE ( 'NONE', *, *, #7286, .T. ) ;
#7348 = VERTEX_POINT ( 'NONE', #3459 ) ;
#7349 = ORIENTED_EDGE ( 'NONE', *, *, #7350, .T. ) ;
#7350 = EDGE_CURVE ( 'NONE', #7348, #7384, #3396, .T. ) ;
#7351 = ADVANCED_FACE ( 'NONE', ( #3470 ), #3469, .F. ) ;
#7352 = PLANE ( 'NONE',  #7340 ) ;
#7353 = EDGE_LOOP ( 'NONE', ( #7359, #7452, #7245, #7246 ) ) ;
#7354 = EDGE_CURVE ( 'NONE', #7794, #7012, #3349, .T. ) ;
#7355 = EDGE_CURVE ( 'NONE', #7356, #7316, #3341, .T. ) ;
#7356 = VERTEX_POINT ( 'NONE', #3483 ) ;
#7357 = ORIENTED_EDGE ( 'NONE', *, *, #7411, .F. ) ;
#7358 = EDGE_LOOP ( 'NONE', ( #7388, #7314, #7282, #7258 ) ) ;
#7359 = ORIENTED_EDGE ( 'NONE', *, *, #4896, .F. ) ;
#7360 = EDGE_CURVE ( 'NONE', #7366, #7309, #3482, .T. ) ;
#7361 = VERTEX_POINT ( 'NONE', #3336 ) ;
#7362 = EDGE_CURVE ( 'NONE', #7366, #7409, #3335, .T. ) ;
#7363 = ORIENTED_EDGE ( 'NONE', *, *, #4884, .F. ) ;
#7364 = ADVANCED_FACE ( 'NONE', ( #3404 ), #3403, .F. ) ;
#7365 = EDGE_CURVE ( 'NONE', #7309, #4886, #3389, .T. ) ;
#7366 = VERTEX_POINT ( 'NONE', #3478 ) ;
#7367 = ORIENTED_EDGE ( 'NONE', *, *, #7262, .F. ) ;
#7368 = ORIENTED_EDGE ( 'NONE', *, *, #7369, .T. ) ;
#7369 = EDGE_CURVE ( 'NONE', #7421, #7427, #3477, .T. ) ;
#7370 = ORIENTED_EDGE ( 'NONE', *, *, #7371, .T. ) ;
#7371 = EDGE_CURVE ( 'NONE', #7427, #7418, #3466, .T. ) ;
#7372 = ORIENTED_EDGE ( 'NONE', *, *, #7429, .T. ) ;
#7373 = ORIENTED_EDGE ( 'NONE', *, *, #7374, .T. ) ;
#7374 = EDGE_CURVE ( 'NONE', #7436, #7375, #3362, .T. ) ;
#7375 = VERTEX_POINT ( 'NONE', #3358 ) ;
#7376 = ORIENTED_EDGE ( 'NONE', *, *, #7377, .T. ) ;
#7377 = EDGE_CURVE ( 'NONE', #7375, #7421, #3385, .T. ) ;
#7378 = ORIENTED_EDGE ( 'NONE', *, *, #7419, .T. ) ;
#7379 = ADVANCED_FACE ( 'NONE', ( #3381 ), #3380, .F. ) ;
#7380 = ORIENTED_EDGE ( 'NONE', *, *, #7362, .T. ) ;
#7381 = EDGE_LOOP ( 'NONE', ( #7382, #7386, #7254, #7257, #7320, #7349 ) ) ;
#7382 = ORIENTED_EDGE ( 'NONE', *, *, #7383, .T. ) ;
#7383 = EDGE_CURVE ( 'NONE', #7384, #7385, #3374, .T. ) ;
#7384 = VERTEX_POINT ( 'NONE', #3370 ) ;
#7385 = VERTEX_POINT ( 'NONE', #3369 ) ;
#7386 = ORIENTED_EDGE ( 'NONE', *, *, #7387, .T. ) ;
#7387 = EDGE_CURVE ( 'NONE', #7385, #7252, #3423, .T. ) ;
#7388 = ORIENTED_EDGE ( 'NONE', *, *, #7313, .F. ) ;
#7389 = ORIENTED_EDGE ( 'NONE', *, *, #7286, .F. ) ;
#7390 = ORIENTED_EDGE ( 'NONE', *, *, #7008, .T. ) ;
#7391 = CARTESIAN_POINT ( 'NONE',  ( -6.850000000000000500, -0.7999999999999997100, 9.499999999999998200 ) ) ;
#7392 = DIRECTION ( 'NONE',  ( 0.0000000000000000000, 0.0000000000000000000, 1.000000000000000000 ) ) ;
#7393 = PLANE ( 'NONE',  #7274 ) ;
#7394 = VERTEX_POINT ( 'NONE', #3419 ) ;
#7395 = VERTEX_POINT ( 'NONE', #3418 ) ;
#7396 = ORIENTED_EDGE ( 'NONE', *, *, #7440, .T. ) ;
#7397 = ADVANCED_FACE ( 'NONE', ( #3417 ), #3413, .T. ) ;
#7398 = EDGE_LOOP ( 'NONE', ( #7399, #7268, #7272, #7303 ) ) ;
#7399 = ORIENTED_EDGE ( 'NONE', *, *, #7400, .F. ) ;
#7400 = EDGE_CURVE ( 'NONE', #7348, #7401, #3554, .T. ) ;
#7401 = VERTEX_POINT ( 'NONE', #3580 ) ;
#7402 = VERTEX_POINT ( 'NONE', #3568 ) ;
#7403 = EDGE_CURVE ( 'NONE', #7437, #7402, #3493, .T. ) ;
#7404 = ADVANCED_FACE ( 'NONE', ( #3579 ), #3547, .F. ) ;
#7405 = CARTESIAN_POINT ( 'NONE',  ( -6.650000000000000400, -0.2016908212560384600, 6.199999999999994800 ) ) ;
#7406 = VECTOR ( 'NONE', #7392, 1000.000000000000000 ) ;
#7407 = CARTESIAN_POINT ( 'NONE',  ( -6.850000000000000500, -0.7999999999999997100, 7.199999999999995700 ) ) ;
#7408 = LINE ( 'NONE', #7407, #7406 ) ;
#7409 = VERTEX_POINT ( 'NONE', #3548 ) ;
#7410 = ORIENTED_EDGE ( 'NONE', *, *, #7022, .T. ) ;
#7411 = EDGE_CURVE ( 'NONE', #7361, #4885, #3631, .T. ) ;
#7412 = EDGE_LOOP ( 'NONE', ( #7368, #7370, #7372, #7434, #7373, #7376 ) ) ;
#7413 = ORIENTED_EDGE ( 'NONE', *, *, #7415, .T. ) ;
#7415 = EDGE_CURVE ( 'NONE', #7439, #7437, #3546, .T. ) ;
#7414 = LINE ( 'NONE', #7033, #7058 ) ;
#7416 = VECTOR ( 'NONE', #7809, 1000.000000000000000 ) ;
#7417 = ORIENTED_EDGE ( 'NONE', *, *, #7403, .T. ) ;
#7418 = VERTEX_POINT ( 'NONE', #3588 ) ;
#7419 = EDGE_CURVE ( 'NONE', #7438, #7395, #3527, .T. ) ;
#7420 = DIRECTION ( 'NONE',  ( -0.7071067811865490200, 0.0000000000000000000, 0.7071067811865460200 ) ) ;
#7421 = VERTEX_POINT ( 'NONE', #3611 ) ;
#7422 = VECTOR ( 'NONE', #7420, 1000.000000000000100 ) ;
#7423 = ORIENTED_EDGE ( 'NONE', *, *, #7425, .T. ) ;
#7424 = CARTESIAN_POINT ( 'NONE',  ( 6.100000000000000500, -1.649999999999999700, 5.999999999999994700 ) ) ;
#7425 = EDGE_CURVE ( 'NONE', #7395, #7439, #3595, .T. ) ;
#7426 = EDGE_CURVE ( 'NONE', #7394, #7438, #3541, .T. ) ;
#7427 = VERTEX_POINT ( 'NONE', #3553 ) ;
#7429 = EDGE_CURVE ( 'NONE', #7418, #7432, #3538, .T. ) ;
#7428 = DIRECTION ( 'NONE',  ( 0.0000000000000000000, 0.0000000000000000000, -1.000000000000000000 ) ) ;
#7430 = DIRECTION ( 'NONE',  ( -1.000000000000000000, -0.0000000000000000000, 4.982546748554703600E-017 ) ) ;
#7432 = VERTEX_POINT ( 'NONE', #3561 ) ;
#7431 = CARTESIAN_POINT ( 'NONE',  ( 6.199999999999994000, -0.7200000000000002000, 2.279999999999998500 ) ) ;
#7433 = AXIS2_PLACEMENT_3D ( 'NONE', #7431, #7430, #7428 ) ;
#7434 = ORIENTED_EDGE ( 'NONE', *, *, #7435, .T. ) ;
#7435 = EDGE_CURVE ( 'NONE', #7432, #7436, #3594, .T. ) ;
#7436 = VERTEX_POINT ( 'NONE', #3581 ) ;
#7437 = VERTEX_POINT ( 'NONE', #3593 ) ;
#7438 = VERTEX_POINT ( 'NONE', #3592 ) ;
#7439 = VERTEX_POINT ( 'NONE', #3591 ) ;
#7440 = EDGE_CURVE ( 'NONE', #7402, #7394, #3543, .T. ) ;
#7441 = ORIENTED_EDGE ( 'NONE', *, *, #7426, .T. ) ;
#7442 = ORIENTED_EDGE ( 'NONE', *, *, #4811, .F. ) ;
#7443 = ORIENTED_EDGE ( 'NONE', *, *, #7326, .F. ) ;
#7444 = ORIENTED_EDGE ( 'NONE', *, *, #7446, .T. ) ;
#7445 = CARTESIAN_POINT ( 'NONE',  ( 2.541466207270222600E-016, -0.7999999999999997100, -5.421010862427522200E-015 ) ) ;
#7446 = EDGE_CURVE ( 'NONE', #7356, #7281, #3606, .T. ) ;
#7447 = ORIENTED_EDGE ( 'NONE', *, *, #7283, .T. ) ;
#7448 = ADVANCED_FACE ( 'NONE', ( #3534 ), #3502, .F. ) ;
#7449 = ORIENTED_EDGE ( 'NONE', *, *, #7793, .F. ) ;
#7450 = ORIENTED_EDGE ( 'NONE', *, *, #7262, .T. ) ;
#7451 = ORIENTED_EDGE ( 'NONE', *, *, #7411, .T. ) ;
#7452 = ORIENTED_EDGE ( 'NONE', *, *, #7365, .F. ) ;
#7453 = ORIENTED_EDGE ( 'NONE', *, *, #8452, .T. ) ;
#7454 = FACE_OUTER_BOUND ( 'NONE', #4537, .T. ) ;
#7455 = ORIENTED_EDGE ( 'NONE', *, *, #7551, .T. ) ;
#7456 = EDGE_LOOP ( 'NONE', ( #7457, #7455, #7554, #7528 ) ) ;
#7457 = ORIENTED_EDGE ( 'NONE', *, *, #7458, .T. ) ;
#7458 = EDGE_CURVE ( 'NONE', #7470, #7496, #3571, .T. ) ;
#7459 = EDGE_CURVE ( 'NONE', #9221, #7573, #3564, .T. ) ;
#7460 = VERTEX_POINT ( 'NONE', #3633 ) ;
#7461 = ORIENTED_EDGE ( 'NONE', *, *, #7503, .T. ) ;
#7462 = EDGE_CURVE ( 'NONE', #7463, #7638, #3632, .T. ) ;
#7463 = VERTEX_POINT ( 'NONE', #3528 ) ;
#7464 = EDGE_LOOP ( 'NONE', ( #7484, #7507, #7479, #7480, #7500, #7538, #7543, #7546, #7583, #7584 ) ) ;
#7465 = ORIENTED_EDGE ( 'NONE', *, *, #7466, .T. ) ;
#7466 = EDGE_CURVE ( 'NONE', #7637, #7467, #3560, .T. ) ;
#7467 = VERTEX_POINT ( 'NONE', #3556 ) ;
#7468 = EDGE_CURVE ( 'NONE', #7550, #7469, #3555, .T. ) ;
#7469 = VERTEX_POINT ( 'NONE', #3524 ) ;
#7470 = VERTEX_POINT ( 'NONE', #3523 ) ;
#7471 = EDGE_LOOP ( 'NONE', ( #7589, #7595, #7604, #7598 ) ) ;
#7472 = VERTEX_POINT ( 'NONE', #3522 ) ;
#7473 = VERTEX_POINT ( 'NONE', #3521 ) ;
#7474 = VERTEX_POINT ( 'NONE', #3520 ) ;
#7475 = EDGE_CURVE ( 'NONE', #7473, #7588, #3516, .T. ) ;
#7476 = EDGE_CURVE ( 'NONE', #7518, #7602, #3512, .T. ) ;
#7477 = ORIENTED_EDGE ( 'NONE', *, *, #7478, .F. ) ;
#7478 = EDGE_CURVE ( 'NONE', #7522, #7523, #3490, .T. ) ;
#7479 = ORIENTED_EDGE ( 'NONE', *, *, #9151, .T. ) ;
#7480 = ORIENTED_EDGE ( 'NONE', *, *, #7499, .F. ) ;
#7481 = VERTEX_POINT ( 'NONE', #3486 ) ;
#7482 = EDGE_CURVE ( 'NONE', #7523, #9179, #3501, .T. ) ;
#7483 = ADVANCED_FACE ( 'NONE', ( #3497 ), #3496, .F. ) ;
#7484 = ORIENTED_EDGE ( 'NONE', *, *, #7509, .T. ) ;
#7485 = ORIENTED_EDGE ( 'NONE', *, *, #7486, .T. ) ;
#7486 = EDGE_CURVE ( 'NONE', #7653, #7460, #3621, .T. ) ;
#7487 = VERTEX_POINT ( 'NONE', #3615 ) ;
#7488 = VERTEX_POINT ( 'NONE', #3605 ) ;
#7489 = ORIENTED_EDGE ( 'NONE', *, *, #7586, .F. ) ;
#7490 = VERTEX_POINT ( 'NONE', #3604 ) ;
#7491 = ORIENTED_EDGE ( 'NONE', *, *, #7527, .T. ) ;
#7492 = VERTEX_POINT ( 'NONE', #3603 ) ;
#7493 = ORIENTED_EDGE ( 'NONE', *, *, #7494, .F. ) ;
#7494 = EDGE_CURVE ( 'NONE', #7495, #7667, #3602, .T. ) ;
#7495 = VERTEX_POINT ( 'NONE', #3598 ) ;
#7496 = VERTEX_POINT ( 'NONE', #3597 ) ;
#7497 = VERTEX_POINT ( 'NONE', #3596 ) ;
#7498 = VERTEX_POINT ( 'NONE', #3510 ) ;
#7499 = EDGE_CURVE ( 'NONE', #7481, #9157, #3509, .T. ) ;
#7500 = ORIENTED_EDGE ( 'NONE', *, *, #7501, .F. ) ;
#7501 = EDGE_CURVE ( 'NONE', #7537, #7481, #3505, .T. ) ;
#7502 = ORIENTED_EDGE ( 'NONE', *, *, #7655, .F. ) ;
#7503 = EDGE_CURVE ( 'NONE', #7460, #7504, #3629, .T. ) ;
#7504 = VERTEX_POINT ( 'NONE', #3625 ) ;
#7505 = EDGE_CURVE ( 'NONE', #7506, #7534, #3262, .T. ) ;
#7506 = VERTEX_POINT ( 'NONE', #3786 ) ;
#7507 = ORIENTED_EDGE ( 'NONE', *, *, #7508, .T. ) ;
#7508 = EDGE_CURVE ( 'NONE', #7498, #9165, #3759, .T. ) ;
#7509 = EDGE_CURVE ( 'NONE', #7510, #7498, #3717, .T. ) ;
#7510 = VERTEX_POINT ( 'NONE', #3676 ) ;
#7511 = ORIENTED_EDGE ( 'NONE', *, *, #7620, .T. ) ;
#7512 = ORIENTED_EDGE ( 'NONE', *, *, #7519, .F. ) ;
#7513 = EDGE_CURVE ( 'NONE', #7514, #7522, #3674, .T. ) ;
#7514 = VERTEX_POINT ( 'NONE', #3705 ) ;
#7515 = ORIENTED_EDGE ( 'NONE', *, *, #7516, .F. ) ;
#7516 = EDGE_CURVE ( 'NONE', #7490, #7514, #3675, .T. ) ;
#7517 = ORIENTED_EDGE ( 'NONE', *, *, #7425, .F. ) ;
#7518 = VERTEX_POINT ( 'NONE', #3750 ) ;
#7519 = EDGE_CURVE ( 'NONE', #7488, #7473, #3787, .T. ) ;
#7520 = ORIENTED_EDGE ( 'NONE', *, *, #7594, .F. ) ;
#7521 = EDGE_CURVE ( 'NONE', #7588, #7518, #3777, .T. ) ;
#7522 = VERTEX_POINT ( 'NONE', #3665 ) ;
#7523 = VERTEX_POINT ( 'NONE', #3744 ) ;
#7524 = ORIENTED_EDGE ( 'NONE', *, *, #7513, .F. ) ;
#7525 = EDGE_CURVE ( 'NONE', #7575, #7488, #3754, .T. ) ;
#7526 = VERTEX_POINT ( 'NONE', #3791 ) ;
#7527 = EDGE_CURVE ( 'NONE', #7490, #7492, #3731, .T. ) ;
#7528 = ORIENTED_EDGE ( 'NONE', *, *, #7529, .T. ) ;
#7529 = EDGE_CURVE ( 'NONE', #7556, #7470, #3785, .T. ) ;
#7530 = EDGE_LOOP ( 'NONE', ( #7477, #7524, #7515, #7491, #7590, #7493, #7661, #7541, #7656, #7502, #7636, #7465, #7535, #7639, #7511, #7624, #7625 ) ) ;
#7531 = ORIENTED_EDGE ( 'NONE', *, *, #7605, .F. ) ;
#7532 = VERTEX_POINT ( 'NONE', #3766 ) ;
#7533 = VERTEX_POINT ( 'NONE', #3728 ) ;
#7534 = VERTEX_POINT ( 'NONE', #3727 ) ;
#7535 = ORIENTED_EDGE ( 'NONE', *, *, #7536, .T. ) ;
#7536 = EDGE_CURVE ( 'NONE', #7467, #7638, #3664, .T. ) ;
#7537 = VERTEX_POINT ( 'NONE', #3757 ) ;
#7538 = ORIENTED_EDGE ( 'NONE', *, *, #7539, .T. ) ;
#7539 = EDGE_CURVE ( 'NONE', #7537, #7540, #3711, .T. ) ;
#7540 = VERTEX_POINT ( 'NONE', #3748 ) ;
#7541 = ORIENTED_EDGE ( 'NONE', *, *, #7614, .T. ) ;
#7542 = EDGE_CURVE ( 'NONE', #7654, #7495, #3718, .T. ) ;
#7543 = ORIENTED_EDGE ( 'NONE', *, *, #7544, .T. ) ;
#7544 = EDGE_CURVE ( 'NONE', #7540, #7545, #3719, .T. ) ;
#7545 = VERTEX_POINT ( 'NONE', #3756 ) ;
#7546 = ORIENTED_EDGE ( 'NONE', *, *, #7547, .T. ) ;
#7547 = EDGE_CURVE ( 'NONE', #7545, #7526, #3654, .T. ) ;
#7548 = VERTEX_POINT ( 'NONE', #3660 ) ;
#7549 = ADVANCED_FACE ( 'NONE', ( #3659 ), #3714, .F. ) ;
#7550 = VERTEX_POINT ( 'NONE', #3715 ) ;
#7551 = EDGE_CURVE ( 'NONE', #7496, #7577, #3781, .T. ) ;
#7552 = ORIENTED_EDGE ( 'NONE', *, *, #7668, .T. ) ;
#7553 = ORIENTED_EDGE ( 'NONE', *, *, #7525, .F. ) ;
#7554 = ORIENTED_EDGE ( 'NONE', *, *, #7555, .F. ) ;
#7555 = EDGE_CURVE ( 'NONE', #7556, #7577, #3669, .T. ) ;
#7556 = VERTEX_POINT ( 'NONE', #3658 ) ;
#7557 = VERTEX_POINT ( 'NONE', #3657 ) ;
#7558 = VERTEX_POINT ( 'NONE', #3656 ) ;
#7559 = VERTEX_POINT ( 'NONE', #3655 ) ;
#7560 = ORIENTED_EDGE ( 'NONE', *, *, #7561, .T. ) ;
#7561 = EDGE_CURVE ( 'NONE', #7559, #7562, #3773, .T. ) ;
#7562 = VERTEX_POINT ( 'NONE', #3673 ) ;
#7563 = ORIENTED_EDGE ( 'NONE', *, *, #7564, .F. ) ;
#7564 = EDGE_CURVE ( 'NONE', #7565, #7562, #3672, .T. ) ;
#7565 = VERTEX_POINT ( 'NONE', #3742 ) ;
#7566 = ORIENTED_EDGE ( 'NONE', *, *, #7567, .F. ) ;
#7567 = EDGE_CURVE ( 'NONE', #7568, #7715, #3741, .T. ) ;
#7568 = VERTEX_POINT ( 'NONE', #3760 ) ;
#7569 = ORIENTED_EDGE ( 'NONE', *, *, #9231, .F. ) ;
#7570 = ORIENTED_EDGE ( 'NONE', *, *, #7571, .T. ) ;
#7571 = EDGE_CURVE ( 'NONE', #7606, #7572, #3650, .T. ) ;
#7572 = VERTEX_POINT ( 'NONE', #3646 ) ;
#7573 = VERTEX_POINT ( 'NONE', #3645 ) ;
#7574 = VERTEX_POINT ( 'NONE', #3644 ) ;
#7575 = VERTEX_POINT ( 'NONE', #3691 ) ;
#7576 = EDGE_CURVE ( 'NONE', #7574, #7487, #3690, .T. ) ;
#7577 = VERTEX_POINT ( 'NONE', #3737 ) ;
#7578 = ORIENTED_EDGE ( 'NONE', *, *, #8477, .T. ) ;
#7579 = EDGE_CURVE ( 'NONE', #7665, #7580, #3736, .T. ) ;
#7580 = VERTEX_POINT ( 'NONE', #3732 ) ;
#7581 = ORIENTED_EDGE ( 'NONE', *, *, #7582, .T. ) ;
#7582 = EDGE_CURVE ( 'NONE', #7580, #7650, #3725, .T. ) ;
#7583 = ORIENTED_EDGE ( 'NONE', *, *, #7607, .T. ) ;
#7584 = ORIENTED_EDGE ( 'NONE', *, *, #7585, .T. ) ;
#7585 = EDGE_CURVE ( 'NONE', #7597, #7510, #3721, .T. ) ;
#7586 = EDGE_CURVE ( 'NONE', #7657, #7472, #3685, .T. ) ;
#7587 = ORIENTED_EDGE ( 'NONE', *, *, #7459, .F. ) ;
#7588 = VERTEX_POINT ( 'NONE', #3681 ) ;
#7589 = ORIENTED_EDGE ( 'NONE', *, *, #7468, .T. ) ;
#7590 = ORIENTED_EDGE ( 'NONE', *, *, #7591, .T. ) ;
#7591 = EDGE_CURVE ( 'NONE', #7492, #7667, #3680, .T. ) ;
#7592 = ORIENTED_EDGE ( 'NONE', *, *, #7593, .F. ) ;
#7593 = EDGE_CURVE ( 'NONE', #7606, #7474, #3704, .T. ) ;
#7594 = EDGE_CURVE ( 'NONE', #7487, #7575, #3700, .T. ) ;
#7595 = ORIENTED_EDGE ( 'NONE', *, *, #7596, .T. ) ;
#7596 = EDGE_CURVE ( 'NONE', #7469, #7597, #3696, .T. ) ;
#7597 = VERTEX_POINT ( 'NONE', #3867 ) ;
#7598 = ORIENTED_EDGE ( 'NONE', *, *, #7599, .T. ) ;
#7599 = EDGE_CURVE ( 'NONE', #7526, #7550, #3868, .T. ) ;
#7600 = ORIENTED_EDGE ( 'NONE', *, *, #7521, .F. ) ;
#7601 = ADVANCED_FACE ( 'NONE', ( #3817, #3866 ), #3823, .T. ) ;
#7602 = VERTEX_POINT ( 'NONE', #3804 ) ;
#7603 = ORIENTED_EDGE ( 'NONE', *, *, #7646, .F. ) ;
#7604 = ORIENTED_EDGE ( 'NONE', *, *, #7607, .F. ) ;
#7605 = EDGE_CURVE ( 'NONE', #7474, #7497, #3818, .T. ) ;
#7606 = VERTEX_POINT ( 'NONE', #3856 ) ;
#7607 = EDGE_CURVE ( 'NONE', #7526, #7597, #3822, .T. ) ;
#7608 = ORIENTED_EDGE ( 'NONE', *, *, #7609, .F. ) ;
#7609 = EDGE_CURVE ( 'NONE', #7610, #7504, #3842, .T. ) ;
#7610 = VERTEX_POINT ( 'NONE', #3799 ) ;
#7611 = ORIENTED_EDGE ( 'NONE', *, *, #7612, .T. ) ;
#7612 = EDGE_CURVE ( 'NONE', #7610, #7613, #3854, .T. ) ;
#7613 = VERTEX_POINT ( 'NONE', #3855 ) ;
#7614 = EDGE_CURVE ( 'NONE', #7654, #7534, #3925, .T. ) ;
#7615 = ORIENTED_EDGE ( 'NONE', *, *, #8605, .F. ) ;
#7616 = ORIENTED_EDGE ( 'NONE', *, *, #9225, .F. ) ;
#7617 = ORIENTED_EDGE ( 'NONE', *, *, #7618, .F. ) ;
#7618 = EDGE_CURVE ( 'NONE', #7472, #7574, #3828, .T. ) ;
#7619 = ORIENTED_EDGE ( 'NONE', *, *, #7576, .F. ) ;
#7620 = EDGE_CURVE ( 'NONE', #7463, #9163, #3827, .T. ) ;
#7621 = ORIENTED_EDGE ( 'NONE', *, *, #7622, .T. ) ;
#7622 = EDGE_CURVE ( 'NONE', #7532, #7623, #3920, .T. ) ;
#7623 = VERTEX_POINT ( 'NONE', #3814 ) ;
#7624 = ORIENTED_EDGE ( 'NONE', *, *, #9168, .T. ) ;
#7625 = ORIENTED_EDGE ( 'NONE', *, *, #7482, .F. ) ;
#7626 = ORIENTED_EDGE ( 'NONE', *, *, #7415, .F. ) ;
#7627 = VERTEX_POINT ( 'NONE', #3813 ) ;
#7628 = ORIENTED_EDGE ( 'NONE', *, *, #7629, .F. ) ;
#7629 = EDGE_CURVE ( 'NONE', #7630, #7627, #3918, .T. ) ;
#7630 = VERTEX_POINT ( 'NONE', #3803 ) ;
#7631 = ORIENTED_EDGE ( 'NONE', *, *, #7790, .F. ) ;
#7632 = ORIENTED_EDGE ( 'NONE', *, *, #7735, .F. ) ;
#7633 = EDGE_CURVE ( 'NONE', #7634, #7550, #3863, .T. ) ;
#7634 = VERTEX_POINT ( 'NONE', #3807 ) ;
#7635 = ORIENTED_EDGE ( 'NONE', *, *, #7718, .T. ) ;
#7636 = ORIENTED_EDGE ( 'NONE', *, *, #7640, .F. ) ;
#7637 = VERTEX_POINT ( 'NONE', #3806 ) ;
#7638 = VERTEX_POINT ( 'NONE', #3805 ) ;
#7639 = ORIENTED_EDGE ( 'NONE', *, *, #7462, .F. ) ;
#7640 = EDGE_CURVE ( 'NONE', #7637, #7533, #3811, .T. ) ;
#7641 = ORIENTED_EDGE ( 'NONE', *, *, #7642, .T. ) ;
#7642 = EDGE_CURVE ( 'NONE', #7613, #7643, #3812, .T. ) ;
#7643 = VERTEX_POINT ( 'NONE', #3948 ) ;
#7644 = ORIENTED_EDGE ( 'NONE', *, *, #7645, .T. ) ;
#7645 = EDGE_CURVE ( 'NONE', #7643, #7532, #3850, .T. ) ;
#7646 = EDGE_CURVE ( 'NONE', #9227, #7657, #3851, .T. ) ;
#7647 = ORIENTED_EDGE ( 'NONE', *, *, #7648, .F. ) ;
#7648 = EDGE_CURVE ( 'NONE', #7573, #7572, #3839, .T. ) ;
#7649 = ORIENTED_EDGE ( 'NONE', *, *, #7476, .F. ) ;
#7650 = VERTEX_POINT ( 'NONE', #3835 ) ;
#7651 = ORIENTED_EDGE ( 'NONE', *, *, #7652, .T. ) ;
#7652 = EDGE_CURVE ( 'NONE', #7650, #7653, #3834, .T. ) ;
#7653 = VERTEX_POINT ( 'NONE', #3830 ) ;
#7654 = VERTEX_POINT ( 'NONE', #3829 ) ;
#7655 = EDGE_CURVE ( 'NONE', #7533, #7506, #3935, .T. ) ;
#7656 = ORIENTED_EDGE ( 'NONE', *, *, #7505, .F. ) ;
#7657 = VERTEX_POINT ( 'NONE', #3931 ) ;
#7658 = ORIENTED_EDGE ( 'NONE', *, *, #7475, .F. ) ;
#7659 = ADVANCED_FACE ( 'NONE', ( #3930 ), #3929, .F. ) ;
#7660 = EDGE_LOOP ( 'NONE', ( #7662, #7666, #7581, #7651, #7485, #7461, #7608, #7611, #7641, #7644, #7621, #7631 ) ) ;
#7661 = ORIENTED_EDGE ( 'NONE', *, *, #7542, .F. ) ;
#7662 = ORIENTED_EDGE ( 'NONE', *, *, #7663, .T. ) ;
#7663 = EDGE_CURVE ( 'NONE', #7664, #7665, #3892, .T. ) ;
#7664 = VERTEX_POINT ( 'NONE', #3891 ) ;
#7665 = VERTEX_POINT ( 'NONE', #3893 ) ;
#7666 = ORIENTED_EDGE ( 'NONE', *, *, #7579, .T. ) ;
#7667 = VERTEX_POINT ( 'NONE', #3890 ) ;
#7668 = EDGE_CURVE ( 'NONE', #9226, #7497, #3885, .T. ) ;
#7669 = ORIENTED_EDGE ( 'NONE', *, *, #7468, .F. ) ;
#7670 = ORIENTED_EDGE ( 'NONE', *, *, #7671, .F. ) ;
#7671 = EDGE_CURVE ( 'NONE', #7713, #7705, #3881, .T. ) ;
#7672 = ADVANCED_FACE ( 'NONE', ( #3877 ), #3876, .T. ) ;
#7673 = EDGE_LOOP ( 'NONE', ( #7674, #7708, #7742, #7684, #7687, #7628, #7744, #7759 ) ) ;
#7674 = ORIENTED_EDGE ( 'NONE', *, *, #7675, .F. ) ;
#7675 = EDGE_CURVE ( 'NONE', #7706, #7707, #3912, .T. ) ;
#7676 = EDGE_CURVE ( 'NONE', #7681, #7469, #3908, .T. ) ;
#7677 = EDGE_CURVE ( 'NONE', #9154, #7717, #3904, .T. ) ;
#7678 = ADVANCED_FACE ( 'NONE', ( #3900 ), #3899, .T. ) ;
#7679 = EDGE_LOOP ( 'NONE', ( #7714, #7791, #7712, #7693, #7566, #7761, #7725, #7703, #7670 ) ) ;
#7680 = VERTEX_POINT ( 'NONE', #3897 ) ;
#7681 = VERTEX_POINT ( 'NONE', #3946 ) ;
#7682 = VERTEX_POINT ( 'NONE', #3945 ) ;
#7683 = ORIENTED_EDGE ( 'NONE', *, *, #7726, .F. ) ;
#7684 = ORIENTED_EDGE ( 'NONE', *, *, #7685, .F. ) ;
#7685 = EDGE_CURVE ( 'NONE', #7686, #7733, #3944, .T. ) ;
#7686 = VERTEX_POINT ( 'NONE', #3940 ) ;
#7687 = ORIENTED_EDGE ( 'NONE', *, *, #7688, .F. ) ;
#7688 = EDGE_CURVE ( 'NONE', #7627, #7686, #3939, .T. ) ;
#7689 = VERTEX_POINT ( 'NONE', #4071 ) ;
#7690 = EDGE_LOOP ( 'NONE', ( #7691, #7560, #7563, #7826, #7827, #7746, #7820, #7772, #7767, #7770 ) ) ;
#7691 = ORIENTED_EDGE ( 'NONE', *, *, #7700, .T. ) ;
#7692 = ORIENTED_EDGE ( 'NONE', *, *, #7633, .F. ) ;
#7693 = ORIENTED_EDGE ( 'NONE', *, *, #7694, .T. ) ;
#7694 = EDGE_CURVE ( 'NONE', #7722, #7715, #3972, .T. ) ;
#7695 = EDGE_CURVE ( 'NONE', #7689, #7713, #3994, .T. ) ;
#7696 = ADVANCED_FACE ( 'NONE', ( #4094 ), #3996, .F. ) ;
#7697 = VERTEX_POINT ( 'NONE', #3997 ) ;
#7698 = ORIENTED_EDGE ( 'NONE', *, *, #7699, .F. ) ;
#7699 = EDGE_CURVE ( 'NONE', #7557, #7634, #3976, .T. ) ;
#7700 = EDGE_CURVE ( 'NONE', #7558, #7559, #3999, .T. ) ;
#7701 = EDGE_CURVE ( 'NONE', #7702, #7777, #4041, .T. ) ;
#7702 = VERTEX_POINT ( 'NONE', #4037 ) ;
#7703 = ORIENTED_EDGE ( 'NONE', *, *, #7704, .F. ) ;
#7704 = EDGE_CURVE ( 'NONE', #7705, #7702, #4036, .T. ) ;
#7705 = VERTEX_POINT ( 'NONE', #4065 ) ;
#7706 = VERTEX_POINT ( 'NONE', #4064 ) ;
#7707 = VERTEX_POINT ( 'NONE', #4063 ) ;
#7708 = ORIENTED_EDGE ( 'NONE', *, *, #7709, .F. ) ;
#7709 = EDGE_CURVE ( 'NONE', #7710, #7706, #3981, .T. ) ;
#7710 = VERTEX_POINT ( 'NONE', #3977 ) ;
#7711 = ORIENTED_EDGE ( 'NONE', *, *, #7677, .F. ) ;
#7712 = ORIENTED_EDGE ( 'NONE', *, *, #7721, .T. ) ;
#7713 = VERTEX_POINT ( 'NONE', #3992 ) ;
#7714 = ORIENTED_EDGE ( 'NONE', *, *, #7695, .F. ) ;
#7715 = VERTEX_POINT ( 'NONE', #3991 ) ;
#7716 = EDGE_CURVE ( 'NONE', #7707, #7758, #3990, .T. ) ;
#7717 = VERTEX_POINT ( 'NONE', #3986 ) ;
#7718 = EDGE_CURVE ( 'NONE', #9194, #7680, #3985, .T. ) ;
#7719 = ORIENTED_EDGE ( 'NONE', *, *, #7676, .T. ) ;
#7720 = EDGE_CURVE ( 'NONE', #7731, #7682, #4034, .T. ) ;
#7721 = EDGE_CURVE ( 'NONE', #7741, #7722, #4030, .T. ) ;
#7722 = VERTEX_POINT ( 'NONE', #4026 ) ;
#7723 = ORIENTED_EDGE ( 'NONE', *, *, #7724, .T. ) ;
#7724 = EDGE_CURVE ( 'NONE', #7697, #7717, #4025, .T. ) ;
#7725 = ORIENTED_EDGE ( 'NONE', *, *, #7701, .F. ) ;
#7726 = EDGE_CURVE ( 'NONE', #7682, #7557, #4021, .T. ) ;
#7727 = EDGE_CURVE ( 'NONE', #7766, #7765, #4088, .T. ) ;
#7728 = ORIENTED_EDGE ( 'NONE', *, *, #7729, .T. ) ;
#7729 = EDGE_CURVE ( 'NONE', #7766, #7730, #4084, .T. ) ;
#7730 = VERTEX_POINT ( 'NONE', #4080 ) ;
#7731 = VERTEX_POINT ( 'NONE', #4079 ) ;
#7732 = EDGE_CURVE ( 'NONE', #7777, #7568, #4078, .T. ) ;
#7733 = VERTEX_POINT ( 'NONE', #4074 ) ;
#7734 = EDGE_LOOP ( 'NONE', ( #7569, #7635, #7632, #7719, #7669, #7692, #7698, #7683, #7760, #7756, #7723, #7711 ) ) ;
#7735 = EDGE_CURVE ( 'NONE', #7681, #7680, #4048, .T. ) ;
#7736 = ADVANCED_FACE ( 'NONE', ( #4073 ), #4072, .F. ) ;
#7737 = ORIENTED_EDGE ( 'NONE', *, *, #7785, .T. ) ;
#7738 = ORIENTED_EDGE ( 'NONE', *, *, #8387, .T. ) ;
#7739 = EDGE_CURVE ( 'NONE', #7740, #7894, #4060, .T. ) ;
#7740 = VERTEX_POINT ( 'NONE', #4056 ) ;
#7741 = VERTEX_POINT ( 'NONE', #4055 ) ;
#7742 = ORIENTED_EDGE ( 'NONE', *, *, #7743, .F. ) ;
#7743 = EDGE_CURVE ( 'NONE', #7733, #7710, #4054, .T. ) ;
#7744 = ORIENTED_EDGE ( 'NONE', *, *, #7745, .T. ) ;
#7745 = EDGE_CURVE ( 'NONE', #7630, #7758, #4050, .T. ) ;
#7746 = ORIENTED_EDGE ( 'NONE', *, *, #7769, .T. ) ;
#7747 = ORIENTED_EDGE ( 'NONE', *, *, #7582, .F. ) ;
#7748 = ADVANCED_FACE ( 'NONE', ( #4013 ), #4012, .F. ) ;
#7749 = ORIENTED_EDGE ( 'NONE', *, *, #7750, .F. ) ;
#7750 = EDGE_CURVE ( 'NONE', #7751, #7752, #4007, .T. ) ;
#7751 = VERTEX_POINT ( 'NONE', #4003 ) ;
#7752 = VERTEX_POINT ( 'NONE', #4002 ) ;
#7753 = ADVANCED_FACE ( 'NONE', ( #4001 ), #4000, .T. ) ;
#7754 = ORIENTED_EDGE ( 'NONE', *, *, #7739, .F. ) ;
#7755 = EDGE_CURVE ( 'NONE', #7752, #7786, #3967, .T. ) ;
#7756 = ORIENTED_EDGE ( 'NONE', *, *, #7757, .T. ) ;
#7757 = EDGE_CURVE ( 'NONE', #7731, #7697, #3963, .T. ) ;
#7758 = VERTEX_POINT ( 'NONE', #3959 ) ;
#7759 = ORIENTED_EDGE ( 'NONE', *, *, #7716, .F. ) ;
#7760 = ORIENTED_EDGE ( 'NONE', *, *, #7720, .F. ) ;
#7761 = ORIENTED_EDGE ( 'NONE', *, *, #7732, .F. ) ;
#7762 = VERTEX_POINT ( 'NONE', #3958 ) ;
#7763 = ORIENTED_EDGE ( 'NONE', *, *, #7764, .F. ) ;
#7764 = EDGE_CURVE ( 'NONE', #7765, #7776, #3957, .T. ) ;
#7765 = VERTEX_POINT ( 'NONE', #3953 ) ;
#7766 = VERTEX_POINT ( 'NONE', #3952 ) ;
#7767 = ORIENTED_EDGE ( 'NONE', *, *, #7768, .T. ) ;
#7768 = EDGE_CURVE ( 'NONE', #7795, #7779, #3328, .T. ) ;
#7769 = EDGE_CURVE ( 'NONE', #7817, #7637, #4213, .T. ) ;
#7770 = ORIENTED_EDGE ( 'NONE', *, *, #7771, .T. ) ;
#7771 = EDGE_CURVE ( 'NONE', #7779, #7558, #4161, .T. ) ;
#7772 = ORIENTED_EDGE ( 'NONE', *, *, #7773, .T. ) ;
#7773 = EDGE_CURVE ( 'NONE', #7533, #7795, #4158, .T. ) ;
#7774 = ORIENTED_EDGE ( 'NONE', *, *, #7775, .F. ) ;
#7775 = EDGE_CURVE ( 'NONE', #7776, #7834, #4170, .T. ) ;
#7776 = VERTEX_POINT ( 'NONE', #4172 ) ;
#7777 = VERTEX_POINT ( 'NONE', #4245 ) ;
#7778 = ADVANCED_FACE ( 'NONE', ( #4244 ), #4243, .F. ) ;
#7779 = VERTEX_POINT ( 'NONE', #4113 ) ;
#7780 = EDGE_LOOP ( 'NONE', ( #7754, #7904, #7822, #7774, #7763, #7789, #7728, #7905, #7855 ) ) ;
#7781 = ORIENTED_EDGE ( 'NONE', *, *, #7782, .F. ) ;
#7782 = EDGE_CURVE ( 'NONE', #7783, #7751, #4115, .T. ) ;
#7783 = VERTEX_POINT ( 'NONE', #4117 ) ;
#7784 = ORIENTED_EDGE ( 'NONE', *, *, #7785, .F. ) ;
#7785 = EDGE_CURVE ( 'NONE', #7786, #7783, #4116, .T. ) ;
#7786 = VERTEX_POINT ( 'NONE', #4164 ) ;
#7787 = ORIENTED_EDGE ( 'NONE', *, *, #7755, .F. ) ;
#7788 = EDGE_LOOP ( 'NONE', ( #7737, #7929, #7975, #7912 ) ) ;
#7789 = ORIENTED_EDGE ( 'NONE', *, *, #7727, .F. ) ;
#7790 = EDGE_CURVE ( 'NONE', #7664, #7623, #4163, .T. ) ;
#7791 = ORIENTED_EDGE ( 'NONE', *, *, #7792, .F. ) ;
#7792 = EDGE_CURVE ( 'NONE', #7741, #7689, #4155, .T. ) ;
#7793 = EDGE_CURVE ( 'NONE', #7762, #7794, #4119, .T. ) ;
#7794 = VERTEX_POINT ( 'NONE', #4229 ) ;
#7795 = VERTEX_POINT ( 'NONE', #4228 ) ;
#7796 = VERTEX_POINT ( 'NONE', #4227 ) ;
#7797 = ORIENTED_EDGE ( 'NONE', *, *, #7848, .F. ) ;
#7798 = EDGE_CURVE ( 'NONE', #7897, #7740, #4130, .T. ) ;
#7799 = LINE ( 'NONE', #7861, #7860 ) ;
#7800 = ORIENTED_EDGE ( 'NONE', *, *, #7801, .F. ) ;
#7801 = EDGE_CURVE ( 'NONE', #7818, #7794, #4131, .T. ) ;
#7802 = EDGE_CURVE ( 'NONE', #7902, #7817, #4151, .T. ) ;
#7803 = AXIS2_PLACEMENT_3D ( 'NONE', #7804, #7823, #7862 ) ;
#7804 = CARTESIAN_POINT ( 'NONE',  ( 2.541466207270222600E-016, -0.8999999999999998000, -5.421010862427522200E-015 ) ) ;
#7805 = DIRECTION ( 'NONE',  ( 0.0000000000000000000, -1.000000000000000000, 0.0000000000000000000 ) ) ;
#7806 = VECTOR ( 'NONE', #7805, 1000.000000000000000 ) ;
#7807 = CARTESIAN_POINT ( 'NONE',  ( 6.200000000000001100, 20.04522618641298200, 2.959999999999993700 ) ) ;
#7808 = LINE ( 'NONE', #7807, #7806 ) ;
#7809 = DIRECTION ( 'NONE',  ( 0.0000000000000000000, 0.0000000000000000000, -1.000000000000000000 ) ) ;
#7810 = CARTESIAN_POINT ( 'NONE',  ( 6.199999999999994800, -0.1000000000000001300, 2.959999999999994600 ) ) ;
#7811 = CARTESIAN_POINT ( 'NONE',  ( 6.200000000000001100, -1.340000000000001000, 2.959999999999993700 ) ) ;
#7812 = EDGE_CURVE ( 'NONE', #7894, #7854, #4209, .T. ) ;
#7813 = CARTESIAN_POINT ( 'NONE',  ( 4.500000000000000900, -0.8999999999999998000, 1.149999999999994600 ) ) ;
#7814 = CARTESIAN_POINT ( 'NONE',  ( 6.200000000000001100, -1.340000000000000100, 2.279999999999998900 ) ) ;
#7815 = EDGE_LOOP ( 'NONE', ( #7749, #7781, #7784, #7787 ) ) ;
#7816 = DIRECTION ( 'NONE',  ( -0.7071067811865536800, -0.0000000000000000000, 0.7071067811865414700 ) ) ;
#7817 = VERTEX_POINT ( 'NONE', #4205 ) ;
#7818 = VERTEX_POINT ( 'NONE', #4204 ) ;
#7819 = ORIENTED_EDGE ( 'NONE', *, *, #7875, .T. ) ;
#7820 = ORIENTED_EDGE ( 'NONE', *, *, #7640, .T. ) ;
#7821 = EDGE_CURVE ( 'NONE', #7895, #7828, #4203, .T. ) ;
#7822 = ORIENTED_EDGE ( 'NONE', *, *, #7833, .F. ) ;
#7823 = DIRECTION ( 'NONE',  ( 0.0000000000000000000, 1.000000000000000000, 0.0000000000000000000 ) ) ;
#7824 = EDGE_CURVE ( 'NONE', #7565, #7902, #4199, .T. ) ;
#7826 = ORIENTED_EDGE ( 'NONE', *, *, #7824, .T. ) ;
#7825 = PLANE ( 'NONE',  #7803 ) ;
#7827 = ORIENTED_EDGE ( 'NONE', *, *, #7802, .T. ) ;
#7828 = VERTEX_POINT ( 'NONE', #4226 ) ;
#7829 = DIRECTION ( 'NONE',  ( 0.0000000000000000000, 4.982546748554703600E-017, -1.000000000000000000 ) ) ;
#7830 = VECTOR ( 'NONE', #7829, 1000.000000000000000 ) ;
#7831 = ORIENTED_EDGE ( 'NONE', *, *, #7832, .F. ) ;
#7832 = EDGE_CURVE ( 'NONE', #7828, #7870, #4225, .T. ) ;
#7833 = EDGE_CURVE ( 'NONE', #7834, #7897, #4221, .T. ) ;
#7834 = VERTEX_POINT ( 'NONE', #4214 ) ;
#7835 = VECTOR ( 'NONE', #7816, 1000.000000000000000 ) ;
#7836 = CARTESIAN_POINT ( 'NONE',  ( 6.200000000000001100, -1.649999999999999700, 2.959999999999993700 ) ) ;
#7837 = LINE ( 'NONE', #7836, #7835 ) ;
#7838 = CARTESIAN_POINT ( 'NONE',  ( 6.200000000000001100, -1.340000000000000100, 8.500000000000000000 ) ) ;
#7839 = LINE ( 'NONE', #7838, #7830 ) ;
#7840 = DIRECTION ( 'NONE',  ( 0.0000000000000000000, -1.000000000000000000, 0.0000000000000000000 ) ) ;
#7841 = VECTOR ( 'NONE', #7840, 1000.000000000000000 ) ;
#7842 = CARTESIAN_POINT ( 'NONE',  ( 6.200000000000001100, 20.04522618641298200, 2.959999999999993700 ) ) ;
#7843 = ORIENTED_EDGE ( 'NONE', *, *, #7857, .T. ) ;
#7844 = LINE ( 'NONE', #7842, #7841 ) ;
#7845 = ADVANCED_FACE ( 'NONE', ( #4217 ), #4216, .T. ) ;
#7846 = EDGE_CURVE ( 'NONE', #7900, #7896, #4141, .T. ) ;
#7847 = ORIENTED_EDGE ( 'NONE', *, *, #7821, .F. ) ;
#7848 = EDGE_CURVE ( 'NONE', #7796, #7580, #4136, .T. ) ;
#7849 = ADVANCED_FACE ( 'NONE', ( #4137 ), #4242, .T. ) ;
#7850 = EDGE_LOOP ( 'NONE', ( #7903, #7877, #7863, #7856, #7800, #7868, #7831, #7847 ) ) ;
#7851 = LINE ( 'NONE', #7852, #7880 ) ;
#7852 = CARTESIAN_POINT ( 'NONE',  ( 6.200000000000001100, 20.04522618641298200, 2.959999999999993700 ) ) ;
#7853 = EDGE_CURVE ( 'NONE', #7730, #7854, #4237, .T. ) ;
#7854 = VERTEX_POINT ( 'NONE', #4232 ) ;
#7855 = ORIENTED_EDGE ( 'NONE', *, *, #7812, .F. ) ;
#7856 = ORIENTED_EDGE ( 'NONE', *, *, #7793, .T. ) ;
#7857 = EDGE_CURVE ( 'NONE', #9221, #7650, #4233, .T. ) ;
#7858 = EDGE_CURVE ( 'NONE', #7762, #7896, #4107, .T. ) ;
#7859 = DIRECTION ( 'NONE',  ( 4.982546748554703600E-017, -4.982546748554703000E-017, 1.000000000000000000 ) ) ;
#7860 = VECTOR ( 'NONE', #7859, 1000.000000000000000 ) ;
#7861 = CARTESIAN_POINT ( 'NONE',  ( 6.199999999999994800, -0.1000000000000002600, 5.779999999999998500 ) ) ;
#7862 = DIRECTION ( 'NONE',  ( 0.0000000000000000000, -0.0000000000000000000, 1.000000000000000000 ) ) ;
#7863 = ORIENTED_EDGE ( 'NONE', *, *, #7858, .F. ) ;
#7864 = DIRECTION ( 'NONE',  ( -0.0000000000000000000, 1.000000000000000000, 0.0000000000000000000 ) ) ;
#7865 = VECTOR ( 'NONE', #7864, 1000.000000000000000 ) ;
#7866 = CARTESIAN_POINT ( 'NONE',  ( 5.899999999999999500, -0.3018074420914884600, 6.199999999999994800 ) ) ;
#7867 = LINE ( 'NONE', #7866, #7865 ) ;
#7868 = ORIENTED_EDGE ( 'NONE', *, *, #7869, .F. ) ;
#7869 = EDGE_CURVE ( 'NONE', #7870, #7818, #4103, .T. ) ;
#7870 = VERTEX_POINT ( 'NONE', #4098 ) ;
#7871 = DIRECTION ( 'NONE',  ( 0.0000000000000000000, -0.0000000000000000000, 1.000000000000000000 ) ) ;
#7872 = VECTOR ( 'NONE', #7871, 1000.000000000000000 ) ;
#7873 = CARTESIAN_POINT ( 'NONE',  ( 4.500000000000000000, -0.8999999999999998000, -5.421010862427522200E-015 ) ) ;
#7874 = LINE ( 'NONE', #7873, #7872 ) ;
#7875 = EDGE_CURVE ( 'NONE', #7796, #9220, #4099, .T. ) ;
#7876 = ORIENTED_EDGE ( 'NONE', *, *, #9148, .T. ) ;
#7877 = ORIENTED_EDGE ( 'NONE', *, *, #7846, .T. ) ;
#7878 = EDGE_LOOP ( 'NONE', ( #7797, #7819, #7876, #7843, #7747 ) ) ;
#7879 = DIRECTION ( 'NONE',  ( 0.0000000000000000000, -1.000000000000000000, 0.0000000000000000000 ) ) ;
#7880 = VECTOR ( 'NONE', #7879, 1000.000000000000000 ) ;
#7881 = ORIENTED_EDGE ( 'NONE', *, *, #7973, .F. ) ;
#7882 = ORIENTED_EDGE ( 'NONE', *, *, #7911, .F. ) ;
#7883 = EDGE_CURVE ( 'NONE', #7884, #7927, #4191, .T. ) ;
#7884 = VERTEX_POINT ( 'NONE', #4190 ) ;
#7885 = ORIENTED_EDGE ( 'NONE', *, *, #7886, .T. ) ;
#7886 = EDGE_CURVE ( 'NONE', #7884, #7887, #4189, .T. ) ;
#7887 = VERTEX_POINT ( 'NONE', #4181 ) ;
#7888 = VERTEX_POINT ( 'NONE', #4180 ) ;
#7889 = EDGE_CURVE ( 'NONE', #7890, #9139, #4179, .T. ) ;
#7890 = VERTEX_POINT ( 'NONE', #4175 ) ;
#7891 = ORIENTED_EDGE ( 'NONE', *, *, #7936, .F. ) ;
#7892 = ORIENTED_EDGE ( 'NONE', *, *, #7893, .T. ) ;
#7893 = EDGE_CURVE ( 'NONE', #8094, #7890, #4174, .T. ) ;
#7894 = VERTEX_POINT ( 'NONE', #4254 ) ;
#7895 = VERTEX_POINT ( 'NONE', #4261 ) ;
#7896 = VERTEX_POINT ( 'NONE', #4269 ) ;
#7897 = VERTEX_POINT ( 'NONE', #4260 ) ;
#7898 = ADVANCED_FACE ( 'NONE', ( #4270 ), #4257, .F. ) ;
#7899 = EDGE_CURVE ( 'NONE', #7900, #7895, #4259, .T. ) ;
#7900 = VERTEX_POINT ( 'NONE', #4282 ) ;
#7901 = ORIENTED_EDGE ( 'NONE', *, *, #7911, .T. ) ;
#7902 = VERTEX_POINT ( 'NONE', #4286 ) ;
#7903 = ORIENTED_EDGE ( 'NONE', *, *, #7899, .F. ) ;
#7904 = ORIENTED_EDGE ( 'NONE', *, *, #7798, .F. ) ;
#7905 = ORIENTED_EDGE ( 'NONE', *, *, #7853, .T. ) ;
#7906 = ADVANCED_FACE ( 'NONE', ( #4285 ), #4251, .T. ) ;
#7907 = ORIENTED_EDGE ( 'NONE', *, *, #7782, .T. ) ;
#7908 = ORIENTED_EDGE ( 'NONE', *, *, #7921, .T. ) ;
#7909 = FACE_OUTER_BOUND ( 'NONE', #4495, .T. ) ;
#7910 = EDGE_CURVE ( 'NONE', #7966, #8099, #4253, .T. ) ;
#7911 = EDGE_CURVE ( 'NONE', #7966, #7968, #4263, .T. ) ;
#7912 = ORIENTED_EDGE ( 'NONE', *, *, #7973, .T. ) ;
#7913 = ORIENTED_EDGE ( 'NONE', *, *, #7936, .T. ) ;
#7914 = PLANE ( 'NONE',  #7924 ) ;
#7915 = EDGE_LOOP ( 'NONE', ( #7916, #8096, #8097, #8098, #7885, #8328, #8119 ) ) ;
#7916 = ORIENTED_EDGE ( 'NONE', *, *, #9236, .F. ) ;
#7917 = LINE ( 'NONE', #7066, #7416 ) ;
#7918 = CARTESIAN_POINT ( 'NONE',  ( 4.500000000000000000, 0.2000000000000011800, -0.3000000000000057100 ) ) ;
#7919 = DIRECTION ( 'NONE',  ( 0.0000000000000000000, 0.0000000000000000000, 1.000000000000000000 ) ) ;
#7920 = DIRECTION ( 'NONE',  ( -1.000000000000000000, 0.0000000000000000000, 0.0000000000000000000 ) ) ;
#7921 = EDGE_CURVE ( 'NONE', #8140, #7927, #4268, .T. ) ;
#7922 = ADVANCED_FACE ( 'NONE', ( #4281 ), #4280, .F. ) ;
#7923 = EDGE_CURVE ( 'NONE', #7752, #7966, #4250, .T. ) ;
#7924 = AXIS2_PLACEMENT_3D ( 'NONE', #7939, #7920, #7919 ) ;
#7925 = ORIENTED_EDGE ( 'NONE', *, *, #7930, .T. ) ;
#7926 = ORIENTED_EDGE ( 'NONE', *, *, #7910, .F. ) ;
#7927 = VERTEX_POINT ( 'NONE', #1741 ) ;
#7928 = ORIENTED_EDGE ( 'NONE', *, *, #7755, .T. ) ;
#7929 = ORIENTED_EDGE ( 'NONE', *, *, #7930, .F. ) ;
#7930 = EDGE_CURVE ( 'NONE', #8144, #7783, #1724, .T. ) ;
#7931 = ORIENTED_EDGE ( 'NONE', *, *, #7893, .F. ) ;
#7932 = ORIENTED_EDGE ( 'NONE', *, *, #8145, .T. ) ;
#7933 = VERTEX_POINT ( 'NONE', #1697 ) ;
#7934 = ORIENTED_EDGE ( 'NONE', *, *, #7940, .T. ) ;
#7935 = ADVANCED_FACE ( 'NONE', ( #1690 ), #1692, .T. ) ;
#7936 = EDGE_CURVE ( 'NONE', #8144, #8099, #1735, .T. ) ;
#7937 = EDGE_LOOP ( 'NONE', ( #7908, #8093, #7934 ) ) ;
#7938 = ORIENTED_EDGE ( 'NONE', *, *, #7923, .F. ) ;
#7939 = CARTESIAN_POINT ( 'NONE',  ( 6.200000000000001100, 20.04522618641298200, 11.59999999999999600 ) ) ;
#7940 = EDGE_CURVE ( 'NONE', #7890, #8140, #1711, .T. ) ;
#7941 = CARTESIAN_POINT ( 'NONE',  ( 6.200000000000001100, -0.1000000000000000900, 2.279999999999998500 ) ) ;
#7942 = CARTESIAN_POINT ( 'NONE',  ( 4.500000000000000000, 65.90119046564578300, 0.7499999999999945600 ) ) ;
#7943 = LINE ( 'NONE', #7942, #7951 ) ;
#7944 = CARTESIAN_POINT ( 'NONE',  ( 4.500000000000000000, -1.449999999999999700, 0.7499999999999945600 ) ) ;
#7945 = AXIS2_PLACEMENT_3D ( 'NONE', #7918, #7953, #7952 ) ;
#7946 = DIRECTION ( 'NONE',  ( 0.0000000000000000000, 0.0000000000000000000, -1.000000000000000000 ) ) ;
#7947 = PLANE ( 'NONE',  #7945 ) ;
#7948 = FACE_OUTER_BOUND ( 'NONE', #4600, .T. ) ;
#7949 = CARTESIAN_POINT ( 'NONE',  ( 4.500000000000000000, -1.299999999999999800, 0.7499999999999945600 ) ) ;
#7950 = DIRECTION ( 'NONE',  ( 0.0000000000000000000, 1.000000000000000000, 0.0000000000000000000 ) ) ;
#7951 = VECTOR ( 'NONE', #7950, 1000.000000000000000 ) ;
#7952 = DIRECTION ( 'NONE',  ( 0.7071067811865489100, 0.0000000000000000000, -0.7071067811865461300 ) ) ;
#7953 = DIRECTION ( 'NONE',  ( 0.7071067811865461300, 0.0000000000000000000, 0.7071067811865489100 ) ) ;
#7954 = CARTESIAN_POINT ( 'NONE',  ( 6.100000000000000500, 0.2000000000000011800, 9.499999999999998200 ) ) ;
#7955 = AXIS2_PLACEMENT_3D ( 'NONE', #7954, #7956, #7946 ) ;
#7956 = DIRECTION ( 'NONE',  ( 1.000000000000000000, 0.0000000000000000000, 0.0000000000000000000 ) ) ;
#7957 = PLANE ( 'NONE',  #7955 ) ;
#7958 = FACE_OUTER_BOUND ( 'NONE', #4549, .T. ) ;
#7959 = VECTOR ( 'NONE', #7961, 1000.000000000000000 ) ;
#7960 = EDGE_LOOP ( 'NONE', ( #7926, #7901, #7967, #7913 ) ) ;
#7961 = DIRECTION ( 'NONE',  ( 0.0000000000000000000, -1.000000000000000000, 0.0000000000000000000 ) ) ;
#7962 = CARTESIAN_POINT ( 'NONE',  ( 6.100000000000000500, -1.649999999999999700, 5.999999999999994700 ) ) ;
#7963 = LINE ( 'NONE', #7962, #7959 ) ;
#7964 = EDGE_LOOP ( 'NONE', ( #7938, #7928, #7881, #7882 ) ) ;
#7965 = EDGE_CURVE ( 'NONE', #7968, #8144, #1750, .T. ) ;
#7966 = VERTEX_POINT ( 'NONE', #1757 ) ;
#7967 = ORIENTED_EDGE ( 'NONE', *, *, #7965, .T. ) ;
#7968 = VERTEX_POINT ( 'NONE', #1693 ) ;
#7969 = EDGE_LOOP ( 'NONE', ( #7931, #7932, #8102, #8146, #8087 ) ) ;
#7970 = EDGE_LOOP ( 'NONE', ( #7971, #8147, #8100, #7892 ) ) ;
#7971 = ORIENTED_EDGE ( 'NONE', *, *, #7889, .T. ) ;
#7972 = ADVANCED_FACE ( 'NONE', ( #1734 ), #1727, .F. ) ;
#7973 = EDGE_CURVE ( 'NONE', #7968, #7786, #1689, .T. ) ;
#7974 = ADVANCED_FACE ( 'NONE', ( #1732 ), #1712, .F. ) ;
#7975 = ORIENTED_EDGE ( 'NONE', *, *, #7965, .F. ) ;
#7976 = DIRECTION ( 'NONE',  ( -0.5578543324321917400, -0.6144892900395174700, 0.5578543324321892900 ) ) ;
#7977 = CARTESIAN_POINT ( 'NONE',  ( 6.234301666309747200, -0.04384726509695856300, 5.865698333690248800 ) ) ;
#7978 = LINE ( 'NONE', #7977, #7993 ) ;
#7979 = CARTESIAN_POINT ( 'NONE',  ( -6.899999999999999500, 0.1000000000000000500, 3.009999999999995300 ) ) ;
#7980 = CARTESIAN_POINT ( 'NONE',  ( -6.867257049925019200, 0.05634273323335961500, 3.042742950074976100 ) ) ;
#7981 = CARTESIAN_POINT ( 'NONE',  ( -6.850000000000000500, 0.004571583458300432900, 3.059999999999996100 ) ) ;
#7982 = CARTESIAN_POINT ( 'NONE',  ( -6.850000000000000500, -0.04999999999999991300, 3.059999999999996100 ) ) ;
#7983 = ORIENTED_EDGE ( 'NONE', *, *, #7110, .T. ) ;
#7984 = ORIENTED_EDGE ( 'NONE', *, *, #8593, .T. ) ;
#7985 = CYLINDRICAL_SURFACE ( 'NONE', #8026, 0.5999999999999998700 ) ;
#7986 = PLANE ( 'NONE',  #7987 ) ;
#7987 = AXIS2_PLACEMENT_3D ( 'NONE', #8041, #8040, #8039 ) ;
#7988 = PLANE ( 'NONE',  #8045 ) ;
#7989 = CARTESIAN_POINT ( 'NONE',  ( 5.900000000000000400, -0.9641571194762687000, 6.199999999999994800 ) ) ;
#7990 = PLANE ( 'NONE',  #7991 ) ;
#7991 = AXIS2_PLACEMENT_3D ( 'NONE', #8007, #8006, #8005 ) ;
#7992 = FACE_OUTER_BOUND ( 'NONE', #4368, .T. ) ;
#7993 = VECTOR ( 'NONE', #7976, 1000.000000000000000 ) ;
#7994 = VECTOR ( 'NONE', #8047, 1000.000000000000000 ) ;
#7995 = CARTESIAN_POINT ( 'NONE',  ( 5.900000000000000400, -0.9807975946330823600, 7.216733032081297200 ) ) ;
#7996 = ORIENTED_EDGE ( 'NONE', *, *, #8532, .T. ) ;
#7997 = DIRECTION ( 'NONE',  ( -1.000000000000000000, 0.0000000000000000000, 0.0000000000000000000 ) ) ;
#7998 = VECTOR ( 'NONE', #7997, 1000.000000000000000 ) ;
#7999 = CARTESIAN_POINT ( 'NONE',  ( 20.02147920902147500, -0.9641571194762685900, 6.199999999999994000 ) ) ;
#8000 = LINE ( 'NONE', #7999, #7998 ) ;
#8001 = DIRECTION ( 'NONE',  ( -0.0000000000000000000, 1.000000000000000000, 0.0000000000000000000 ) ) ;
#8002 = VECTOR ( 'NONE', #8001, 1000.000000000000000 ) ;
#8003 = CARTESIAN_POINT ( 'NONE',  ( 5.899999999999999500, -0.3018074420914884600, 6.199999999999994800 ) ) ;
#8004 = LINE ( 'NONE', #8003, #8002 ) ;
#8005 = DIRECTION ( 'NONE',  ( 1.000000000000000000, 0.0000000000000000000, -0.0000000000000000000 ) ) ;
#8006 = DIRECTION ( 'NONE',  ( 0.0000000000000000000, 0.0000000000000000000, 1.000000000000000000 ) ) ;
#8007 = CARTESIAN_POINT ( 'NONE',  ( 5.949999999999998400, 0.2000000000000011800, 7.199999999999995700 ) ) ;
#8008 = FACE_OUTER_BOUND ( 'NONE', #4370, .T. ) ;
#8009 = ORIENTED_EDGE ( 'NONE', *, *, #7111, .F. ) ;
#8010 = EDGE_LOOP ( 'NONE', ( #6794, #7984, #6793, #6762 ) ) ;
#8011 = VECTOR ( 'NONE', #8024, 1000.000000000000000 ) ;
#8012 = CARTESIAN_POINT ( 'NONE',  ( 5.600000000000001400, 0.2000000000000011800, 13.02999999999999400 ) ) ;
#8013 = LINE ( 'NONE', #8012, #8011 ) ;
#8014 = DIRECTION ( 'NONE',  ( 1.000000000000000000, -0.0000000000000000000, -0.0000000000000000000 ) ) ;
#8015 = VECTOR ( 'NONE', #8014, 1000.000000000000000 ) ;
#8016 = FACE_OUTER_BOUND ( 'NONE', #4389, .T. ) ;
#8017 = LINE ( 'NONE', #7995, #7994 ) ;
#8018 = EDGE_LOOP ( 'NONE', ( #6776, #6769, #7996, #6785 ) ) ;
#8019 = AXIS2_PLACEMENT_3D ( 'NONE', #8021, #8064, #8063 ) ;
#8020 = CARTESIAN_POINT ( 'NONE',  ( 5.900000000000000400, -0.9805237315875619000, 7.199999999999995700 ) ) ;
#8021 = CARTESIAN_POINT ( 'NONE',  ( 20.02147920902147500, -1.100000000000002500, 14.49999999999999500 ) ) ;
#8022 = PLANE ( 'NONE',  #8019 ) ;
#8023 = FACE_OUTER_BOUND ( 'NONE', #4393, .T. ) ;
#8024 = DIRECTION ( 'NONE',  ( 1.000000000000000000, -0.0000000000000000000, -0.0000000000000000000 ) ) ;
#8025 = CARTESIAN_POINT ( 'NONE',  ( 5.600000000000001400, -0.3999999999999986900, 13.02999999999999400 ) ) ;
#8026 = AXIS2_PLACEMENT_3D ( 'NONE', #8025, #8033, #8032 ) ;
#8027 = FACE_OUTER_BOUND ( 'NONE', #4433, .T. ) ;
#8028 =( BOUNDED_CURVE ( )  B_SPLINE_CURVE ( 3, ( #7982, #7981, #7980, #7979 ),
 .UNSPECIFIED., .F., .T. ) 
 B_SPLINE_CURVE_WITH_KNOTS ( ( 4, 4 ),
 ( 3.141592653589792700, 3.785093762383075600 ),
 .UNSPECIFIED. ) 
 CURVE ( )  GEOMETRIC_REPRESENTATION_ITEM ( )  RATIONAL_B_SPLINE_CURVE ( ( 1.000000000000000000, 0.9657888653670092500, 0.9657888653670092500, 1.000000000000000000 ) ) 
 REPRESENTATION_ITEM ( '' )  );
#8029 = DIRECTION ( 'NONE',  ( 0.0000000000000000000, 0.0000000000000000000, -1.000000000000000000 ) ) ;
#8030 = AXIS2_PLACEMENT_3D ( 'NONE', #8065, #8034, #8029 ) ;
#8031 = CYLINDRICAL_SURFACE ( 'NONE', #8030, 0.2000000000000005100 ) ;
#8032 = DIRECTION ( 'NONE',  ( 0.0000000000000000000, 0.0000000000000000000, -1.000000000000000000 ) ) ;
#8033 = DIRECTION ( 'NONE',  ( 1.000000000000000000, -0.0000000000000000000, -0.0000000000000000000 ) ) ;
#8034 = DIRECTION ( 'NONE',  ( 1.000000000000000000, -0.0000000000000000000, -0.0000000000000000000 ) ) ;
#8035 = FACE_OUTER_BOUND ( 'NONE', #4386, .T. ) ;
#8036 = DIRECTION ( 'NONE',  ( -1.000000000000000000, 0.0000000000000000000, -0.0000000000000000000 ) ) ;
#8037 = CARTESIAN_POINT ( 'NONE',  ( 5.600000000000001400, -0.5306213110653256200, 11.69364747424356900 ) ) ;
#8038 = LINE ( 'NONE', #8037, #8015 ) ;
#8039 = DIRECTION ( 'NONE',  ( 0.0000000000000000000, 0.7404030648300566900, -0.6721631510208356800 ) ) ;
#8040 = DIRECTION ( 'NONE',  ( 0.0000000000000000000, -0.6721631510208356800, -0.7404030648300566900 ) ) ;
#8041 = CARTESIAN_POINT ( 'NONE',  ( 5.449999999999994800, -0.4120881868696221200, 6.199999999999994800 ) ) ;
#8042 = VERTEX_POINT ( 'NONE', #1713 ) ;
#8043 = DIRECTION ( 'NONE',  ( 0.0000000000000000000, 0.0000000000000000000, -1.000000000000000000 ) ) ;
#8044 = CARTESIAN_POINT ( 'NONE',  ( 5.449999999999994800, 4.539308700703375400, 6.199999999999994800 ) ) ;
#8045 = AXIS2_PLACEMENT_3D ( 'NONE', #8044, #8043, #8036 ) ;
#8046 = FACE_OUTER_BOUND ( 'NONE', #4382, .T. ) ;
#8047 = DIRECTION ( 'NONE',  ( 0.0000000000000000000, -0.01636442052217810400, 0.9998660939050655300 ) ) ;
#8048 = DIRECTION ( 'NONE',  ( 0.0000000000000000000, 0.0000000000000000000, 1.000000000000000000 ) ) ;
#8049 = DIRECTION ( 'NONE',  ( -1.000000000000000000, 0.0000000000000000000, 0.0000000000000000000 ) ) ;
#8050 = CARTESIAN_POINT ( 'NONE',  ( -6.950000000000000200, -0.04999999999999969700, 2.809999999999995600 ) ) ;
#8051 = AXIS2_PLACEMENT_3D ( 'NONE', #8050, #8049, #8048 ) ;
#8052 = CIRCLE ( 'NONE', #8051, 0.2499999999999997800 ) ;
#8053 = DIRECTION ( 'NONE',  ( 1.000000000000000000, 0.0000000000000000000, 0.0000000000000000000 ) ) ;
#8054 = VECTOR ( 'NONE', #8053, 1000.000000000000000 ) ;
#8055 = CARTESIAN_POINT ( 'NONE',  ( 20.02147920902147500, -0.9805237315875619000, 7.199999999999995700 ) ) ;
#8056 = LINE ( 'NONE', #8055, #8054 ) ;
#8057 = DIRECTION ( 'NONE',  ( 1.000000000000000000, 0.0000000000000000000, -0.0000000000000000000 ) ) ;
#8058 = DIRECTION ( 'NONE',  ( 0.0000000000000000000, 0.0000000000000000000, 1.000000000000000000 ) ) ;
#8059 = CARTESIAN_POINT ( 'NONE',  ( -6.799999999999998000, 14.43376267892646900, 11.59999999999999400 ) ) ;
#8060 = AXIS2_PLACEMENT_3D ( 'NONE', #8059, #8058, #8057 ) ;
#8061 = PLANE ( 'NONE',  #8060 ) ;
#8062 = FACE_OUTER_BOUND ( 'NONE', #4403, .T. ) ;
#8063 = DIRECTION ( 'NONE',  ( 0.0000000000000000000, -0.01636442052217810400, 0.9998660939050655300 ) ) ;
#8064 = DIRECTION ( 'NONE',  ( 0.0000000000000000000, 0.9998660939050655300, 0.01636442052217810400 ) ) ;
#8065 = CARTESIAN_POINT ( 'NONE',  ( 5.600000000000001400, -0.6999999999999997300, 11.79999999999999500 ) ) ;
#8066 = DIRECTION ( 'NONE',  ( -0.0000000000000000000, 0.0000000000000000000, -1.000000000000000000 ) ) ;
#8067 = VECTOR ( 'NONE', #8066, 1000.000000000000000 ) ;
#8068 = CARTESIAN_POINT ( 'NONE',  ( -5.250000000000000000, -0.8999999999999998000, -5.421010862427522200E-015 ) ) ;
#8069 = LINE ( 'NONE', #8068, #8067 ) ;
#8070 = DIRECTION ( 'NONE',  ( -1.000000000000000000, 0.0000000000000000000, 0.0000000000000000000 ) ) ;
#8071 = LINE ( 'NONE', #8080, #8076 ) ;
#8072 = CARTESIAN_POINT ( 'NONE',  ( 6.697574535131322100E-016, -0.8999999999999998000, 1.149999999999993200 ) ) ;
#8073 = LINE ( 'NONE', #8072, #8075 ) ;
#8074 = DIRECTION ( 'NONE',  ( -1.000000000000000000, 0.0000000000000000000, 3.614007241618351200E-016 ) ) ;
#8075 = VECTOR ( 'NONE', #8074, 1000.000000000000000 ) ;
#8076 = VECTOR ( 'NONE', #8082, 1000.000000000000000 ) ;
#8077 = DIRECTION ( 'NONE',  ( 0.7071067811865489100, -0.0000000000000000000, -0.7071067811865461300 ) ) ;
#8078 = CARTESIAN_POINT ( 'NONE',  ( 4.500000000000000000, -1.649999999999999700, -0.3000000000000057100 ) ) ;
#8079 = LINE ( 'NONE', #8078, #8086 ) ;
#8080 = CARTESIAN_POINT ( 'NONE',  ( 4.500000000000000000, 0.2000000000000094200, 1.149999999999994600 ) ) ;
#8081 = CARTESIAN_POINT ( 'NONE',  ( 4.500000000000000000, -1.649999999999999700, 1.149999999999994600 ) ) ;
#8082 = DIRECTION ( 'NONE',  ( 0.0000000000000000000, -1.000000000000000000, 0.0000000000000000000 ) ) ;
#8083 = VECTOR ( 'NONE', #8070, 1000.000000000000000 ) ;
#8084 = CARTESIAN_POINT ( 'NONE',  ( 2.541466207270222600E-016, -0.8999999999999998000, 1.149999999999994600 ) ) ;
#8085 = LINE ( 'NONE', #8084, #8083 ) ;
#8086 = VECTOR ( 'NONE', #8077, 1000.000000000000100 ) ;
#8087 = ORIENTED_EDGE ( 'NONE', *, *, #7940, .F. ) ;
#8088 = ADVANCED_FACE ( 'NONE', ( #1730 ), #1709, .T. ) ;
#8089 = VERTEX_POINT ( 'NONE', #1722 ) ;
#8090 = VERTEX_POINT ( 'NONE', #1714 ) ;
#8091 = EDGE_CURVE ( 'NONE', #8128, #8092, #1707, .T. ) ;
#8092 = VERTEX_POINT ( 'NONE', #1706 ) ;
#8093 = ORIENTED_EDGE ( 'NONE', *, *, #8095, .T. ) ;
#8094 = VERTEX_POINT ( 'NONE', #1731 ) ;
#8095 = EDGE_CURVE ( 'NONE', #7927, #7890, #1747, .T. ) ;
#8096 = ORIENTED_EDGE ( 'NONE', *, *, #7889, .F. ) ;
#8097 = ORIENTED_EDGE ( 'NONE', *, *, #8095, .F. ) ;
#8098 = ORIENTED_EDGE ( 'NONE', *, *, #7883, .F. ) ;
#8099 = VERTEX_POINT ( 'NONE', #1743 ) ;
#8100 = ORIENTED_EDGE ( 'NONE', *, *, #8141, .T. ) ;
#8101 = EDGE_CURVE ( 'NONE', #8140, #8139, #1742, .T. ) ;
#8102 = ORIENTED_EDGE ( 'NONE', *, *, #8103, .T. ) ;
#8103 = EDGE_CURVE ( 'NONE', #7933, #8139, #1702, .T. ) ;
#8104 = EDGE_CURVE ( 'NONE', #8254, #8105, #1770, .T. ) ;
#8105 = VERTEX_POINT ( 'NONE', #1805 ) ;
#8106 = ADVANCED_FACE ( 'NONE', ( #1765 ), #1807, .F. ) ;
#8107 = ORIENTED_EDGE ( 'NONE', *, *, #8108, .T. ) ;
#8108 = EDGE_CURVE ( 'NONE', #8254, #8109, #1826, .T. ) ;
#8109 = VERTEX_POINT ( 'NONE', #1771 ) ;
#8110 = ORIENTED_EDGE ( 'NONE', *, *, #8117, .T. ) ;
#8111 = EDGE_CURVE ( 'NONE', #8127, #8322, #1784, .T. ) ;
#8112 = ORIENTED_EDGE ( 'NONE', *, *, #8115, .F. ) ;
#8113 = ORIENTED_EDGE ( 'NONE', *, *, #8293, .T. ) ;
#8114 = ORIENTED_EDGE ( 'NONE', *, *, #8115, .T. ) ;
#8115 = EDGE_CURVE ( 'NONE', #8089, #8090, #1794, .T. ) ;
#8116 = EDGE_LOOP ( 'NONE', ( #8112, #8113, #8130, #8129, #8256 ) ) ;
#8117 = EDGE_CURVE ( 'NONE', #8109, #8370, #1813, .T. ) ;
#8118 = ORIENTED_EDGE ( 'NONE', *, *, #8337, .T. ) ;
#8119 = ORIENTED_EDGE ( 'NONE', *, *, #8263, .F. ) ;
#8120 = EDGE_CURVE ( 'NONE', #7884, #8252, #1759, .T. ) ;
#8121 = ORIENTED_EDGE ( 'NONE', *, *, #8122, .F. ) ;
#8122 = EDGE_CURVE ( 'NONE', #8229, #8266, #1760, .T. ) ;
#8123 = ORIENTED_EDGE ( 'NONE', *, *, #8247, .F. ) ;
#8124 = ORIENTED_EDGE ( 'NONE', *, *, #8117, .F. ) ;
#8125 = ORIENTED_EDGE ( 'NONE', *, *, #8132, .T. ) ;
#8126 = ORIENTED_EDGE ( 'NONE', *, *, #8111, .T. ) ;
#8127 = VERTEX_POINT ( 'NONE', #1804 ) ;
#8128 = VERTEX_POINT ( 'NONE', #1803 ) ;
#8129 = ORIENTED_EDGE ( 'NONE', *, *, #8091, .T. ) ;
#8130 = ORIENTED_EDGE ( 'NONE', *, *, #8131, .F. ) ;
#8131 = EDGE_CURVE ( 'NONE', #8128, #8294, #1799, .T. ) ;
#8132 = EDGE_CURVE ( 'NONE', #8090, #8127, #1762, .T. ) ;
#8133 = ADVANCED_FACE ( 'NONE', ( #1796 ), #1766, .T. ) ;
#8134 = ORIENTED_EDGE ( 'NONE', *, *, #8288, .F. ) ;
#8135 = ORIENTED_EDGE ( 'NONE', *, *, #8206, .T. ) ;
#8136 = ORIENTED_EDGE ( 'NONE', *, *, #8104, .F. ) ;
#8137 = ADVANCED_FACE ( 'NONE', ( #1828 ), #1817, .T. ) ;
#8138 = EDGE_LOOP ( 'NONE', ( #8142, #7891, #7925, #7907 ) ) ;
#8139 = VERTEX_POINT ( 'NONE', #1818 ) ;
#8140 = VERTEX_POINT ( 'NONE', #1824 ) ;
#8141 = EDGE_CURVE ( 'NONE', #9131, #8094, #1823, .T. ) ;
#8142 = ORIENTED_EDGE ( 'NONE', *, *, #8143, .F. ) ;
#8143 = EDGE_CURVE ( 'NONE', #8099, #7751, #1781, .T. ) ;
#8144 = VERTEX_POINT ( 'NONE', #1854 ) ;
#8145 = EDGE_CURVE ( 'NONE', #8094, #7933, #1847, .T. ) ;
#8146 = ORIENTED_EDGE ( 'NONE', *, *, #8101, .F. ) ;
#8147 = ORIENTED_EDGE ( 'NONE', *, *, #9234, .F. ) ;
#8148 = DIRECTION ( 'NONE',  ( 0.0000000000000000000, 1.000000000000000000, 0.0000000000000000000 ) ) ;
#8149 = VECTOR ( 'NONE', #8168, 1000.000000000000000 ) ;
#8150 = CARTESIAN_POINT ( 'NONE',  ( 0.6000000000000002000, 0.2000000000000003200, -5.421010862427522200E-015 ) ) ;
#8151 = LINE ( 'NONE', #8150, #8149 ) ;
#8152 = DIRECTION ( 'NONE',  ( 0.0000000000000000000, 1.000000000000000000, 0.0000000000000000000 ) ) ;
#8153 = CARTESIAN_POINT ( 'NONE',  ( 2.100000000000000100, 65.90119046564578300, 0.1999999999999953200 ) ) ;
#8154 = LINE ( 'NONE', #8158, #8157 ) ;
#8155 = VECTOR ( 'NONE', #8148, 1000.000000000000000 ) ;
#8156 = DIRECTION ( 'NONE',  ( -6.994852725712931500E-017, 1.000000000000000000, 1.053310350199182900E-033 ) ) ;
#8157 = VECTOR ( 'NONE', #8156, 1000.000000000000000 ) ;
#8158 = CARTESIAN_POINT ( 'NONE',  ( 0.7999999999999990500, -0.8000000000000661000, 0.1999999999999946000 ) ) ;
#8159 = PLANE ( 'NONE',  #8167 ) ;
#8160 = CARTESIAN_POINT ( 'NONE',  ( -3.149999999999999500, -0.8999999999999998000, 0.8499999999999955400 ) ) ;
#8161 = LINE ( 'NONE', #8160, #8213 ) ;
#8162 = DIRECTION ( 'NONE',  ( -6.994852725712932700E-017, 1.000000000000000000, 0.0000000000000000000 ) ) ;
#8163 = DIRECTION ( 'NONE',  ( 1.000000000000000000, 6.994852725712932700E-017, -0.0000000000000000000 ) ) ;
#8164 = CARTESIAN_POINT ( 'NONE',  ( 6.331833518501526600, 0.09125965647275144400, 5.779192007154448700 ) ) ;
#8165 = FACE_OUTER_BOUND ( 'NONE', #4814, .T. ) ;
#8166 = CARTESIAN_POINT ( 'NONE',  ( 0.6000000000000003100, -1.649999999999999500, -0.5000000000000054400 ) ) ;
#8167 = AXIS2_PLACEMENT_3D ( 'NONE', #8166, #8163, #8162 ) ;
#8168 = DIRECTION ( 'NONE',  ( 0.0000000000000000000, 0.0000000000000000000, -1.000000000000000000 ) ) ;
#8169 = CARTESIAN_POINT ( 'NONE',  ( 6.319506660662139700, 0.1044916280070004000, 5.780000000000000200 ) ) ;
#8170 = DIRECTION ( 'NONE',  ( 0.0000000000000000000, -1.000000000000000000, 0.0000000000000000000 ) ) ;
#8171 = VECTOR ( 'NONE', #8204, 1000.000000000000100 ) ;
#8172 = DIRECTION ( 'NONE',  ( 0.0000000000000000000, 0.0000000000000000000, 1.000000000000000000 ) ) ;
#8173 = DIRECTION ( 'NONE',  ( 1.000000000000000000, -1.232595164407830900E-032, -9.585933842097445100E-017 ) ) ;
#8174 = AXIS2_PLACEMENT_3D ( 'NONE', #8248, #8173, #8172 ) ;
#8175 = CIRCLE ( 'NONE', #8174, 0.1500000000000008300 ) ;
#8176 = DIRECTION ( 'NONE',  ( 0.0000000000000000000, 0.0000000000000000000, 1.000000000000000000 ) ) ;
#8177 = DIRECTION ( 'NONE',  ( -1.000000000000000000, 1.232595164407830900E-032, 9.585933842097445100E-017 ) ) ;
#8178 = AXIS2_PLACEMENT_3D ( 'NONE', #8212, #8211, #8210 ) ;
#8179 = PLANE ( 'NONE',  #8178 ) ;
#8180 = DIRECTION ( 'NONE',  ( 0.0000000000000000000, -1.000000000000000000, 0.0000000000000000000 ) ) ;
#8181 = DIRECTION ( 'NONE',  ( 0.0000000000000000000, 4.982546748554711000E-017, 1.000000000000000000 ) ) ;
#8183 = ORIENTED_EDGE ( 'NONE', *, *, #8184, .T. ) ;
#8182 = CARTESIAN_POINT ( 'NONE',  ( 6.099999999999993400, -0.1000000000000001400, 5.780000000000000200 ) ) ;
#8184 = EDGE_CURVE ( 'NONE', #8267, #8258, #1844, .T. ) ;
#8185 = AXIS2_PLACEMENT_3D ( 'NONE', #8182, #8181, #8180 ) ;
#8186 = CIRCLE ( 'NONE', #8185, 0.09999999999999983900 ) ;
#8187 = CARTESIAN_POINT ( 'NONE',  ( 6.319506660662139700, 0.1044916280070004000, 5.780000000000000200 ) ) ;
#8188 = CARTESIAN_POINT ( 'NONE',  ( 5.849999999999999600, -0.7499999999999997800, 11.04999999999999900 ) ) ;
#8189 = B_SPLINE_CURVE_WITH_KNOTS ( 'NONE', 1,
 ( #8239, #8187 ),
 .UNSPECIFIED., .F., .F.,
 ( 2, 2 ),
 ( 0.0000000000000000000, 1.000000000000000000 ),
 .UNSPECIFIED. ) ;
#8190 = DIRECTION ( 'NONE',  ( -1.000000000000000000, 0.0000000000000000000, -5.283659963339135000E-015 ) ) ;
#8191 = DIRECTION ( 'NONE',  ( 5.283659963339135000E-015, 1.245636687138676800E-016, -1.000000000000000000 ) ) ;
#8192 = CARTESIAN_POINT ( 'NONE',  ( -6.849999999999997900, -0.1000000000000000100, 5.780000000000003800 ) ) ;
#8193 = AXIS2_PLACEMENT_3D ( 'NONE', #8192, #8191, #8190 ) ;
#8194 = CARTESIAN_POINT ( 'NONE',  ( 5.849999999999999600, -0.5999999999999998700, 11.04999999999999900 ) ) ;
#8195 = DIRECTION ( 'NONE',  ( 0.0000000000000000000, 4.982546748554711000E-017, 1.000000000000000000 ) ) ;
#8196 = CARTESIAN_POINT ( 'NONE',  ( 6.099999999999993400, -0.1000000000000001400, 5.780000000000000200 ) ) ;
#8197 = CARTESIAN_POINT ( 'NONE',  ( 6.173168886887374600, -0.03183612399766666500, 5.780000000000000200 ) ) ;
#8198 = DIRECTION ( 'NONE',  ( -9.585933842097445100E-017, 9.585933842097446300E-017, -1.000000000000000000 ) ) ;
#8199 = VECTOR ( 'NONE', #8198, 1000.000000000000000 ) ;
#8200 = CARTESIAN_POINT ( 'NONE',  ( -2.567244204607601600, -0.7500000000000006700, 11.05000000000000100 ) ) ;
#8201 = CIRCLE ( 'NONE', #8205, 0.2999999999999998800 ) ;
#8202 = DIRECTION ( 'NONE',  ( 0.0000000000000000000, 1.000000000000000000, 0.0000000000000000000 ) ) ;
#8203 = VECTOR ( 'NONE', #8202, 1000.000000000000000 ) ;
#8204 = DIRECTION ( 'NONE',  ( 0.7071067811865455700, -0.0000000000000000000, 0.7071067811865493500 ) ) ;
#8205 = AXIS2_PLACEMENT_3D ( 'NONE', #8196, #8195, #8170 ) ;
#8206 = EDGE_CURVE ( 'NONE', #8255, #8322, #1830, .T. ) ;
#8207 = ADVANCED_FACE ( 'NONE', ( #1832 ), #1846, .T. ) ;
#8208 = CYLINDRICAL_SURFACE ( 'NONE', #8233, 0.1500000000000008300 ) ;
#8209 = FACE_OUTER_BOUND ( 'NONE', #4829, .T. ) ;
#8210 = DIRECTION ( 'NONE',  ( -1.000000000000000000, 0.0000000000000000000, 5.283659963339135000E-015 ) ) ;
#8211 = DIRECTION ( 'NONE',  ( -5.283659963339135000E-015, -4.982546748554711000E-017, -1.000000000000000000 ) ) ;
#8212 = CARTESIAN_POINT ( 'NONE',  ( 6.099999999999993400, -0.1000000000000001400, 5.780000000000000200 ) ) ;
#8213 = VECTOR ( 'NONE', #8219, 1000.000000000000000 ) ;
#8214 = DIRECTION ( 'NONE',  ( 0.0000000000000000000, 0.0000000000000000000, 1.000000000000000000 ) ) ;
#8215 = DIRECTION ( 'NONE',  ( 1.000000000000000000, -0.0000000000000000000, -0.0000000000000000000 ) ) ;
#8216 = CARTESIAN_POINT ( 'NONE',  ( -6.999999999999993800, -0.7199999999999999700, 6.580000000000000100 ) ) ;
#8217 = AXIS2_PLACEMENT_3D ( 'NONE', #8216, #8215, #8214 ) ;
#8218 = CIRCLE ( 'NONE', #8217, 0.06771243444677645100 ) ;
#8219 = DIRECTION ( 'NONE',  ( 0.0000000000000000000, 1.000000000000000000, 0.0000000000000000000 ) ) ;
#8220 = CARTESIAN_POINT ( 'NONE',  ( 0.7999999999999990500, -1.649999999999999700, 0.1999999999999946000 ) ) ;
#8221 = LINE ( 'NONE', #8220, #8171 ) ;
#8222 = ORIENTED_EDGE ( 'NONE', *, *, #8225, .F. ) ;
#8223 = DIRECTION ( 'NONE',  ( -1.000000000000000000, 9.486769009248221000E-016, 0.0000000000000000000 ) ) ;
#8224 = DIRECTION ( 'NONE',  ( 3.188829919075012900E-016, -1.245636687138676800E-016, 1.000000000000000000 ) ) ;
#8225 = EDGE_CURVE ( 'NONE', #8255, #8290, #1838, .T. ) ;
#8226 = CARTESIAN_POINT ( 'NONE',  ( -6.849999999999997900, -0.1000000000000000100, 5.780000000000003800 ) ) ;
#8227 = AXIS2_PLACEMENT_3D ( 'NONE', #8226, #8224, #8223 ) ;
#8228 = CIRCLE ( 'NONE', #8227, 0.09999999999999939500 ) ;
#8229 = VERTEX_POINT ( 'NONE', #1858 ) ;
#8230 = CARTESIAN_POINT ( 'NONE',  ( -6.923168886887379100, -0.03183612399766699200, 5.780000000000003800 ) ) ;
#8231 = DIRECTION ( 'NONE',  ( 0.0000000000000000000, 0.0000000000000000000, 1.000000000000000000 ) ) ;
#8232 = DIRECTION ( 'NONE',  ( 1.000000000000000000, -1.232595164407830900E-032, -9.585933842097445100E-017 ) ) ;
#8233 = AXIS2_PLACEMENT_3D ( 'NONE', #8200, #8232, #8231 ) ;
#8234 = VERTEX_POINT ( 'NONE', #1869 ) ;
#8235 = FACE_OUTER_BOUND ( 'NONE', #4731, .T. ) ;
#8236 = CARTESIAN_POINT ( 'NONE',  ( 6.099999999999993400, -31.82741950266988700, 5.780000000000000200 ) ) ;
#8237 = LINE ( 'NONE', #8236, #8203 ) ;
#8238 = CARTESIAN_POINT ( 'NONE',  ( 5.849999999999999600, -0.5999999999999998700, 10.95000000000000100 ) ) ;
#8239 = CARTESIAN_POINT ( 'NONE',  ( 6.173168886887374600, -0.03183612399766666500, 5.780000000000000200 ) ) ;
#8240 = CARTESIAN_POINT ( 'NONE',  ( 5.649999999999999500, -0.7500000000000015500, 11.20000000000000100 ) ) ;
#8241 = CIRCLE ( 'NONE', #8242, 0.1500000000000008300 ) ;
#8242 = AXIS2_PLACEMENT_3D ( 'NONE', #8188, #8177, #8176 ) ;
#8243 = PLANE ( 'NONE',  #8193 ) ;
#8244 = FACE_OUTER_BOUND ( 'NONE', #4852, .T. ) ;
#8246 = EDGE_LOOP ( 'NONE', ( #8183, #8259, #8344, #8340 ) ) ;
#8245 = LINE ( 'NONE', #8249, #8199 ) ;
#8247 = EDGE_CURVE ( 'NONE', #8370, #8229, #1874, .T. ) ;
#8248 = CARTESIAN_POINT ( 'NONE',  ( 5.650000000000000400, -0.7499999999999997800, 11.04999999999999900 ) ) ;
#8249 = CARTESIAN_POINT ( 'NONE',  ( 5.850000000000000500, -0.5999999999999998700, 11.19999999999999900 ) ) ;
#8250 = AXIS2_PLACEMENT_3D ( 'NONE', #8271, #8270, #8269 ) ;
#8251 = ORIENTED_EDGE ( 'NONE', *, *, #7886, .F. ) ;
#8252 = VERTEX_POINT ( 'NONE', #1868 ) ;
#8253 = EDGE_LOOP ( 'NONE', ( #8136, #8107, #8110, #8118, #8303, #8300, #8331 ) ) ;
#8254 = VERTEX_POINT ( 'NONE', #1881 ) ;
#8255 = VERTEX_POINT ( 'NONE', #1880 ) ;
#8256 = ORIENTED_EDGE ( 'NONE', *, *, #8257, .F. ) ;
#8257 = EDGE_CURVE ( 'NONE', #8090, #8092, #1873, .T. ) ;
#8258 = VERTEX_POINT ( 'NONE', #1896 ) ;
#8259 = ORIENTED_EDGE ( 'NONE', *, *, #8260, .F. ) ;
#8260 = EDGE_CURVE ( 'NONE', #8261, #8258, #1865, .T. ) ;
#8261 = VERTEX_POINT ( 'NONE', #1860 ) ;
#8262 = EDGE_LOOP ( 'NONE', ( #8327, #8301, #8251 ) ) ;
#8263 = EDGE_CURVE ( 'NONE', #9237, #8234, #1871, .T. ) ;
#8264 = ORIENTED_EDGE ( 'NONE', *, *, #8265, .F. ) ;
#8265 = EDGE_CURVE ( 'NONE', #8266, #8109, #1877, .T. ) ;
#8266 = VERTEX_POINT ( 'NONE', #1862 ) ;
#8267 = VERTEX_POINT ( 'NONE', #1857 ) ;
#8268 = ORIENTED_EDGE ( 'NONE', *, *, #8111, .F. ) ;
#8269 = DIRECTION ( 'NONE',  ( 1.000000000000000000, 0.0000000000000000000, -0.0000000000000000000 ) ) ;
#8270 = DIRECTION ( 'NONE',  ( 0.0000000000000000000, 0.0000000000000000000, 1.000000000000000000 ) ) ;
#8271 = CARTESIAN_POINT ( 'NONE',  ( -1.349999999999999600, -0.09999999999999961700, -0.5000000000000054400 ) ) ;
#8272 = DIRECTION ( 'NONE',  ( 0.0000000000000000000, 0.0000000000000000000, -1.000000000000000000 ) ) ;
#8273 = VECTOR ( 'NONE', #8272, 1000.000000000000000 ) ;
#8274 = CARTESIAN_POINT ( 'NONE',  ( -6.999999999999993800, -0.7877124344467764100, 3.479999999999999500 ) ) ;
#8275 = PLANE ( 'NONE',  #8250 ) ;
#8276 = LINE ( 'NONE', #8274, #8273 ) ;
#8277 = CARTESIAN_POINT ( 'NONE',  ( -6.849999999999997000, 0.1999999999999993400, 5.780000000000003800 ) ) ;
#8278 = ADVANCED_FACE ( 'NONE', ( #1856 ), #1861, .T. ) ;
#8279 = FACE_OUTER_BOUND ( 'NONE', #4855, .T. ) ;
#8280 = VECTOR ( 'NONE', #8152, 1000.000000000000000 ) ;
#8281 = CARTESIAN_POINT ( 'NONE',  ( -1.149999999999998800, -0.09999999999999961700, -0.5000000000000054400 ) ) ;
#8282 = LINE ( 'NONE', #8281, #8280 ) ;
#8283 = CARTESIAN_POINT ( 'NONE',  ( 6.341680774080931100, 0.07831584261601527700, 5.777840888875709300 ) ) ;
#8284 = LINE ( 'NONE', #8307, #8306 ) ;
#8285 = CARTESIAN_POINT ( 'NONE',  ( 2.399999999999999900, -1.649999999999999700, 0.1999999999999945700 ) ) ;
#8286 = DIRECTION ( 'NONE',  ( 6.994852725712932700E-017, -1.000000000000000000, 0.0000000000000000000 ) ) ;
#8287 = VECTOR ( 'NONE', #8286, 1000.000000000000000 ) ;
#8288 = EDGE_CURVE ( 'NONE', #8290, #8229, #1888, .T. ) ;
#8289 = CARTESIAN_POINT ( 'NONE',  ( 0.3999999999999999100, -1.649999999999999500, -0.5000000000000054400 ) ) ;
#8290 = VERTEX_POINT ( 'NONE', #1884 ) ;
#8291 = LINE ( 'NONE', #8289, #8287 ) ;
#8292 = CARTESIAN_POINT ( 'NONE',  ( 0.6000000000000003100, -1.649999999999999500, -0.5000000000000054400 ) ) ;
#8293 = EDGE_CURVE ( 'NONE', #8089, #8294, #1900, .T. ) ;
#8294 = VERTEX_POINT ( 'NONE', #1923 ) ;
#8295 = ORIENTED_EDGE ( 'NONE', *, *, #8296, .T. ) ;
#8296 = EDGE_CURVE ( 'NONE', #8322, #8089, #1904, .T. ) ;
#8297 = EDGE_CURVE ( 'NONE', #8234, #7887, #1907, .T. ) ;
#8298 = DIRECTION ( 'NONE',  ( 0.0000000000000000000, 0.0000000000000000000, 1.000000000000000000 ) ) ;
#8299 = ADVANCED_FACE ( 'NONE', ( #1913 ), #1978, .F. ) ;
#8300 = ORIENTED_EDGE ( 'NONE', *, *, #8257, .T. ) ;
#8301 = ORIENTED_EDGE ( 'NONE', *, *, #8302, .F. ) ;
#8302 = EDGE_CURVE ( 'NONE', #7887, #8252, #1910, .T. ) ;
#8303 = ORIENTED_EDGE ( 'NONE', *, *, #8132, .F. ) ;
#8304 = CARTESIAN_POINT ( 'NONE',  ( 0.6000000000000003100, -1.649999999999999500, -0.3000000000000055400 ) ) ;
#8305 = DIRECTION ( 'NONE',  ( -0.0000000000000000000, 0.0000000000000000000, 1.000000000000000000 ) ) ;
#8306 = VECTOR ( 'NONE', #8305, 1000.000000000000000 ) ;
#8307 = CARTESIAN_POINT ( 'NONE',  ( 2.399999999999999900, -1.649999999999999700, 0.8499999999999919800 ) ) ;
#8308 = CARTESIAN_POINT ( 'NONE',  ( 6.353623901293767400, 0.06039467187092403100, 5.774997766470832500 ) ) ;
#8309 = CARTESIAN_POINT ( 'NONE',  ( -3.450000000000001100, -1.649999999999999700, 1.149999999999994600 ) ) ;
#8310 = DIRECTION ( 'NONE',  ( 0.0000000000000000000, -1.000000000000000000, 0.0000000000000000000 ) ) ;
#8311 = VECTOR ( 'NONE', #8310, 1000.000000000000000 ) ;
#8312 = CARTESIAN_POINT ( 'NONE',  ( -3.450000000000001100, -1.449999999999999700, 1.149999999999994600 ) ) ;
#8313 = LINE ( 'NONE', #8312, #8311 ) ;
#8314 = LINE ( 'NONE', #8292, #8323 ) ;
#8315 = CARTESIAN_POINT ( 'NONE',  ( -6.999999999999993800, -0.7877124344467764100, 3.679999999999999700 ) ) ;
#8316 = DIRECTION ( 'NONE',  ( 0.0000000000000000000, 0.0000000000000000000, 1.000000000000000000 ) ) ;
#8317 = VECTOR ( 'NONE', #8316, 1000.000000000000000 ) ;
#8318 = CARTESIAN_POINT ( 'NONE',  ( -3.149999999999999500, 0.2000000000000003200, 0.1999999999999945700 ) ) ;
#8319 = LINE ( 'NONE', #8318, #8317 ) ;
#8320 = ADVANCED_FACE ( 'NONE', ( #1945 ), #1919, .T. ) ;
#8321 = EDGE_LOOP ( 'NONE', ( #8264, #8121, #8123, #8124 ) ) ;
#8322 = VERTEX_POINT ( 'NONE', #1920 ) ;
#8323 = VECTOR ( 'NONE', #8298, 1000.000000000000000 ) ;
#8324 = DIRECTION ( 'NONE',  ( 1.000000000000000000, -0.0000000000000000000, 0.0000000000000000000 ) ) ;
#8326 = EDGE_LOOP ( 'NONE', ( #8134, #8222, #8135, #8268, #8427, #8329 ) ) ;
#8325 = CARTESIAN_POINT ( 'NONE',  ( -3.149999999999999500, -1.649999999999999700, 0.1999999999999945700 ) ) ;
#8327 = ORIENTED_EDGE ( 'NONE', *, *, #8120, .T. ) ;
#8328 = ORIENTED_EDGE ( 'NONE', *, *, #8297, .F. ) ;
#8329 = ORIENTED_EDGE ( 'NONE', *, *, #8247, .T. ) ;
#8330 = EDGE_LOOP ( 'NONE', ( #8126, #8295, #8114, #8125 ) ) ;
#8331 = ORIENTED_EDGE ( 'NONE', *, *, #8332, .T. ) ;
#8332 = EDGE_CURVE ( 'NONE', #8092, #8105, #1917, .T. ) ;
#8333 = DIRECTION ( 'NONE',  ( 0.0000000000000000000, 0.0000000000000000000, -1.000000000000000000 ) ) ;
#8334 = VECTOR ( 'NONE', #8333, 1000.000000000000000 ) ;
#8335 = CARTESIAN_POINT ( 'NONE',  ( -7.149999999999999500, -0.5199999999999998000, 6.779999999999999400 ) ) ;
#8336 = LINE ( 'NONE', #8335, #8334 ) ;
#8337 = EDGE_CURVE ( 'NONE', #8370, #8127, #1924, .T. ) ;
#8338 = EDGE_CURVE ( 'NONE', #8415, #8397, #1971, .T. ) ;
#8339 = VERTEX_POINT ( 'NONE', #1947 ) ;
#8340 = ORIENTED_EDGE ( 'NONE', *, *, #8667, .F. ) ;
#8342 = EDGE_LOOP ( 'NONE', ( #8707, #8411, #8407, #8432 ) ) ;
#8341 = DIRECTION ( 'NONE',  ( -0.0000000000000000000, 1.000000000000000000, 0.0000000000000000000 ) ) ;
#8343 = CARTESIAN_POINT ( 'NONE',  ( -2.849999999999999200, 65.90119046564578300, 0.1999999999999953200 ) ) ;
#8344 = ORIENTED_EDGE ( 'NONE', *, *, #8779, .F. ) ;
#8345 = EDGE_CURVE ( 'NONE', #8346, #8893, #1927, .T. ) ;
#8346 = VERTEX_POINT ( 'NONE', #1898 ) ;
#8347 = ORIENTED_EDGE ( 'NONE', *, *, #8353, .T. ) ;
#8348 = VERTEX_POINT ( 'NONE', #1897 ) ;
#8349 = VERTEX_POINT ( 'NONE', #1946 ) ;
#8350 = DIRECTION ( 'NONE',  ( -1.000000000000000000, -0.0000000000000000000, -0.0000000000000000000 ) ) ;
#8351 = VECTOR ( 'NONE', #8350, 1000.000000000000000 ) ;
#8352 = PLANE ( 'NONE',  #8354 ) ;
#8353 = EDGE_CURVE ( 'NONE', #8346, #8708, #1955, .T. ) ;
#8354 = AXIS2_PLACEMENT_3D ( 'NONE', #8419, #8418, #8417 ) ;
#8355 = ORIENTED_EDGE ( 'NONE', *, *, #8774, .F. ) ;
#8356 = FACE_OUTER_BOUND ( 'NONE', #4897, .T. ) ;
#8358 = ORIENTED_EDGE ( 'NONE', *, *, #8930, .F. ) ;
#8357 = DIRECTION ( 'NONE',  ( 1.000000000000000000, 0.0000000000000000000, 1.505836350674312000E-017 ) ) ;
#8359 = VECTOR ( 'NONE', #8357, 1000.000000000000000 ) ;
#8360 = CARTESIAN_POINT ( 'NONE',  ( 10.00000000000000000, -1.449999999999999700, 0.1999999999999953200 ) ) ;
#8361 = ADVANCED_FACE ( 'NONE', ( #1954 ), #1931, .T. ) ;
#8362 = EDGE_LOOP ( 'NONE', ( #8363, #8364, #8382, #8646, #7738, #8997 ) ) ;
#8363 = ORIENTED_EDGE ( 'NONE', *, *, #8656, .F. ) ;
#8364 = ORIENTED_EDGE ( 'NONE', *, *, #8398, .T. ) ;
#8365 = CARTESIAN_POINT ( 'NONE',  ( -3.149999999999999500, 0.2000000000000003200, 0.1999999999999945700 ) ) ;
#8366 = LINE ( 'NONE', #8365, #8351 ) ;
#8367 = CARTESIAN_POINT ( 'NONE',  ( -1.749999999999999300, -1.299999999999999800, 0.1999999999999953200 ) ) ;
#8368 = DIRECTION ( 'NONE',  ( 1.000000000000000000, 0.0000000000000000000, 1.505836350674312000E-017 ) ) ;
#8369 = VECTOR ( 'NONE', #8368, 1000.000000000000000 ) ;
#8370 = VERTEX_POINT ( 'NONE', #1975 ) ;
#8371 = CARTESIAN_POINT ( 'NONE',  ( 6.357133060993712400, 0.05466622723671515200, 5.773914082440136000 ) ) ;
#8372 = CARTESIAN_POINT ( 'NONE',  ( 6.199999999999994000, -0.9200000000000000400, 6.580000000000000100 ) ) ;
#8373 = DIRECTION ( 'NONE',  ( 0.0000000000000000000, 0.0000000000000000000, 1.000000000000000000 ) ) ;
#8374 = VECTOR ( 'NONE', #8373, 1000.000000000000000 ) ;
#8375 = CARTESIAN_POINT ( 'NONE',  ( 6.199999999999994000, -0.9200000000000000400, 3.479999999999999500 ) ) ;
#8376 = ADVANCED_FACE ( 'NONE', ( #1952 ), #1949, .T. ) ;
#8377 = DIRECTION ( 'NONE',  ( 1.000000000000000000, 0.0000000000000000000, 0.0000000000000000000 ) ) ;
#8378 = DIRECTION ( 'NONE',  ( 0.0000000000000000000, 0.0000000000000000000, 1.000000000000000000 ) ) ;
#8379 = CARTESIAN_POINT ( 'NONE',  ( 6.049999999999990100, -0.7877124344467743000, 3.679999999999999700 ) ) ;
#8380 = EDGE_LOOP ( 'NONE', ( #8441, #8416, #8386, #8389 ) ) ;
#8381 = VERTEX_POINT ( 'NONE', #1950 ) ;
#8382 = ORIENTED_EDGE ( 'NONE', *, *, #8383, .F. ) ;
#8383 = EDGE_CURVE ( 'NONE', #8675, #8381, #1958, .T. ) ;
#8384 = EDGE_CURVE ( 'NONE', #8385, #8348, #1959, .T. ) ;
#8385 = VERTEX_POINT ( 'NONE', #1963 ) ;
#8386 = ORIENTED_EDGE ( 'NONE', *, *, #8387, .F. ) ;
#8387 = EDGE_CURVE ( 'NONE', #8388, #8385, #1970, .T. ) ;
#8388 = VERTEX_POINT ( 'NONE', #1988 ) ;
#8389 = ORIENTED_EDGE ( 'NONE', *, *, #8404, .F. ) ;
#8390 = DIRECTION ( 'NONE',  ( 0.0000000000000000000, 1.000000000000000000, 0.0000000000000000000 ) ) ;
#8391 = VECTOR ( 'NONE', #8390, 1000.000000000000000 ) ;
#8392 = CARTESIAN_POINT ( 'NONE',  ( -1.749999999999999300, -1.299999999999999800, 0.1999999999999953200 ) ) ;
#8393 = CARTESIAN_POINT ( 'NONE',  ( -2.849999999999999200, -1.299999999999999800, 0.1999999999999953200 ) ) ;
#8394 = CARTESIAN_POINT ( 'NONE',  ( -3.149999999999999500, 0.2000000000000003200, 0.1999999999999945700 ) ) ;
#8395 = CARTESIAN_POINT ( 'NONE',  ( -2.849999999999999200, -1.449999999999999700, 0.1999999999999953200 ) ) ;
#8396 = EDGE_LOOP ( 'NONE', ( #8655, #8668, #8746, #8678 ) ) ;
#8397 = VERTEX_POINT ( 'NONE', #1984 ) ;
#8398 = EDGE_CURVE ( 'NONE', #8648, #8381, #1985, .T. ) ;
#8399 = DIRECTION ( 'NONE',  ( 0.0000000000000000000, -1.000000000000000000, 0.0000000000000000000 ) ) ;
#8400 = VECTOR ( 'NONE', #8399, 1000.000000000000000 ) ;
#8401 = CARTESIAN_POINT ( 'NONE',  ( -3.149999999999999500, 0.2000000000000011800, 0.1999999999999945700 ) ) ;
#8402 = LINE ( 'NONE', #8401, #8400 ) ;
#8403 = LINE ( 'NONE', #8360, #8359 ) ;
#8404 = EDGE_CURVE ( 'NONE', #8349, #8388, #2008, .T. ) ;
#8405 = ADVANCED_FACE ( 'NONE', ( #2001 ), #1989, .T. ) ;
#8406 = VECTOR ( 'NONE', #8341, 1000.000000000000000 ) ;
#8407 = ORIENTED_EDGE ( 'NONE', *, *, #8409, .F. ) ;
#8408 = LINE ( 'NONE', #8325, #8425 ) ;
#8409 = EDGE_CURVE ( 'NONE', #8267, #8415, #2054, .T. ) ;
#8411 = ORIENTED_EDGE ( 'NONE', *, *, #8413, .T. ) ;
#8410 = AXIS2_PLACEMENT_3D ( 'NONE', #8379, #8378, #8377 ) ;
#8412 = CIRCLE ( 'NONE', #8410, 0.1999999999999996500 ) ;
#8413 = EDGE_CURVE ( 'NONE', #8689, #8415, #2078, .T. ) ;
#8414 = LINE ( 'NONE', #8375, #8374 ) ;
#8415 = VERTEX_POINT ( 'NONE', #2010 ) ;
#8416 = ORIENTED_EDGE ( 'NONE', *, *, #8384, .F. ) ;
#8417 = DIRECTION ( 'NONE',  ( -0.0000000000000000000, 0.0000000000000000000, -1.000000000000000000 ) ) ;
#8418 = DIRECTION ( 'NONE',  ( 1.000000000000000000, 0.0000000000000000000, -0.0000000000000000000 ) ) ;
#8419 = CARTESIAN_POINT ( 'NONE',  ( 2.399999999999999900, 0.2000000000000011800, -5.421010862427522200E-015 ) ) ;
#8420 = CARTESIAN_POINT ( 'NONE',  ( 10.00000000000000000, -1.299999999999999800, 0.1999999999999953200 ) ) ;
#8421 = LINE ( 'NONE', #8420, #8369 ) ;
#8422 = CARTESIAN_POINT ( 'NONE',  ( -3.149999999999999500, -1.649999999999999700, 0.1999999999999945700 ) ) ;
#8423 = PLANE ( 'NONE',  #8437 ) ;
#8424 = FACE_OUTER_BOUND ( 'NONE', #4891, .T. ) ;
#8425 = VECTOR ( 'NONE', #8324, 1000.000000000000000 ) ;
#8426 = LINE ( 'NONE', #8392, #8391 ) ;
#8427 = ORIENTED_EDGE ( 'NONE', *, *, #8337, .F. ) ;
#8428 = EDGE_LOOP ( 'NONE', ( #8429, #8710, #8890, #8894, #8932, #8852, #8868 ) ) ;
#8429 = ORIENTED_EDGE ( 'NONE', *, *, #8430, .F. ) ;
#8430 = EDGE_CURVE ( 'NONE', #8431, #8348, #2058, .T. ) ;
#8431 = VERTEX_POINT ( 'NONE', #2060 ) ;
#8432 = ORIENTED_EDGE ( 'NONE', *, *, #8667, .T. ) ;
#8433 = LINE ( 'NONE', #8343, #8406 ) ;
#8434 = EDGE_CURVE ( 'NONE', #8397, #8677, #2073, .T. ) ;
#8435 = ADVANCED_FACE ( 'NONE', ( #1983 ), #2074, .F. ) ;
#8436 = DIRECTION ( 'NONE',  ( 0.0000000000000000000, 0.0000000000000000000, 1.000000000000000000 ) ) ;
#8437 = AXIS2_PLACEMENT_3D ( 'NONE', #8439, #8438, #8436 ) ;
#8438 = DIRECTION ( 'NONE',  ( -1.000000000000000000, 0.0000000000000000000, 0.0000000000000000000 ) ) ;
#8439 = CARTESIAN_POINT ( 'NONE',  ( -3.149999999999999500, 0.2000000000000011800, -5.421010862427522200E-015 ) ) ;
#8440 = CIRCLE ( 'NONE', #8520, 0.2999999999999990500 ) ;
#8441 = ORIENTED_EDGE ( 'NONE', *, *, #8443, .F. ) ;
#8443 = EDGE_CURVE ( 'NONE', #8348, #8349, #2000, .T. ) ;
#8442 = DIRECTION ( 'NONE',  ( -1.000000000000000000, 0.0000000000000000000, 0.0000000000000000000 ) ) ;
#8444 = EDGE_CURVE ( 'NONE', #8445, #5472, #1996, .T. ) ;
#8445 = VERTEX_POINT ( 'NONE', #2062 ) ;
#8446 = EDGE_CURVE ( 'NONE', #8525, #6373, #2029, .T. ) ;
#8447 = CARTESIAN_POINT ( 'NONE',  ( -7.149867148510328000, -0.09088826232823275800, 5.671681316894057200 ) ) ;
#8448 = ADVANCED_FACE ( 'NONE', ( #2025 ), #1993, .F. ) ;
#8449 = EDGE_CURVE ( 'NONE', #8556, #7256, #2067, .T. ) ;
#8450 = EDGE_LOOP ( 'NONE', ( #7294, #8623, #8537, #8624 ) ) ;
#8451 = EDGE_CURVE ( 'NONE', #7384, #7277, #2016, .T. ) ;
#8452 = EDGE_CURVE ( 'NONE', #8476, #7252, #2024, .T. ) ;
#8453 = VERTEX_POINT ( 'NONE', #2019 ) ;
#8454 = ORIENTED_EDGE ( 'NONE', *, *, #8455, .F. ) ;
#8455 = EDGE_CURVE ( 'NONE', #6386, #8494, #2044, .T. ) ;
#8456 = ORIENTED_EDGE ( 'NONE', *, *, #6316, .T. ) ;
#8457 = ADVANCED_FACE ( 'NONE', ( #2040 ), #2039, .T. ) ;
#8458 = ORIENTED_EDGE ( 'NONE', *, *, #8455, .T. ) ;
#8459 = ORIENTED_EDGE ( 'NONE', *, *, #8460, .T. ) ;
#8460 = EDGE_CURVE ( 'NONE', #8494, #8641, #2033, .T. ) ;
#8461 = B_SPLINE_CURVE_WITH_KNOTS ( 'NONE', 3,
 ( #8464, #8164, #8283, #8308, #8371, #8647, #8719, #8651, #8793, #8705, #8665, #8752, #8704, #8709, #8706, #8765 ),
 .UNSPECIFIED., .F., .F.,
 ( 4, 2, 2, 2, 2, 2, 2, 4 ),
 ( 0.0000000000000000000, 0.1250000000000000000, 0.1875000000000000000, 0.2187500000000000000, 0.2500000000000000000, 0.5000000000000000000, 0.7500000000000000000, 1.000000000000000000 ),
 .UNSPECIFIED. ) ;
#8463 = ADVANCED_FACE ( 'NONE', ( #2034 ), #2048, .T. ) ;
#8462 = CARTESIAN_POINT ( 'NONE',  ( -6.850000000000000500, -1.649999999999999700, 5.999999999999993800 ) ) ;
#8464 = CARTESIAN_POINT ( 'NONE',  ( 6.319506660662139700, 0.1044916280070004000, 5.780000000000000200 ) ) ;
#8465 = CARTESIAN_POINT ( 'NONE',  ( -6.850000000000000500, 0.2000000000000011800, 8.299999999999995400 ) ) ;
#8466 = DIRECTION ( 'NONE',  ( -0.7071067811865474600, 0.0000000000000000000, -0.7071067811865474600 ) ) ;
#8467 = VECTOR ( 'NONE', #8466, 1000.000000000000100 ) ;
#8468 = CARTESIAN_POINT ( 'NONE',  ( -6.850000000000000500, -1.649999999999999700, 3.059999999999996100 ) ) ;
#8469 = LINE ( 'NONE', #8468, #8467 ) ;
#8470 = AXIS2_PLACEMENT_3D ( 'NONE', #8465, #8776, #8775 ) ;
#8471 = AXIS2_PLACEMENT_3D ( 'NONE', #8521, #8546, #8545 ) ;
#8472 = CIRCLE ( 'NONE', #8471, 0.2999999999999998800 ) ;
#8473 = LINE ( 'NONE', #8544, #8634 ) ;
#8474 = DIRECTION ( 'NONE',  ( -1.000000000000000000, 0.0000000000000000000, 0.0000000000000000000 ) ) ;
#8475 = LINE ( 'NONE', #8495, #8493 ) ;
#8476 = VERTEX_POINT ( 'NONE', #2049 ) ;
#8477 = EDGE_CURVE ( 'NONE', #7437, #8608, #1969, .T. ) ;
#8478 = EDGE_LOOP ( 'NONE', ( #8615, #7615, #8616, #7626 ) ) ;
#8479 = EDGE_CURVE ( 'NONE', #8582, #8571, #2168, .T. ) ;
#8480 = ORIENTED_EDGE ( 'NONE', *, *, #7426, .F. ) ;
#8481 = EDGE_CURVE ( 'NONE', #8491, #7395, #2086, .T. ) ;
#8482 = ORIENTED_EDGE ( 'NONE', *, *, #8479, .F. ) ;
#8483 = CARTESIAN_POINT ( 'NONE',  ( -7.092472011297834600, 0.07984002012404353700, 5.778783908952599200 ) ) ;
#8484 = ORIENTED_EDGE ( 'NONE', *, *, #6842, .T. ) ;
#8485 = CARTESIAN_POINT ( 'NONE',  ( -7.108165207109165900, 0.05482307132562790800, 5.774792150993985000 ) ) ;
#8486 = ORIENTED_EDGE ( 'NONE', *, *, #7440, .F. ) ;
#8487 = EDGE_CURVE ( 'NONE', #8491, #8582, #2157, .T. ) ;
#8488 = ADVANCED_FACE ( 'NONE', ( #2137 ), #2159, .T. ) ;
#8489 = EDGE_LOOP ( 'NONE', ( #8614, #7517, #8609, #8613 ) ) ;
#8490 = ORIENTED_EDGE ( 'NONE', *, *, #7419, .F. ) ;
#8491 = VERTEX_POINT ( 'NONE', #2126 ) ;
#8492 = DIRECTION ( 'NONE',  ( 1.000000000000000000, -1.232595164407830900E-032, -9.585933842097445100E-017 ) ) ;
#8494 = VERTEX_POINT ( 'NONE', #2125 ) ;
#8493 = VECTOR ( 'NONE', #8492, 1000.000000000000000 ) ;
#8495 = CARTESIAN_POINT ( 'NONE',  ( -2.567244204607603400, -1.050000000000004900, 11.20000000000000300 ) ) ;
#8496 = EDGE_LOOP ( 'NONE', ( #8458, #8459, #8636, #8639, #8591, #8510, #8511, #8514, #8633, #8618, #8498, #8499 ) ) ;
#8497 = ORIENTED_EDGE ( 'NONE', *, *, #8587, .T. ) ;
#8498 = ORIENTED_EDGE ( 'NONE', *, *, #8568, .T. ) ;
#8499 = ORIENTED_EDGE ( 'NONE', *, *, #6389, .T. ) ;
#8500 = ADVANCED_FACE ( 'NONE', ( #2121 ), #2085, .F. ) ;
#8501 = EDGE_LOOP ( 'NONE', ( #8503, #8505, #8509, #8584, #8530, #8533, #8534, #6840, #6738, #6741, #6736, #6740 ) ) ;
#8502 = DIRECTION ( 'NONE',  ( -0.0000000000000000000, 0.0000000000000000000, -1.000000000000000000 ) ) ;
#8503 = ORIENTED_EDGE ( 'NONE', *, *, #6372, .F. ) ;
#8504 = VECTOR ( 'NONE', #8502, 1000.000000000000000 ) ;
#8505 = ORIENTED_EDGE ( 'NONE', *, *, #8507, .F. ) ;
#8506 = CARTESIAN_POINT ( 'NONE',  ( 6.099999999999993400, 0.2000000000000000100, 13.00000000000000000 ) ) ;
#8507 = EDGE_CURVE ( 'NONE', #8508, #6373, #2172, .T. ) ;
#8508 = VERTEX_POINT ( 'NONE', #2098 ) ;
#8509 = ORIENTED_EDGE ( 'NONE', *, *, #8583, .F. ) ;
#8510 = ORIENTED_EDGE ( 'NONE', *, *, #5449, .F. ) ;
#8511 = ORIENTED_EDGE ( 'NONE', *, *, #8512, .T. ) ;
#8512 = EDGE_CURVE ( 'NONE', #5464, #8513, #2095, .T. ) ;
#8513 = VERTEX_POINT ( 'NONE', #2123 ) ;
#8514 = ORIENTED_EDGE ( 'NONE', *, *, #8629, .T. ) ;
#8515 = FACE_OUTER_BOUND ( 'NONE', #4942, .T. ) ;
#8516 = ORIENTED_EDGE ( 'NONE', *, *, #7350, .F. ) ;
#8517 = LINE ( 'NONE', #8506, #8504 ) ;
#8518 = DIRECTION ( 'NONE',  ( -3.188829919075012900E-016, 1.245636687138676800E-016, -1.000000000000000000 ) ) ;
#8519 = CARTESIAN_POINT ( 'NONE',  ( -6.849999999999997000, -0.1000000000000003400, 8.500000000000003600 ) ) ;
#8520 = AXIS2_PLACEMENT_3D ( 'NONE', #8519, #8518, #8474 ) ;
#8521 = CARTESIAN_POINT ( 'NONE',  ( 6.099999999999993400, -0.1000000000000000100, 8.500000000000000000 ) ) ;
#8522 = EDGE_LOOP ( 'NONE', ( #8576, #7292, #8559, #8577 ) ) ;
#8523 = DIRECTION ( 'NONE',  ( 1.000000000000000000, -1.232595164407830900E-032, -9.585933842097445100E-017 ) ) ;
#8524 = VECTOR ( 'NONE', #8523, 1000.000000000000000 ) ;
#8525 = VERTEX_POINT ( 'NONE', #2122 ) ;
#8526 = DIRECTION ( 'NONE',  ( -3.188829919075012900E-016, 1.245636687138676800E-016, -1.000000000000000000 ) ) ;
#8527 = ORIENTED_EDGE ( 'NONE', *, *, #8446, .T. ) ;
#8528 = CARTESIAN_POINT ( 'NONE',  ( -6.849999999999990800, -0.1000000000000028500, 28.61700791379316700 ) ) ;
#8530 = ORIENTED_EDGE ( 'NONE', *, *, #8532, .F. ) ;
#8529 = AXIS2_PLACEMENT_3D ( 'NONE', #8528, #8526, #8442 ) ;
#8531 = CYLINDRICAL_SURFACE ( 'NONE', #8529, 0.2999999999999990500 ) ;
#8532 = EDGE_CURVE ( 'NONE', #5443, #8586, #2148, .T. ) ;
#8533 = ORIENTED_EDGE ( 'NONE', *, *, #5460, .T. ) ;
#8534 = ORIENTED_EDGE ( 'NONE', *, *, #8444, .F. ) ;
#8535 = B_SPLINE_CURVE_WITH_KNOTS ( 'NONE', 3,
 ( #8606, #8622, #8621, #8547, #8447, #8581, #8579, #8570, #8594, #8592, #8563, #8562, #8561, #8485, #8483, #8555 ),
 .UNSPECIFIED., .F., .F.,
 ( 4, 2, 2, 2, 2, 2, 2, 4 ),
 ( 0.0000000000000000000, 0.1250000000000000000, 0.1875000000000000000, 0.2187500000000000000, 0.2500000000000000000, 0.5000000000000000000, 0.7500000000000000000, 1.000000000000000000 ),
 .UNSPECIFIED. ) ;
#8536 = ORIENTED_EDGE ( 'NONE', *, *, #8449, .F. ) ;
#8537 = ORIENTED_EDGE ( 'NONE', *, *, #8452, .F. ) ;
#8538 = EDGE_CURVE ( 'NONE', #7266, #8556, #2149, .T. ) ;
#8539 = EDGE_CURVE ( 'NONE', #8571, #7301, #2167, .T. ) ;
#8540 = ORIENTED_EDGE ( 'NONE', *, *, #6842, .F. ) ;
#8541 = EDGE_LOOP ( 'NONE', ( #7298, #7299, #8536, #8560 ) ) ;
#8542 = ORIENTED_EDGE ( 'NONE', *, *, #7387, .F. ) ;
#8543 = ORIENTED_EDGE ( 'NONE', *, *, #8625, .T. ) ;
#8544 = CARTESIAN_POINT ( 'NONE',  ( 5.650000000000000400, -0.5999999999999998700, 11.19999999999999900 ) ) ;
#8545 = DIRECTION ( 'NONE',  ( 0.0000000000000000000, -1.000000000000000000, 0.0000000000000000000 ) ) ;
#8546 = DIRECTION ( 'NONE',  ( -0.0000000000000000000, -4.982546748554711000E-017, -1.000000000000000000 ) ) ;
#8547 = CARTESIAN_POINT ( 'NONE',  ( -7.149909827875528200, -0.09250951276140917400, 5.667210482496632700 ) ) ;
#8548 = DIRECTION ( 'NONE',  ( 2.536145432714629900E-016, -0.0000000000000000000, 1.000000000000000000 ) ) ;
#8549 = VECTOR ( 'NONE', #8548, 1000.000000000000000 ) ;
#8550 = CARTESIAN_POINT ( 'NONE',  ( -6.849999999999996100, 0.2000000000000000100, 13.00000000000000000 ) ) ;
#8551 = LINE ( 'NONE', #8550, #8549 ) ;
#8552 = DIRECTION ( 'NONE',  ( 6.123031769111885100E-017, -1.000000000000000000, -9.585933842097446300E-017 ) ) ;
#8553 = DIRECTION ( 'NONE',  ( 9.585933842097442600E-017, -9.585933842097446300E-017, 1.000000000000000000 ) ) ;
#8554 = CARTESIAN_POINT ( 'NONE',  ( -2.567244204607601600, 0.1999999999999987900, 11.20000000000000100 ) ) ;
#8555 = CARTESIAN_POINT ( 'NONE',  ( -7.069506660662143300, 0.1044916280069997200, 5.780000000000003800 ) ) ;
#8556 = VERTEX_POINT ( 'NONE', #2124 ) ;
#8557 = EDGE_CURVE ( 'NONE', #7302, #7277, #2087, .T. ) ;
#8558 = ORIENTED_EDGE ( 'NONE', *, *, #8539, .F. ) ;
#8559 = ORIENTED_EDGE ( 'NONE', *, *, #8625, .F. ) ;
#8560 = ORIENTED_EDGE ( 'NONE', *, *, #8538, .F. ) ;
#8561 = CARTESIAN_POINT ( 'NONE',  ( -7.130149240841177500, 0.01016288137358751200, 5.761242971703311800 ) ) ;
#8562 = CARTESIAN_POINT ( 'NONE',  ( -7.138259858458718000, -0.01432284417992594300, 5.749951364127603900 ) ) ;
#8563 = CARTESIAN_POINT ( 'NONE',  ( -7.147337513258576400, -0.05500306413473151500, 5.722147778019801100 ) ) ;
#8564 = ADVANCED_FACE ( 'NONE', ( #2170 ), #2112, .T. ) ;
#8565 = ADVANCED_FACE ( 'NONE', ( #2145 ), #2154, .T. ) ;
#8566 = VERTEX_POINT ( 'NONE', #2134 ) ;
#8567 = EDGE_LOOP ( 'NONE', ( #8497, #8588, #8454, #8456 ) ) ;
#8568 = EDGE_CURVE ( 'NONE', #8525, #6342, #2130, .T. ) ;
#8569 = ORIENTED_EDGE ( 'NONE', *, *, #8580, .T. ) ;
#8571 = VERTEX_POINT ( 'NONE', #2110 ) ;
#8570 = CARTESIAN_POINT ( 'NONE',  ( -7.149634651251146200, -0.08516409238479495700, 5.683770808123846900 ) ) ;
#8572 = ORIENTED_EDGE ( 'NONE', *, *, #8573, .T. ) ;
#8573 = EDGE_CURVE ( 'NONE', #7302, #8476, #2109, .T. ) ;
#8574 = CARTESIAN_POINT ( 'NONE',  ( -2.567244204607601600, -0.6000000000000015300, 10.95000000000000300 ) ) ;
#8575 = LINE ( 'NONE', #8574, #8524 ) ;
#8576 = ORIENTED_EDGE ( 'NONE', *, *, #8451, .T. ) ;
#8577 = ORIENTED_EDGE ( 'NONE', *, *, #7383, .F. ) ;
#8578 = EDGE_LOOP ( 'NONE', ( #8569, #8558, #8540, #8486 ) ) ;
#8579 = CARTESIAN_POINT ( 'NONE',  ( -7.149728102592183300, -0.08719012483853402800, 5.679922567591120200 ) ) ;
#8580 = EDGE_CURVE ( 'NONE', #7402, #7301, #2105, .T. ) ;
#8581 = CARTESIAN_POINT ( 'NONE',  ( -7.149767363697145100, -0.08815262510760399400, 5.677920623091671900 ) ) ;
#8582 = VERTEX_POINT ( 'NONE', #2244 ) ;
#8583 = EDGE_CURVE ( 'NONE', #8453, #8508, #2184, .T. ) ;
#8584 = ORIENTED_EDGE ( 'NONE', *, *, #8585, .T. ) ;
#8585 = EDGE_CURVE ( 'NONE', #8453, #8586, #2193, .T. ) ;
#8586 = VERTEX_POINT ( 'NONE', #2240 ) ;
#8587 = EDGE_CURVE ( 'NONE', #6387, #8566, #2239, .T. ) ;
#8588 = ORIENTED_EDGE ( 'NONE', *, *, #8620, .F. ) ;
#8589 = EDGE_CURVE ( 'NONE', #8590, #8638, #2175, .T. ) ;
#8590 = VERTEX_POINT ( 'NONE', #2261 ) ;
#8591 = ORIENTED_EDGE ( 'NONE', *, *, #8593, .F. ) ;
#8592 = CARTESIAN_POINT ( 'NONE',  ( -7.148854823172775300, -0.07132582441825439900, 5.705898680710213900 ) ) ;
#8593 = EDGE_CURVE ( 'NONE', #5450, #8590, #2255, .T. ) ;
#8594 = CARTESIAN_POINT ( 'NONE',  ( -7.149599983899326700, -0.08444425793301539600, 5.685071437863200600 ) ) ;
#8595 = EDGE_LOOP ( 'NONE', ( #8484, #8482, #8597, #8480 ) ) ;
#8596 = ADVANCED_FACE ( 'NONE', ( #2278 ), #2277, .T. ) ;
#8597 = ORIENTED_EDGE ( 'NONE', *, *, #8603, .T. ) ;
#8598 = ADVANCED_FACE ( 'NONE', ( #2253 ), #2174, .T. ) ;
#8599 = EDGE_LOOP ( 'NONE', ( #8601, #8490, #8600, #8602 ) ) ;
#8600 = ORIENTED_EDGE ( 'NONE', *, *, #8603, .F. ) ;
#8601 = ORIENTED_EDGE ( 'NONE', *, *, #8481, .T. ) ;
#8602 = ORIENTED_EDGE ( 'NONE', *, *, #8487, .F. ) ;
#8603 = EDGE_CURVE ( 'NONE', #8582, #7438, #2260, .T. ) ;
#8604 = EDGE_CURVE ( 'NONE', #8556, #8476, #2252, .T. ) ;
#8605 = EDGE_CURVE ( 'NONE', #8608, #7548, #2264, .T. ) ;
#8606 = CARTESIAN_POINT ( 'NONE',  ( -7.149999999999998600, -0.1000000000000002600, 5.630000000000003400 ) ) ;
#8607 = ADVANCED_FACE ( 'NONE', ( #2265 ), #2236, .T. ) ;
#8608 = VERTEX_POINT ( 'NONE', #2237 ) ;
#8609 = ORIENTED_EDGE ( 'NONE', *, *, #8481, .F. ) ;
#8610 = ADVANCED_FACE ( 'NONE', ( #2229 ), #2227, .T. ) ;
#8611 = EDGE_CURVE ( 'NONE', #7548, #7439, #2188, .T. ) ;
#8612 = EDGE_CURVE ( 'NONE', #7548, #8491, #2270, .T. ) ;
#8613 = ORIENTED_EDGE ( 'NONE', *, *, #8612, .F. ) ;
#8614 = ORIENTED_EDGE ( 'NONE', *, *, #8611, .T. ) ;
#8615 = ORIENTED_EDGE ( 'NONE', *, *, #8611, .F. ) ;
#8616 = ORIENTED_EDGE ( 'NONE', *, *, #8477, .F. ) ;
#8617 = VERTEX_POINT ( 'NONE', #2202 ) ;
#8618 = ORIENTED_EDGE ( 'NONE', *, *, #8619, .F. ) ;
#8619 = EDGE_CURVE ( 'NONE', #8525, #8617, #2200, .T. ) ;
#8620 = EDGE_CURVE ( 'NONE', #8494, #8566, #2201, .T. ) ;
#8621 = CARTESIAN_POINT ( 'NONE',  ( -7.149995964992908300, -0.09676426058207973600, 5.652864088507303800 ) ) ;
#8622 = CARTESIAN_POINT ( 'NONE',  ( -7.149999999999997700, -0.09878864538788219300, 5.642054630861912800 ) ) ;
#8623 = ORIENTED_EDGE ( 'NONE', *, *, #7255, .F. ) ;
#8624 = ORIENTED_EDGE ( 'NONE', *, *, #8604, .F. ) ;
#8625 = EDGE_CURVE ( 'NONE', #7385, #7302, #2212, .T. ) ;
#8626 = PLANE ( 'NONE',  #8628 ) ;
#8627 = CARTESIAN_POINT ( 'NONE',  ( -7.149999999999998600, -0.1000000000000002600, 5.630000000000003400 ) ) ;
#8628 = AXIS2_PLACEMENT_3D ( 'NONE', #8554, #8553, #8552 ) ;
#8629 = EDGE_CURVE ( 'NONE', #8513, #8631, #2207, .T. ) ;
#8630 = FACE_OUTER_BOUND ( 'NONE', #4730, .T. ) ;
#8631 = VERTEX_POINT ( 'NONE', #2220 ) ;
#8632 = DIRECTION ( 'NONE',  ( -9.585933842097445100E-017, 9.585933842097446300E-017, -1.000000000000000000 ) ) ;
#8633 = ORIENTED_EDGE ( 'NONE', *, *, #8635, .T. ) ;
#8634 = VECTOR ( 'NONE', #8632, 1000.000000000000000 ) ;
#8635 = EDGE_CURVE ( 'NONE', #8631, #8617, #2219, .T. ) ;
#8636 = ORIENTED_EDGE ( 'NONE', *, *, #8637, .T. ) ;
#8637 = EDGE_CURVE ( 'NONE', #8641, #8638, #2289, .T. ) ;
#8638 = VERTEX_POINT ( 'NONE', #2285 ) ;
#8639 = ORIENTED_EDGE ( 'NONE', *, *, #8589, .F. ) ;
#8640 = ORIENTED_EDGE ( 'NONE', *, *, #8568, .F. ) ;
#8641 = VERTEX_POINT ( 'NONE', #2284 ) ;
#8642 = CARTESIAN_POINT ( 'NONE',  ( 6.099999999999993400, 0.1999999999999987900, 8.500000000000000000 ) ) ;
#8643 = CARTESIAN_POINT ( 'NONE',  ( 6.399999999999990600, -0.09999999999999939500, 8.499999999999996400 ) ) ;
#8644 = DIRECTION ( 'NONE',  ( 0.0000000000000000000, 1.748713181428233300E-016, 1.000000000000000000 ) ) ;
#8645 = DIRECTION ( 'NONE',  ( 1.000000000000000000, 1.232595164407830900E-032, -3.781782119853306200E-016 ) ) ;
#8646 = ORIENTED_EDGE ( 'NONE', *, *, #8790, .F. ) ;
#8647 = CARTESIAN_POINT ( 'NONE',  ( 6.361796400132840600, 0.04653466519357129400, 5.772084591550479300 ) ) ;
#8648 = VERTEX_POINT ( 'NONE', #2283 ) ;
#8649 = CARTESIAN_POINT ( 'NONE',  ( 6.099999999999993400, -0.1000000000000010900, -13.32826560412495100 ) ) ;
#8650 = AXIS2_PLACEMENT_3D ( 'NONE', #8649, #8669, #8753 ) ;
#8651 = CARTESIAN_POINT ( 'NONE',  ( 6.365976179094400500, 0.03879854907597262600, 5.770085129957813300 ) ) ;
#8652 = DIRECTION ( 'NONE',  ( 0.0000000000000000000, 0.0000000000000000000, 1.000000000000000000 ) ) ;
#8653 = DIRECTION ( 'NONE',  ( -1.000000000000000000, -0.0000000000000000000, 0.0000000000000000000 ) ) ;
#8654 = CARTESIAN_POINT ( 'NONE',  ( 6.049999999999990100, -0.7200000000000000800, 6.580000000000000100 ) ) ;
#8655 = ORIENTED_EDGE ( 'NONE', *, *, #8338, .F. ) ;
#8656 = EDGE_CURVE ( 'NONE', #8648, #8857, #2282, .T. ) ;
#8657 = CARTESIAN_POINT ( 'NONE',  ( -6.950000000000000200, -0.1000000000000007000, 2.280000000000002500 ) ) ;
#8658 = AXIS2_PLACEMENT_3D ( 'NONE', #8679, #8645, #8644 ) ;
#8659 = DIRECTION ( 'NONE',  ( -3.350883624003734100E-016, -1.245636687138676800E-016, -1.000000000000000000 ) ) ;
#8660 = VECTOR ( 'NONE', #8659, 1000.000000000000000 ) ;
#8661 = CARTESIAN_POINT ( 'NONE',  ( 5.849999999999999600, 0.1999999999999996500, 11.19999999999999900 ) ) ;
#8662 = LINE ( 'NONE', #8661, #8703 ) ;
#8663 = CARTESIAN_POINT ( 'NONE',  ( -6.949999999999999300, -0.1000000000000006600, 2.959999999999994600 ) ) ;
#8664 = DIRECTION ( 'NONE',  ( 4.982546748554703600E-017, 4.982546748554711600E-017, 1.000000000000000000 ) ) ;
#8665 = CARTESIAN_POINT ( 'NONE',  ( 6.388272178345417300, -0.01436975294152540900, 5.749916157084179200 ) ) ;
#8666 = ORIENTED_EDGE ( 'NONE', *, *, #8345, .F. ) ;
#8667 = EDGE_CURVE ( 'NONE', #8267, #8339, #2182, .T. ) ;
#8668 = ORIENTED_EDGE ( 'NONE', *, *, #8413, .F. ) ;
#8670 = EDGE_CURVE ( 'NONE', #8708, #8648, #2177, .T. ) ;
#8669 = DIRECTION ( 'NONE',  ( 0.0000000000000000000, 4.982546748554711000E-017, 1.000000000000000000 ) ) ;
#8671 = CYLINDRICAL_SURFACE ( 'NONE', #8650, 0.2999999999999998800 ) ;
#8672 = VECTOR ( 'NONE', #8664, 1000.000000000000000 ) ;
#8673 = CARTESIAN_POINT ( 'NONE',  ( 6.399999999999994100, -0.1000000000000002600, 1.659999999999997700 ) ) ;
#8674 = LINE ( 'NONE', #8673, #8672 ) ;
#8675 = VERTEX_POINT ( 'NONE', #2384 ) ;
#8676 = CARTESIAN_POINT ( 'NONE',  ( 6.399999999999993200, -0.1000000000000000900, 5.629999999999999900 ) ) ;
#8677 = VERTEX_POINT ( 'NONE', #2376 ) ;
#8678 = ORIENTED_EDGE ( 'NONE', *, *, #8434, .F. ) ;
#8679 = CARTESIAN_POINT ( 'NONE',  ( -6.950000000000001100, -0.7200000000000002000, 2.280000000000002500 ) ) ;
#8680 = DIRECTION ( 'NONE',  ( -0.0000000000000000000, -0.0000000000000000000, 1.000000000000000000 ) ) ;
#8681 = VECTOR ( 'NONE', #8680, 1000.000000000000000 ) ;
#8682 = CARTESIAN_POINT ( 'NONE',  ( -6.950000000000000200, -1.649999999999999700, 11.59999999999999600 ) ) ;
#8683 = EDGE_CURVE ( 'NONE', #8696, #8431, #2352, .T. ) ;
#8684 = DIRECTION ( 'NONE',  ( -1.000000000000000000, 0.0000000000000000000, 0.0000000000000000000 ) ) ;
#8685 = DIRECTION ( 'NONE',  ( 0.0000000000000000000, 0.0000000000000000000, -1.000000000000000000 ) ) ;
#8686 = AXIS2_PLACEMENT_3D ( 'NONE', #8773, #8685, #8684 ) ;
#8687 = CARTESIAN_POINT ( 'NONE',  ( -6.949999999999998400, -0.1000000000000002600, 5.780000000000001100 ) ) ;
#8688 = LINE ( 'NONE', #8687, #8660 ) ;
#8689 = VERTEX_POINT ( 'NONE', #2320 ) ;
#8690 = CARTESIAN_POINT ( 'NONE',  ( 5.849999999999829100, -1.049999999999994000, 11.19999999999998900 ) ) ;
#8691 = ADVANCED_FACE ( 'NONE', ( #2319 ), #2342, .T. ) ;
#8692 = DIRECTION ( 'NONE',  ( 0.0000000000000000000, -1.084202172485506400E-015, -1.000000000000000000 ) ) ;
#8693 = DIRECTION ( 'NONE',  ( 0.0000000000000000000, -1.000000000000000000, 8.195798055179197600E-016 ) ) ;
#8694 = CARTESIAN_POINT ( 'NONE',  ( 6.049999999999990100, -0.7200000000000002000, 6.647712434446775700 ) ) ;
#8695 = AXIS2_PLACEMENT_3D ( 'NONE', #8694, #8693, #8692 ) ;
#8696 = VERTEX_POINT ( 'NONE', #2373 ) ;
#8697 = DIRECTION ( 'NONE',  ( -0.7071067811865474600, 0.0000000000000000000, -0.7071067811865474600 ) ) ;
#8698 = DIRECTION ( 'NONE',  ( 0.7071067811865475700, 0.0000000000000000000, -0.7071067811865475700 ) ) ;
#8699 = CARTESIAN_POINT ( 'NONE',  ( -6.850000000000000500, 3.630174922653363300, 3.059999999999996100 ) ) ;
#8700 = CIRCLE ( 'NONE', #8695, 0.1999999999999996500 ) ;
#8701 = ORIENTED_EDGE ( 'NONE', *, *, #8670, .T. ) ;
#8702 = DIRECTION ( 'NONE',  ( -0.0000000000000000000, -1.000000000000000000, -9.585933842097446300E-017 ) ) ;
#8703 = VECTOR ( 'NONE', #8702, 1000.000000000000000 ) ;
#8704 = CARTESIAN_POINT ( 'NONE',  ( 6.398857561931092300, -0.07194647114363583700, 5.705033909456235000 ) ) ;
#8705 = CARTESIAN_POINT ( 'NONE',  ( 6.380834589708794800, 0.009101537398659686700, 5.760840821126464600 ) ) ;
#8706 = CARTESIAN_POINT ( 'NONE',  ( 6.399999999999993200, -0.09818036284796326200, 5.652400864708398300 ) ) ;
#8707 = ORIENTED_EDGE ( 'NONE', *, *, #8731, .T. ) ;
#8708 = VERTEX_POINT ( 'NONE', #2310 ) ;
#8709 = CARTESIAN_POINT ( 'NONE',  ( 6.400069801466521800, -0.09219250023799234500, 5.671888163842671000 ) ) ;
#8710 = ORIENTED_EDGE ( 'NONE', *, *, #8683, .F. ) ;
#8711 = FACE_OUTER_BOUND ( 'NONE', #4934, .T. ) ;
#8712 = AXIS2_PLACEMENT_3D ( 'NONE', #8654, #8653, #8652 ) ;
#8713 = TOROIDAL_SURFACE ( 'NONE', #8712, 0.06771243444677534100, 0.2000000000000000100 ) ;
#8714 = FACE_OUTER_BOUND ( 'NONE', #4925, .T. ) ;
#8715 = DIRECTION ( 'NONE',  ( -0.0000000000000000000, -0.0000000000000000000, -1.000000000000000000 ) ) ;
#8716 = VECTOR ( 'NONE', #8715, 1000.000000000000000 ) ;
#8717 = CARTESIAN_POINT ( 'NONE',  ( -6.950000000000000200, 0.2000000000000003200, 2.659999999999994800 ) ) ;
#8718 = LINE ( 'NONE', #8717, #8716 ) ;
#8719 = CARTESIAN_POINT ( 'NONE',  ( 6.363250728825201800, 0.04390072565575284900, 5.771440767113323200 ) ) ;
#8720 = CARTESIAN_POINT ( 'NONE',  ( -6.950000000000000200, 20.04522618641298200, 2.959999999999995500 ) ) ;
#8721 = LINE ( 'NONE', #8720, #8759 ) ;
#8722 = DIRECTION ( 'NONE',  ( -4.434466606213689200E-016, 1.412300271759323200E-016, -1.000000000000000000 ) ) ;
#8723 = VECTOR ( 'NONE', #8722, 1000.000000000000000 ) ;
#8724 = CARTESIAN_POINT ( 'NONE',  ( -7.149999999999997700, -0.1000000000000002600, 8.500000000000003600 ) ) ;
#8725 = LINE ( 'NONE', #8724, #8723 ) ;
#8726 = CARTESIAN_POINT ( 'NONE',  ( 6.199999999999994000, -0.7200000000000000800, 6.779999999999999400 ) ) ;
#8727 = DIRECTION ( 'NONE',  ( 0.0000000000000000000, -1.000000000000000000, 0.0000000000000000000 ) ) ;
#8728 = VECTOR ( 'NONE', #8727, 1000.000000000000000 ) ;
#8729 = CARTESIAN_POINT ( 'NONE',  ( -6.850000000000000500, 0.2000000000000011800, 3.059999999999996100 ) ) ;
#8730 = LINE ( 'NONE', #8729, #8728 ) ;
#8731 = EDGE_CURVE ( 'NONE', #8339, #8689, #2316, .T. ) ;
#8732 = DIRECTION ( 'NONE',  ( 1.000000000000000000, 0.0000000000000000000, 0.0000000000000000000 ) ) ;
#8733 = DIRECTION ( 'NONE',  ( 0.0000000000000000000, 0.0000000000000000000, 1.000000000000000000 ) ) ;
#8734 = CARTESIAN_POINT ( 'NONE',  ( 6.049999999999990100, -0.6522875655532245400, 6.580000000000000100 ) ) ;
#8735 = AXIS2_PLACEMENT_3D ( 'NONE', #8734, #8733, #8732 ) ;
#8736 = CIRCLE ( 'NONE', #8735, 0.1999999999999996500 ) ;
#8737 = AXIS2_PLACEMENT_3D ( 'NONE', #8699, #8698, #8697 ) ;
#8738 = PLANE ( 'NONE',  #8737 ) ;
#8739 = FACE_OUTER_BOUND ( 'NONE', #5002, .T. ) ;
#8740 = CARTESIAN_POINT ( 'NONE',  ( 6.199999999999994000, -0.5199999999999999100, 6.580000000000000100 ) ) ;
#8741 = CARTESIAN_POINT ( 'NONE',  ( -6.850000000000000500, -1.649999999999999700, 3.059999999999996100 ) ) ;
#8742 = DIRECTION ( 'NONE',  ( 0.0000000000000000000, 0.0000000000000000000, -1.000000000000000000 ) ) ;
#8743 = VECTOR ( 'NONE', #8742, 1000.000000000000000 ) ;
#8744 = CARTESIAN_POINT ( 'NONE',  ( -6.850000000000000500, -1.649999999999999700, 9.499999999999998200 ) ) ;
#8745 = LINE ( 'NONE', #8744, #8743 ) ;
#8746 = ORIENTED_EDGE ( 'NONE', *, *, #8747, .T. ) ;
#8747 = EDGE_CURVE ( 'NONE', #8689, #8677, #2336, .T. ) ;
#8748 = DIRECTION ( 'NONE',  ( 0.0000000000000000000, -1.000000000000000000, -9.585933842097446300E-017 ) ) ;
#8749 = VECTOR ( 'NONE', #8748, 1000.000000000000000 ) ;
#8750 = CARTESIAN_POINT ( 'NONE',  ( 5.649999999999999500, 0.1999999999999996500, 11.19999999999999900 ) ) ;
#8751 = LINE ( 'NONE', #8750, #8749 ) ;
#8752 = CARTESIAN_POINT ( 'NONE',  ( 6.397336546362045500, -0.05500704258666899700, 5.722146910334007700 ) ) ;
#8753 = DIRECTION ( 'NONE',  ( 0.0000000000000000000, -1.000000000000000000, 0.0000000000000000000 ) ) ;
#8754 = CARTESIAN_POINT ( 'NONE',  ( -7.149999999999995900, -0.09999999999999958900, 8.500000000000003600 ) ) ;
#8755 = CYLINDRICAL_SURFACE ( 'NONE', #8756, 0.1999999999999996500 ) ;
#8756 = AXIS2_PLACEMENT_3D ( 'NONE', #8762, #8761, #8760 ) ;
#8757 = FACE_OUTER_BOUND ( 'NONE', #4964, .T. ) ;
#8758 = DIRECTION ( 'NONE',  ( 0.0000000000000000000, 1.000000000000000000, 0.0000000000000000000 ) ) ;
#8759 = VECTOR ( 'NONE', #8758, 1000.000000000000000 ) ;
#8760 = DIRECTION ( 'NONE',  ( -1.000000000000000000, 0.0000000000000000000, 0.0000000000000000000 ) ) ;
#8761 = DIRECTION ( 'NONE',  ( -4.982546748554707900E-017, 0.0000000000000000000, -1.000000000000000000 ) ) ;
#8762 = CARTESIAN_POINT ( 'NONE',  ( 6.049999999999990100, -0.7877124344467753000, 6.779999999999999400 ) ) ;
#8763 = CARTESIAN_POINT ( 'NONE',  ( 6.199999999999994000, -0.9200000000000000400, 3.679999999999999700 ) ) ;
#8764 = ORIENTED_EDGE ( 'NONE', *, *, #8656, .T. ) ;
#8765 = CARTESIAN_POINT ( 'NONE',  ( 6.399999999999993200, -0.1000000000000000900, 5.629999999999999900 ) ) ;
#8766 = CIRCLE ( 'NONE', #8686, 0.1999999999999996500 ) ;
#8767 = LINE ( 'NONE', #8682, #8681 ) ;
#8768 = DIRECTION ( 'NONE',  ( 0.0000000000000000000, 0.0000000000000000000, 1.000000000000000000 ) ) ;
#8769 = DIRECTION ( 'NONE',  ( 1.000000000000000000, -1.232595164407830900E-032, -9.585933842097445100E-017 ) ) ;
#8770 = CARTESIAN_POINT ( 'NONE',  ( 5.650000000000000400, -0.7499999999999988900, 10.95000000000000100 ) ) ;
#8771 = AXIS2_PLACEMENT_3D ( 'NONE', #8770, #8769, #8768 ) ;
#8772 = CIRCLE ( 'NONE', #8771, 0.1500000000000008300 ) ;
#8773 = CARTESIAN_POINT ( 'NONE',  ( 6.049999999999990100, -0.7877124344467753000, 6.580000000000000100 ) ) ;
#8774 = EDGE_CURVE ( 'NONE', #8931, #8708, #2337, .T. ) ;
#8775 = DIRECTION ( 'NONE',  ( -1.000000000000000000, 0.0000000000000000000, -0.0000000000000000000 ) ) ;
#8776 = DIRECTION ( 'NONE',  ( 0.0000000000000000000, 0.0000000000000000000, -1.000000000000000000 ) ) ;
#8777 = ORIENTED_EDGE ( 'NONE', *, *, #8774, .T. ) ;
#8778 = DIRECTION ( 'NONE',  ( 1.000000000000000000, 0.0000000000000000000, 0.0000000000000000000 ) ) ;
#8779 = EDGE_CURVE ( 'NONE', #8339, #8261, #2400, .T. ) ;
#8780 = DIRECTION ( 'NONE',  ( -0.0000000000000000000, 0.0000000000000000000, 1.000000000000000000 ) ) ;
#8781 = AXIS2_PLACEMENT_3D ( 'NONE', #8782, #8780, #8778 ) ;
#8782 = CARTESIAN_POINT ( 'NONE',  ( -6.850000000000000500, 0.2000000000000011800, 6.199999999999994800 ) ) ;
#8783 = PLANE ( 'NONE',  #8781 ) ;
#8784 = FACE_OUTER_BOUND ( 'NONE', #4996, .T. ) ;
#8785 = DIRECTION ( 'NONE',  ( 0.0000000000000000000, 1.000000000000000000, 0.0000000000000000000 ) ) ;
#8786 = DIRECTION ( 'NONE',  ( 1.000000000000000000, 9.240109930013183600E-016, -4.982546748554707900E-017 ) ) ;
#8787 = CARTESIAN_POINT ( 'NONE',  ( 6.199999999999994800, -0.7200000000000000800, 6.580000000000000100 ) ) ;
#8788 = AXIS2_PLACEMENT_3D ( 'NONE', #8787, #8786, #8785 ) ;
#8789 = CIRCLE ( 'NONE', #8788, 0.1999999999999999800 ) ;
#8790 = EDGE_CURVE ( 'NONE', #8388, #8675, #2329, .T. ) ;
#8791 = CARTESIAN_POINT ( 'NONE',  ( 5.649999999999828900, -1.050000000000014000, 11.19999999999998700 ) ) ;
#8792 = CIRCLE ( 'NONE', #8658, 0.6199999999999998800 ) ;
#8793 = CARTESIAN_POINT ( 'NONE',  ( 6.366884984670713600, 0.03705639404476549600, 5.769600846537255000 ) ) ;
#8794 = DIRECTION ( 'NONE',  ( -1.000000000000000000, -0.0000000000000000000, 0.0000000000000000000 ) ) ;
#8795 = CARTESIAN_POINT ( 'NONE',  ( 5.949999999999733700, -1.050000000000050400, 30.84396773691726400 ) ) ;
#8796 = DIRECTION ( 'NONE',  ( -1.000000000000000000, -0.0000000000000000000, -0.0000000000000000000 ) ) ;
#8797 = VECTOR ( 'NONE', #8796, 1000.000000000000000 ) ;
#8798 = CARTESIAN_POINT ( 'NONE',  ( -6.850000000000000500, -1.649999999999999700, 6.199999999999994800 ) ) ;
#8799 = LINE ( 'NONE', #8798, #8797 ) ;
#8800 = AXIS2_PLACEMENT_3D ( 'NONE', #8795, #8999, #8998 ) ;
#8801 = CARTESIAN_POINT ( 'NONE',  ( -6.150000000000001200, -1.649999999999999700, 8.299999999999995400 ) ) ;
#8802 = DIRECTION ( 'NONE',  ( -1.232595164407830900E-032, -1.000000000000000000, -4.982546748554703600E-017 ) ) ;
#8803 = VECTOR ( 'NONE', #8802, 1000.000000000000000 ) ;
#8804 = CARTESIAN_POINT ( 'NONE',  ( 6.199999999999994800, 0.1999999999999996500, 8.499999999999998200 ) ) ;
#8805 = DIRECTION ( 'NONE',  ( 3.173932548350164700E-029, 1.000000000000000000, -2.466266120677565300E-015 ) ) ;
#8806 = DIRECTION ( 'NONE',  ( 8.017293097285274000E-015, -2.466266120677565300E-015, -1.000000000000000000 ) ) ;
#8807 = CARTESIAN_POINT ( 'NONE',  ( 5.649999999999833400, 2.874922359499626300, 11.19999999999997400 ) ) ;
#8808 = AXIS2_PLACEMENT_3D ( 'NONE', #8807, #8806, #8805 ) ;
#8809 = LINE ( 'NONE', #8804, #8803 ) ;
#8810 = PLANE ( 'NONE',  #8808 ) ;
#8811 = DIRECTION ( 'NONE',  ( 0.0000000000000000000, 0.0000000000000000000, 1.000000000000000000 ) ) ;
#8812 = DIRECTION ( 'NONE',  ( -0.0000000000000000000, -1.000000000000000000, -0.0000000000000000000 ) ) ;
#8813 = CARTESIAN_POINT ( 'NONE',  ( -6.099999999999997900, -1.649999999999999700, 15.09999999999999800 ) ) ;
#8814 = AXIS2_PLACEMENT_3D ( 'NONE', #8813, #8812, #8811 ) ;
#8815 = CIRCLE ( 'NONE', #8814, 0.7000000000000009500 ) ;
#8816 = FACE_OUTER_BOUND ( 'NONE', #5085, .T. ) ;
#8817 = DIRECTION ( 'NONE',  ( -0.0000000000000000000, 0.0000000000000000000, 1.000000000000000000 ) ) ;
#8818 = DIRECTION ( 'NONE',  ( -1.000000000000000000, 0.0000000000000000000, -0.0000000000000000000 ) ) ;
#8819 = CARTESIAN_POINT ( 'NONE',  ( -6.150000000000001200, 0.8587033144922906500, 8.299999999999995400 ) ) ;
#8820 = AXIS2_PLACEMENT_3D ( 'NONE', #8819, #8818, #8817 ) ;
#8821 = PLANE ( 'NONE',  #8820 ) ;
#8822 = PLANE ( 'NONE',  #8933 ) ;
#8823 = DIRECTION ( 'NONE',  ( -0.7071067811865460200, 0.0000000000000000000, -0.7071067811865490200 ) ) ;
#8824 = VECTOR ( 'NONE', #8823, 1000.000000000000100 ) ;
#8825 = CARTESIAN_POINT ( 'NONE',  ( -6.650000000000000400, -1.649999999999999700, 6.199999999999994800 ) ) ;
#8826 = LINE ( 'NONE', #8825, #8824 ) ;
#8827 = LINE ( 'NONE', #8889, #8888 ) ;
#8828 = DIRECTION ( 'NONE',  ( 0.0000000000000000000, -1.000000000000000000, 0.0000000000000000000 ) ) ;
#8829 = VECTOR ( 'NONE', #8828, 1000.000000000000000 ) ;
#8830 = CARTESIAN_POINT ( 'NONE',  ( -6.650000000000000400, 0.2000000000000011800, 8.299999999999995400 ) ) ;
#8831 = LINE ( 'NONE', #8830, #8829 ) ;
#8832 = CARTESIAN_POINT ( 'NONE',  ( 6.349999999999833600, -1.349999999999993600, 11.19999999999998900 ) ) ;
#8833 = DIRECTION ( 'NONE',  ( -1.000000000000000000, 0.0000000000000000000, 0.0000000000000000000 ) ) ;
#8834 = DIRECTION ( 'NONE',  ( 0.0000000000000000000, 0.0000000000000000000, -1.000000000000000000 ) ) ;
#8835 = CARTESIAN_POINT ( 'NONE',  ( 6.049999999999990100, -0.6522875655532256500, 3.679999999999999700 ) ) ;
#8836 = AXIS2_PLACEMENT_3D ( 'NONE', #8835, #8834, #8833 ) ;
#8837 = DIRECTION ( 'NONE',  ( 0.0000000000000000000, 0.0000000000000000000, 1.000000000000000000 ) ) ;
#8838 = DIRECTION ( 'NONE',  ( -1.000000000000000000, -0.0000000000000000000, 0.0000000000000000000 ) ) ;
#8839 = CARTESIAN_POINT ( 'NONE',  ( 6.049999999999990100, -0.7200000000000000800, 3.679999999999999700 ) ) ;
#8840 = AXIS2_PLACEMENT_3D ( 'NONE', #8839, #8838, #8837 ) ;
#8841 = CIRCLE ( 'NONE', #8836, 0.1999999999999996500 ) ;
#8842 = EDGE_LOOP ( 'NONE', ( #8666, #8347, #8355, #8358 ) ) ;
#8843 = PLANE ( 'NONE',  #8957 ) ;
#8844 = LINE ( 'NONE', #8953, #8952 ) ;
#8845 = FACE_OUTER_BOUND ( 'NONE', #5088, .T. ) ;
#8846 = DIRECTION ( 'NONE',  ( 1.000000000000000000, -0.0000000000000000000, 0.0000000000000000000 ) ) ;
#8847 = VECTOR ( 'NONE', #8846, 1000.000000000000000 ) ;
#8848 = CARTESIAN_POINT ( 'NONE',  ( -6.799999999999998900, 0.2000000000000011800, 15.79999999999999500 ) ) ;
#8849 = LINE ( 'NONE', #8848, #8847 ) ;
#8850 = DIRECTION ( 'NONE',  ( 0.0000000000000000000, 0.0000000000000000000, -1.000000000000000000 ) ) ;
#8851 = DIRECTION ( 'NONE',  ( 0.0000000000000000000, -1.000000000000000000, 0.0000000000000000000 ) ) ;
#8852 = ORIENTED_EDGE ( 'NONE', *, *, #8854, .T. ) ;
#8853 = AXIS2_PLACEMENT_3D ( 'NONE', #8858, #8851, #8850 ) ;
#8854 = EDGE_CURVE ( 'NONE', #8857, #8385, #2322, .T. ) ;
#8855 = CYLINDRICAL_SURFACE ( 'NONE', #8853, 0.6999999999999992900 ) ;
#8856 = EDGE_CURVE ( 'NONE', #8931, #8857, #2330, .T. ) ;
#8857 = VERTEX_POINT ( 'NONE', #2393 ) ;
#8858 = CARTESIAN_POINT ( 'NONE',  ( -6.099999999999997900, 20.04522618641298200, 15.09999999999999800 ) ) ;
#8859 = FACE_OUTER_BOUND ( 'NONE', #5072, .T. ) ;
#8860 = CARTESIAN_POINT ( 'NONE',  ( 6.349999999999833600, -1.149999999999993000, 11.19999999999998900 ) ) ;
#8861 = DIRECTION ( 'NONE',  ( -3.157908811212862900E-029, -1.000000000000000000, 2.466266120677565300E-015 ) ) ;
#8862 = VECTOR ( 'NONE', #8861, 1000.000000000000000 ) ;
#8863 = DIRECTION ( 'NONE',  ( 0.7071067811865490200, 0.0000000000000000000, -0.7071067811865460200 ) ) ;
#8864 = AXIS2_PLACEMENT_3D ( 'NONE', #8916, #8863, #8927 ) ;
#8865 = CYLINDRICAL_SURFACE ( 'NONE', #8943, 0.1999999999999996500 ) ;
#8866 = ADVANCED_FACE ( 'NONE', ( #2318 ), #2327, .F. ) ;
#8867 = FACE_OUTER_BOUND ( 'NONE', #4963, .T. ) ;
#8868 = ORIENTED_EDGE ( 'NONE', *, *, #8384, .T. ) ;
#8869 = DIRECTION ( 'NONE',  ( 0.0000000000000000000, 1.000000000000000000, 0.0000000000000000000 ) ) ;
#8870 = VECTOR ( 'NONE', #8869, 1000.000000000000000 ) ;
#8871 = CARTESIAN_POINT ( 'NONE',  ( 6.349999999999833600, 2.874922359499628000, 11.19999999999998000 ) ) ;
#8872 = LINE ( 'NONE', #8871, #8862 ) ;
#8873 = EDGE_LOOP ( 'NONE', ( #8777, #8701, #8764, #8874 ) ) ;
#8874 = ORIENTED_EDGE ( 'NONE', *, *, #8856, .F. ) ;
#8875 = CARTESIAN_POINT ( 'NONE',  ( -6.099999999999997900, 0.2000000000000011800, 15.79999999999999500 ) ) ;
#8876 = DIRECTION ( 'NONE',  ( 0.0000000000000000000, 0.0000000000000000000, -1.000000000000000000 ) ) ;
#8877 = VECTOR ( 'NONE', #8876, 1000.000000000000000 ) ;
#8878 = CARTESIAN_POINT ( 'NONE',  ( -6.850000000000000500, -1.649999999999999700, 9.499999999999998200 ) ) ;
#8879 = LINE ( 'NONE', #8878, #8877 ) ;
#8880 = CARTESIAN_POINT ( 'NONE',  ( -6.850000000000000500, -1.649999999999999700, 8.499999999999994700 ) ) ;
#8881 = DIRECTION ( 'NONE',  ( 0.7071067811865460200, 0.0000000000000000000, -0.7071067811865490200 ) ) ;
#8882 = DIRECTION ( 'NONE',  ( 0.7071067811865490200, 0.0000000000000000000, 0.7071067811865460200 ) ) ;
#8883 = CARTESIAN_POINT ( 'NONE',  ( -6.850000000000000500, 0.2000000000000011800, 8.499999999999994700 ) ) ;
#8884 = VECTOR ( 'NONE', #8902, 1000.000000000000000 ) ;
#8885 = CARTESIAN_POINT ( 'NONE',  ( 6.199999999999994000, -0.5199999999999999100, 3.479999999999999500 ) ) ;
#8886 = LINE ( 'NONE', #8885, #8884 ) ;
#8887 = DIRECTION ( 'NONE',  ( 0.0000000000000000000, 1.000000000000000000, 0.0000000000000000000 ) ) ;
#8888 = VECTOR ( 'NONE', #8887, 1000.000000000000000 ) ;
#8889 = CARTESIAN_POINT ( 'NONE',  ( -6.850000000000000500, 0.2000000000000011800, 5.999999999999993800 ) ) ;
#8890 = ORIENTED_EDGE ( 'NONE', *, *, #8892, .T. ) ;
#8891 = AXIS2_PLACEMENT_3D ( 'NONE', #8897, #8794, #8928 ) ;
#8892 = EDGE_CURVE ( 'NONE', #8696, #8893, #2298, .T. ) ;
#8893 = VERTEX_POINT ( 'NONE', #2363 ) ;
#8894 = ORIENTED_EDGE ( 'NONE', *, *, #8930, .T. ) ;
#8895 = CARTESIAN_POINT ( 'NONE',  ( -6.950000000000000200, 20.04522618641298200, 2.959999999999995500 ) ) ;
#8896 = LINE ( 'NONE', #8895, #8870 ) ;
#8897 = CARTESIAN_POINT ( 'NONE',  ( 6.049999999999990100, -0.7199999999999999700, 6.580000000000000100 ) ) ;
#8898 = DIRECTION ( 'NONE',  ( 0.0000000000000000000, 1.000000000000000000, 0.0000000000000000000 ) ) ;
#8899 = VECTOR ( 'NONE', #8898, 1000.000000000000000 ) ;
#8900 = CARTESIAN_POINT ( 'NONE',  ( -6.650000000000000400, 0.2000000000000011800, 8.299999999999995400 ) ) ;
#8901 = LINE ( 'NONE', #8900, #8899 ) ;
#8902 = DIRECTION ( 'NONE',  ( 0.0000000000000000000, 0.0000000000000000000, 1.000000000000000000 ) ) ;
#8903 = DIRECTION ( 'NONE',  ( 4.982546748554704200E-017, -4.982546748554704800E-017, 1.000000000000000000 ) ) ;
#8904 = AXIS2_PLACEMENT_3D ( 'NONE', #8905, #8903, #8973 ) ;
#8905 = CARTESIAN_POINT ( 'NONE',  ( -7.502978098234931000, 0.2000000000000005100, 8.500000000000000000 ) ) ;
#8906 = PLANE ( 'NONE',  #8904 ) ;
#8907 = FACE_OUTER_BOUND ( 'NONE', #5039, .T. ) ;
#8908 = DIRECTION ( 'NONE',  ( 0.0000000000000000000, 1.000000000000000000, 0.0000000000000000000 ) ) ;
#8909 = DIRECTION ( 'NONE',  ( 1.000000000000000000, 9.240109930013183600E-016, -4.982546748554707900E-017 ) ) ;
#8910 = CARTESIAN_POINT ( 'NONE',  ( 6.199999999999994800, -0.7200000000000000800, 3.679999999999999700 ) ) ;
#8911 = AXIS2_PLACEMENT_3D ( 'NONE', #8910, #8909, #8908 ) ;
#8912 = ADVANCED_FACE ( 'NONE', ( #2362 ), #2397, .T. ) ;
#8913 = DIRECTION ( 'NONE',  ( -0.0000000000000000000, 0.0000000000000000000, 1.000000000000000000 ) ) ;
#8914 = DIRECTION ( 'NONE',  ( -1.000000000000000000, 0.0000000000000000000, -0.0000000000000000000 ) ) ;
#8915 = CARTESIAN_POINT ( 'NONE',  ( -6.850000000000000500, 0.2000000000000011800, 9.499999999999998200 ) ) ;
#8916 = CARTESIAN_POINT ( 'NONE',  ( -6.650000000000000400, 0.2000000000000011800, 6.199999999999994800 ) ) ;
#8917 = PLANE ( 'NONE',  #8864 ) ;
#8918 = FACE_OUTER_BOUND ( 'NONE', #5099, .T. ) ;
#8919 = CARTESIAN_POINT ( 'NONE',  ( -6.650000000000000400, -1.649999999999999700, 6.199999999999994800 ) ) ;
#8920 = CARTESIAN_POINT ( 'NONE',  ( 6.199999999999994800, -0.7199999999999999700, 6.580000000000000100 ) ) ;
#8921 = AXIS2_PLACEMENT_3D ( 'NONE', #8920, #8974, #8958 ) ;
#8922 = FACE_OUTER_BOUND ( 'NONE', #5016, .T. ) ;
#8923 = DIRECTION ( 'NONE',  ( -1.232595164407831200E-032, 1.000000000000000000, -1.232595164407831200E-032 ) ) ;
#8924 = VECTOR ( 'NONE', #8923, 1000.000000000000000 ) ;
#8925 = CARTESIAN_POINT ( 'NONE',  ( -6.950000000000000200, -1.340000000000000100, 2.959999999999994600 ) ) ;
#8926 = LINE ( 'NONE', #8925, #8924 ) ;
#8927 = DIRECTION ( 'NONE',  ( -0.7071067811865460200, 0.0000000000000000000, -0.7071067811865490200 ) ) ;
#8928 = DIRECTION ( 'NONE',  ( 0.0000000000000000000, 0.0000000000000000000, 1.000000000000000000 ) ) ;
#8929 = TOROIDAL_SURFACE ( 'NONE', #8891, 0.06771243444677534100, 0.2000000000000000100 ) ;
#8930 = EDGE_CURVE ( 'NONE', #8893, #8931, #2296, .T. ) ;
#8931 = VERTEX_POINT ( 'NONE', #2410 ) ;
#8932 = ORIENTED_EDGE ( 'NONE', *, *, #8856, .T. ) ;
#8933 = AXIS2_PLACEMENT_3D ( 'NONE', #8915, #8914, #8913 ) ;
#8934 = CIRCLE ( 'NONE', #8911, 0.1999999999999999800 ) ;
#8935 = DIRECTION ( 'NONE',  ( 1.000000000000000000, 0.0000000000000000000, 0.0000000000000000000 ) ) ;
#8936 = VECTOR ( 'NONE', #8935, 1000.000000000000000 ) ;
#8937 = CARTESIAN_POINT ( 'NONE',  ( -6.850000000000000500, -1.649999999999999700, 8.299999999999995400 ) ) ;
#8938 = LINE ( 'NONE', #8937, #8936 ) ;
#8939 = FACE_OUTER_BOUND ( 'NONE', #5025, .T. ) ;
#8940 = DIRECTION ( 'NONE',  ( -1.000000000000000000, 0.0000000000000000000, 0.0000000000000000000 ) ) ;
#8941 = DIRECTION ( 'NONE',  ( -4.982546748554707900E-017, 0.0000000000000000000, -1.000000000000000000 ) ) ;
#8942 = CARTESIAN_POINT ( 'NONE',  ( 6.049999999999990100, -0.6522875655532245400, 6.779999999999999400 ) ) ;
#8943 = AXIS2_PLACEMENT_3D ( 'NONE', #8942, #8941, #8940 ) ;
#8944 = TOROIDAL_SURFACE ( 'NONE', #8840, 0.06771243444677534100, 0.2000000000000000100 ) ;
#8945 = FACE_OUTER_BOUND ( 'NONE', #5129, .T. ) ;
#8946 = DIRECTION ( 'NONE',  ( 0.0000000000000000000, 1.000000000000000000, 0.0000000000000000000 ) ) ;
#8947 = DIRECTION ( 'NONE',  ( 1.000000000000000000, 9.240109930013183600E-016, -4.982546748554707900E-017 ) ) ;
#8948 = CARTESIAN_POINT ( 'NONE',  ( 6.199999999999994800, -0.7199999999999999700, 3.679999999999999700 ) ) ;
#8949 = AXIS2_PLACEMENT_3D ( 'NONE', #8948, #8947, #8946 ) ;
#8950 = CIRCLE ( 'NONE', #8949, 0.1999999999999999800 ) ;
#8951 = DIRECTION ( 'NONE',  ( 0.0000000000000000000, 0.0000000000000000000, -1.000000000000000000 ) ) ;
#8952 = VECTOR ( 'NONE', #8951, 1000.000000000000000 ) ;
#8953 = CARTESIAN_POINT ( 'NONE',  ( -6.150000000000001200, -1.649999999999999700, 8.299999999999995400 ) ) ;
#8954 = DIRECTION ( 'NONE',  ( -1.000000000000000000, 0.0000000000000000000, -0.0000000000000000000 ) ) ;
#8955 = DIRECTION ( 'NONE',  ( 0.0000000000000000000, 0.0000000000000000000, -1.000000000000000000 ) ) ;
#8956 = CARTESIAN_POINT ( 'NONE',  ( -6.799999999999998000, 20.04522618641298200, 15.79999999999999500 ) ) ;
#8957 = AXIS2_PLACEMENT_3D ( 'NONE', #8956, #8955, #8954 ) ;
#8958 = DIRECTION ( 'NONE',  ( 0.0000000000000000000, 1.000000000000000000, 0.0000000000000000000 ) ) ;
#8959 = FACE_OUTER_BOUND ( 'NONE', #4976, .T. ) ;
#8960 = PLANE ( 'NONE',  #8961 ) ;
#8961 = AXIS2_PLACEMENT_3D ( 'NONE', #8883, #8882, #8881 ) ;
#8962 = FACE_OUTER_BOUND ( 'NONE', #5131, .T. ) ;
#8963 = DIRECTION ( 'NONE',  ( -1.232595164407830900E-032, -1.000000000000000000, -4.982546748554703600E-017 ) ) ;
#8964 = VECTOR ( 'NONE', #8963, 1000.000000000000000 ) ;
#8965 = CARTESIAN_POINT ( 'NONE',  ( 6.399999999999994100, 0.2000000000000005100, 8.499999999999998200 ) ) ;
#8966 = LINE ( 'NONE', #8965, #8964 ) ;
#8967 = CARTESIAN_POINT ( 'NONE',  ( 6.399999999999990600, -0.3399999999999991400, 8.499999999999998200 ) ) ;
#8968 = CARTESIAN_POINT ( 'NONE',  ( 6.199999999999994800, -0.3400000000000000200, 8.499999999999998200 ) ) ;
#8969 = DIRECTION ( 'NONE',  ( 1.000000000000000000, -1.232595164407831200E-032, -4.982546748554703600E-017 ) ) ;
#8970 = VECTOR ( 'NONE', #8969, 1000.000000000000000 ) ;
#8971 = CARTESIAN_POINT ( 'NONE',  ( -7.502978098234931000, -0.3399999999999991400, 8.500000000000000000 ) ) ;
#8972 = LINE ( 'NONE', #8971, #8970 ) ;
#8973 = DIRECTION ( 'NONE',  ( 6.123031769111886300E-017, -1.000000000000000000, -4.982546748554704800E-017 ) ) ;
#8974 = DIRECTION ( 'NONE',  ( 1.000000000000000000, 9.240109930013183600E-016, -4.982546748554707900E-017 ) ) ;
#8975 = CIRCLE ( 'NONE', #8921, 0.1999999999999999800 ) ;
#8976 = DIRECTION ( 'NONE',  ( 1.000000000000000000, -1.232595164407830900E-032, -9.585933842097445100E-017 ) ) ;
#8977 = VECTOR ( 'NONE', #8976, 1000.000000000000000 ) ;
#8978 = CARTESIAN_POINT ( 'NONE',  ( -2.567244204607599800, -0.1000000000000011300, 13.00000000000000200 ) ) ;
#8979 = LINE ( 'NONE', #8978, #8977 ) ;
#8980 = EDGE_CURVE ( 'NONE', #8993, #8988, #2361, .T. ) ;
#8981 = ORIENTED_EDGE ( 'NONE', *, *, #8980, .T. ) ;
#8982 = EDGE_LOOP ( 'NONE', ( #4459, #4444, #4429, #4446 ) ) ;
#8983 = ORIENTED_EDGE ( 'NONE', *, *, #8994, .T. ) ;
#8984 = ORIENTED_EDGE ( 'NONE', *, *, #9057, .T. ) ;
#8985 = CARTESIAN_POINT ( 'NONE',  ( 5.799999999999821300, -1.050000000000002300, 12.99999999999998600 ) ) ;
#8986 = LINE ( 'NONE', #8985, #9090 ) ;
#8987 = DIRECTION ( 'NONE',  ( -1.000000000000000000, 0.0000000000000000000, -5.782411586589358000E-015 ) ) ;
#8988 = VERTEX_POINT ( 'NONE', #2325 ) ;
#8989 = DIRECTION ( 'NONE',  ( -4.818676322157807800E-015, -3.373073425510465600E-015, 1.000000000000000000 ) ) ;
#8990 = CARTESIAN_POINT ( 'NONE',  ( 5.949999999999819900, -1.049999999999990300, 12.99999999999999800 ) ) ;
#8991 = AXIS2_PLACEMENT_3D ( 'NONE', #8990, #8989, #8987 ) ;
#8992 = CIRCLE ( 'NONE', #8991, 0.2999999999999999300 ) ;
#8993 = VERTEX_POINT ( 'NONE', #2324 ) ;
#8994 = EDGE_CURVE ( 'NONE', #9098, #9006, #2314, .T. ) ;
#8995 = EDGE_CURVE ( 'NONE', #9006, #9049, #2315, .T. ) ;
#8996 = EDGE_LOOP ( 'NONE', ( #8984, #9066, #8981 ) ) ;
#8997 = ORIENTED_EDGE ( 'NONE', *, *, #8854, .F. ) ;
#8998 = DIRECTION ( 'NONE',  ( -1.000000000000000000, 0.0000000000000000000, 0.0000000000000000000 ) ) ;
#8999 = DIRECTION ( 'NONE',  ( 4.818676322157807800E-015, 3.373073425510465600E-015, -1.000000000000000000 ) ) ;
#9000 = FACE_OUTER_BOUND ( 'NONE', #5093, .T. ) ;
#9001 = DIRECTION ( 'NONE',  ( 0.0000000000000000000, 1.084202172485503800E-015, -1.000000000000000000 ) ) ;
#9002 = DIRECTION ( 'NONE',  ( -3.554360822671080500E-030, -1.000000000000000000, -8.195798055179131500E-016 ) ) ;
#9003 = CARTESIAN_POINT ( 'NONE',  ( 6.049999999999990100, -0.7200000000000002000, 3.612287565553225400 ) ) ;
#9004 = AXIS2_PLACEMENT_3D ( 'NONE', #9003, #9002, #9001 ) ;
#9005 = CIRCLE ( 'NONE', #9004, 0.2000000000000000900 ) ;
#9006 = VERTEX_POINT ( 'NONE', #2378 ) ;
#9007 = PLANE ( 'NONE',  #8470 ) ;
#9008 = CARTESIAN_POINT ( 'NONE',  ( 6.199999999999994000, -0.7200000000000000800, 3.479999999999999500 ) ) ;
#9009 = CARTESIAN_POINT ( 'NONE',  ( -6.650000000000000400, -1.649999999999999700, 8.299999999999995400 ) ) ;
#9010 = DIRECTION ( 'NONE',  ( 0.0000000000000000000, -1.000000000000000000, 0.0000000000000000000 ) ) ;
#9011 = VECTOR ( 'NONE', #9010, 1000.000000000000000 ) ;
#9012 = CARTESIAN_POINT ( 'NONE',  ( -6.150000000000001200, 0.8587033144922906500, 6.199999999999994800 ) ) ;
#9013 = LINE ( 'NONE', #9012, #9011 ) ;
#9014 = DIRECTION ( 'NONE',  ( 0.0000000000000000000, -1.000000000000000000, 0.0000000000000000000 ) ) ;
#9015 = VECTOR ( 'NONE', #9014, 1000.000000000000000 ) ;
#9016 = CARTESIAN_POINT ( 'NONE',  ( -6.650000000000000400, 0.2000000000000011800, 6.199999999999994800 ) ) ;
#9017 = DIRECTION ( 'NONE',  ( 1.000000000000000000, 0.0000000000000000000, 0.0000000000000000000 ) ) ;
#9018 = DIRECTION ( 'NONE',  ( -0.0000000000000000000, 0.0000000000000000000, 1.000000000000000000 ) ) ;
#9019 = CARTESIAN_POINT ( 'NONE',  ( -6.950000000000000200, 0.2000000000000011800, 9.499999999999998200 ) ) ;
#9020 = LINE ( 'NONE', #9016, #9015 ) ;
#9021 = AXIS2_PLACEMENT_3D ( 'NONE', #9019, #9018, #9017 ) ;
#9022 = FACE_OUTER_BOUND ( 'NONE', #5027, .T. ) ;
#9023 = DIRECTION ( 'NONE',  ( 1.000000000000000000, 0.0000000000000000000, -0.0000000000000000000 ) ) ;
#9024 = VERTEX_POINT ( 'NONE', #2377 ) ;
#9025 = DIRECTION ( 'NONE',  ( 0.0000000000000000000, 0.0000000000000000000, 1.000000000000000000 ) ) ;
#9026 = AXIS2_PLACEMENT_3D ( 'NONE', #9028, #9025, #9023 ) ;
#9027 = PLANE ( 'NONE',  #9021 ) ;
#9028 = CARTESIAN_POINT ( 'NONE',  ( -5.950000000000000200, 14.43376267892646900, 13.09999999999999800 ) ) ;
#9029 = PLANE ( 'NONE',  #9026 ) ;
#9030 = DIRECTION ( 'NONE',  ( -0.0000000000000000000, 0.0000000000000000000, 1.000000000000000000 ) ) ;
#9031 = DIRECTION ( 'NONE',  ( -1.000000000000000000, 0.0000000000000000000, -0.0000000000000000000 ) ) ;
#9032 = ORIENTED_EDGE ( 'NONE', *, *, #9041, .F. ) ;
#9033 = ORIENTED_EDGE ( 'NONE', *, *, #9046, .F. ) ;
#9034 = AXIS2_PLACEMENT_3D ( 'NONE', #9073, #9031, #9030 ) ;
#9035 = EDGE_CURVE ( 'NONE', #9024, #9116, #2356, .T. ) ;
#9036 = FACE_OUTER_BOUND ( 'NONE', #5217, .T. ) ;
#9037 = ORIENTED_EDGE ( 'NONE', *, *, #9057, .F. ) ;
#9038 = EDGE_LOOP ( 'NONE', ( #9032, #9042, #9043, #9045 ) ) ;
#9039 = EDGE_CURVE ( 'NONE', #9047, #9116, #2305, .T. ) ;
#9040 = EDGE_LOOP ( 'NONE', ( #9105, #9117, #9119, #9192 ) ) ;
#9041 = EDGE_CURVE ( 'NONE', #7575, #7643, #2301, .T. ) ;
#9042 = ORIENTED_EDGE ( 'NONE', *, *, #7525, .T. ) ;
#9043 = ORIENTED_EDGE ( 'NONE', *, *, #9044, .T. ) ;
#9044 = EDGE_CURVE ( 'NONE', #7488, #7532, #2349, .T. ) ;
#9045 = ORIENTED_EDGE ( 'NONE', *, *, #7645, .F. ) ;
#9046 = EDGE_CURVE ( 'NONE', #9047, #8988, #2345, .T. ) ;
#9047 = VERTEX_POINT ( 'NONE', #2406 ) ;
#9048 = ADVANCED_FACE ( 'NONE', ( #2405 ), #2402, .T. ) ;
#9049 = VERTEX_POINT ( 'NONE', #2403 ) ;
#9050 = CARTESIAN_POINT ( 'NONE',  ( -6.799999999999998000, 0.0000000000000000000, 5.780000000000003800 ) ) ;
#9051 = CARTESIAN_POINT ( 'NONE',  ( 5.649999999999999500, -0.1000000000000000100, 13.00000000000000000 ) ) ;
#9052 = VECTOR ( 'NONE', #9070, 1000.000000000000000 ) ;
#9053 = CARTESIAN_POINT ( 'NONE',  ( 5.650000000000000400, -1.050000000000000500, 11.19999999999999900 ) ) ;
#9054 = LINE ( 'NONE', #9053, #9052 ) ;
#9055 = EDGE_LOOP ( 'NONE', ( #8983, #9097, #9067 ) ) ;
#9056 = ADVANCED_FACE ( 'NONE', ( #2390 ), #2389, .T. ) ;
#9057 = EDGE_CURVE ( 'NONE', #8988, #9024, #2100, .T. ) ;
#9058 = EDGE_CURVE ( 'NONE', #9024, #8993, #2465, .T. ) ;
#9059 = CARTESIAN_POINT ( 'NONE',  ( 6.399999999999994100, -0.3400000000000000200, 7.499999999999998200 ) ) ;
#9060 = FACE_OUTER_BOUND ( 'NONE', #5101, .T. ) ;
#9061 = CARTESIAN_POINT ( 'NONE',  ( 6.399999999999990600, -1.340000000000001000, 7.499999999999997300 ) ) ;
#9062 = DIRECTION ( 'NONE',  ( 0.0000000000000000000, 5.421010862427522200E-017, -1.000000000000000000 ) ) ;
#9063 = DIRECTION ( 'NONE',  ( 1.000000000000000000, 0.0000000000000000000, -4.982546748554703600E-017 ) ) ;
#9064 = AXIS2_PLACEMENT_3D ( 'NONE', #9059, #9063, #9062 ) ;
#9065 = CIRCLE ( 'NONE', #9064, 1.000000000000000000 ) ;
#9066 = ORIENTED_EDGE ( 'NONE', *, *, #9058, .T. ) ;
#9067 = ORIENTED_EDGE ( 'NONE', *, *, #9102, .F. ) ;
#9068 = CARTESIAN_POINT ( 'NONE',  ( -2.567244204607603400, -1.050000000000004900, 13.00000000000000000 ) ) ;
#9069 = LINE ( 'NONE', #9068, #9072 ) ;
#9070 = DIRECTION ( 'NONE',  ( 9.585933842097445100E-017, -9.585933842097446300E-017, 1.000000000000000000 ) ) ;
#9071 = DIRECTION ( 'NONE',  ( 1.000000000000000000, -1.232595164407830900E-032, -9.585933842097445100E-017 ) ) ;
#9072 = VECTOR ( 'NONE', #9071, 1000.000000000000000 ) ;
#9073 = CARTESIAN_POINT ( 'NONE',  ( -6.850000000000000500, 0.2000000000000011800, 9.499999999999998200 ) ) ;
#9074 = PLANE ( 'NONE',  #9034 ) ;
#9075 = FACE_OUTER_BOUND ( 'NONE', #5135, .T. ) ;
#9076 = DIRECTION ( 'NONE',  ( 0.0000000000000000000, -1.000000000000000000, 0.0000000000000000000 ) ) ;
#9077 = VECTOR ( 'NONE', #9076, 1000.000000000000000 ) ;
#9078 = CARTESIAN_POINT ( 'NONE',  ( -6.150000000000001200, 0.8587033144922906500, 8.299999999999995400 ) ) ;
#9079 = LINE ( 'NONE', #9078, #9077 ) ;
#9080 = CARTESIAN_POINT ( 'NONE',  ( 5.799999999999821300, -1.050000000000002300, 12.99999999999998600 ) ) ;
#9081 = DIRECTION ( 'NONE',  ( 6.123031769111885100E-017, -1.000000000000000000, -9.585933842097446300E-017 ) ) ;
#9082 = DIRECTION ( 'NONE',  ( 9.585933842097442600E-017, -9.585933842097446300E-017, 1.000000000000000000 ) ) ;
#9083 = AXIS2_PLACEMENT_3D ( 'NONE', #9084, #9082, #9081 ) ;
#9084 = CARTESIAN_POINT ( 'NONE',  ( -2.567244204607599800, 0.1999999999999996500, 13.00000000000000200 ) ) ;
#9085 = PLANE ( 'NONE',  #9083 ) ;
#9086 = FACE_OUTER_BOUND ( 'NONE', #5125, .T. ) ;
#9087 = CARTESIAN_POINT ( 'NONE',  ( 5.649999999999820100, -1.050000000000010900, 12.99999999999999600 ) ) ;
#9088 = DIRECTION ( 'NONE',  ( 1.899065700016707600E-013, 1.000000000000000000, 1.826024711554526500E-015 ) ) ;
#9089 = ADVANCED_FACE ( 'NONE', ( #2502 ), #2463, .F. ) ;
#9090 = VECTOR ( 'NONE', #9088, 1000.000000000000000 ) ;
#9091 = CYLINDRICAL_SURFACE ( 'NONE', #9100, 0.9999999999999991100 ) ;
#9092 = DIRECTION ( 'NONE',  ( 0.0000000000000000000, -1.000000000000000000, -9.585933842097446300E-017 ) ) ;
#9093 = VECTOR ( 'NONE', #9092, 1000.000000000000000 ) ;
#9094 = CARTESIAN_POINT ( 'NONE',  ( 5.650000000000001200, 0.2000000000000005100, 13.00000000000000000 ) ) ;
#9095 = LINE ( 'NONE', #9094, #9093 ) ;
#9096 = DIRECTION ( 'NONE',  ( 0.0000000000000000000, 5.421010862427527100E-017, 1.000000000000000000 ) ) ;
#9097 = ORIENTED_EDGE ( 'NONE', *, *, #8995, .T. ) ;
#9098 = VERTEX_POINT ( 'NONE', #2424 ) ;
#9099 = DIRECTION ( 'NONE',  ( 1.000000000000000000, -1.232595164407831200E-032, -4.982546748554704200E-017 ) ) ;
#9100 = AXIS2_PLACEMENT_3D ( 'NONE', #9101, #9099, #9096 ) ;
#9101 = CARTESIAN_POINT ( 'NONE',  ( -7.502978098234931000, -0.3400000000000000200, 7.499999999999998200 ) ) ;
#9102 = EDGE_CURVE ( 'NONE', #9098, #9049, #2423, .T. ) ;
#9103 = CARTESIAN_POINT ( 'NONE',  ( -6.099999999999997900, 20.04522618641298200, 15.79999999999999500 ) ) ;
#9104 = LINE ( 'NONE', #9103, #9383 ) ;
#9105 = ORIENTED_EDGE ( 'NONE', *, *, #7594, .T. ) ;
#9106 = CARTESIAN_POINT ( 'NONE',  ( 6.349999999999818500, -1.349999999999988300, 12.99999999999998900 ) ) ;
#9107 = CYLINDRICAL_SURFACE ( 'NONE', #8800, 0.2999999999999999300 ) ;
#9108 = FACE_OUTER_BOUND ( 'NONE', #5119, .T. ) ;
#9109 = ADVANCED_FACE ( 'NONE', ( #2428 ), #2489, .T. ) ;
#9110 = EDGE_CURVE ( 'NONE', #7574, #7610, #2478, .T. ) ;
#9111 = EDGE_LOOP ( 'NONE', ( #9120, #9153, #4359, #4388 ) ) ;
#9112 = ADVANCED_FACE ( 'NONE', ( #2492 ), #2533, .F. ) ;
#9113 = ORIENTED_EDGE ( 'NONE', *, *, #7612, .F. ) ;
#9114 = ORIENTED_EDGE ( 'NONE', *, *, #9110, .F. ) ;
#9115 = ORIENTED_EDGE ( 'NONE', *, *, #9039, .T. ) ;
#9116 = VERTEX_POINT ( 'NONE', #2513 ) ;
#9117 = ORIENTED_EDGE ( 'NONE', *, *, #9041, .T. ) ;
#9118 = EDGE_LOOP ( 'NONE', ( #9218, #9138, #9113, #9114 ) ) ;
#9119 = ORIENTED_EDGE ( 'NONE', *, *, #7642, .F. ) ;
#9120 = ORIENTED_EDGE ( 'NONE', *, *, #9181, .T. ) ;
#9121 = VECTOR ( 'NONE', #9169, 1000.000000000000100 ) ;
#9122 = CARTESIAN_POINT ( 'NONE',  ( -1.349999999999999600, -1.649999999999999700, -5.421010862427522200E-015 ) ) ;
#9123 = DIRECTION ( 'NONE',  ( 0.0000000000000000000, -1.000000000000000000, -0.0000000000000000000 ) ) ;
#9124 = VECTOR ( 'NONE', #9123, 1000.000000000000000 ) ;
#9125 = EDGE_LOOP ( 'NONE', ( #9033, #9115, #9128, #9037 ) ) ;
#9126 = ADVANCED_FACE ( 'NONE', ( #2440 ), #2511, .T. ) ;
#9127 = ORIENTED_EDGE ( 'NONE', *, *, #4562, .F. ) ;
#9128 = ORIENTED_EDGE ( 'NONE', *, *, #9035, .F. ) ;
#9129 = ADVANCED_FACE ( 'NONE', ( #2491 ), #2429, .T. ) ;
#9131 = VERTEX_POINT ( 'NONE', #2430 ) ;
#9130 = LINE ( 'NONE', #9230, #9160 ) ;
#9132 = CARTESIAN_POINT ( 'NONE',  ( 4.500000000000000000, 0.2000000000000011800, -5.421010862427522200E-015 ) ) ;
#9133 = PLANE ( 'NONE',  #9145 ) ;
#9134 = FACE_BOUND ( 'NONE', #4594, .T. ) ;
#9135 = FACE_OUTER_BOUND ( 'NONE', #4529, .T. ) ;
#9136 = DIRECTION ( 'NONE',  ( 0.0000000000000000000, -1.000000000000000000, 0.0000000000000000000 ) ) ;
#9137 = VECTOR ( 'NONE', #9136, 1000.000000000000000 ) ;
#9138 = ORIENTED_EDGE ( 'NONE', *, *, #9182, .T. ) ;
#9139 = VERTEX_POINT ( 'NONE', #2509 ) ;
#9140 = ORIENTED_EDGE ( 'NONE', *, *, #9141, .T. ) ;
#9141 = EDGE_CURVE ( 'NONE', #9220, #7602, #2458, .T. ) ;
#9142 = ORIENTED_EDGE ( 'NONE', *, *, #9193, .T. ) ;
#9143 = DIRECTION ( 'NONE',  ( 0.0000000000000000000, 0.0000000000000000000, 1.000000000000000000 ) ) ;
#9144 = DIRECTION ( 'NONE',  ( -1.000000000000000000, 0.0000000000000000000, 0.0000000000000000000 ) ) ;
#9145 = AXIS2_PLACEMENT_3D ( 'NONE', #9132, #9144, #9143 ) ;
#9146 = ADVANCED_FACE ( 'NONE', ( #2527 ), #2427, .T. ) ;
#9147 = ORIENTED_EDGE ( 'NONE', *, *, #9148, .F. ) ;
#9148 = EDGE_CURVE ( 'NONE', #9220, #9221, #2517, .T. ) ;
#9149 = CARTESIAN_POINT ( 'NONE',  ( 4.500000000000000000, 0.2000000000000011800, -0.3000000000000057100 ) ) ;
#9150 = LINE ( 'NONE', #9149, #9137 ) ;
#9151 = EDGE_CURVE ( 'NONE', #9165, #9157, #2470, .T. ) ;
#9152 = DIRECTION ( 'NONE',  ( 0.0000000000000000000, 0.0000000000000000000, 1.000000000000000000 ) ) ;
#9153 = ORIENTED_EDGE ( 'NONE', *, *, #7699, .T. ) ;
#9154 = VERTEX_POINT ( 'NONE', #2473 ) ;
#9155 = ORIENTED_EDGE ( 'NONE', *, *, #9156, .F. ) ;
#9156 = EDGE_CURVE ( 'NONE', #9157, #9154, #2472, .T. ) ;
#9157 = VERTEX_POINT ( 'NONE', #2535 ) ;
#9158 = ORIENTED_EDGE ( 'NONE', *, *, #9159, .T. ) ;
#9159 = EDGE_CURVE ( 'NONE', #9209, #9226, #2437, .T. ) ;
#9160 = VECTOR ( 'NONE', #9233, 1000.000000000000000 ) ;
#9161 = DIRECTION ( 'NONE',  ( -0.0000000000000000000, -1.000000000000000000, -0.0000000000000000000 ) ) ;
#9162 = CARTESIAN_POINT ( 'NONE',  ( 5.700000000000000200, -1.649999999999999700, -5.421010862427522200E-015 ) ) ;
#9163 = VERTEX_POINT ( 'NONE', #2433 ) ;
#9164 = AXIS2_PLACEMENT_3D ( 'NONE', #9162, #9161, #9152 ) ;
#9165 = VERTEX_POINT ( 'NONE', #2432 ) ;
#9166 = CIRCLE ( 'NONE', #9164, 0.5000000000000000000 ) ;
#9167 = ORIENTED_EDGE ( 'NONE', *, *, #9234, .T. ) ;
#9168 = EDGE_CURVE ( 'NONE', #9163, #9179, #2468, .T. ) ;
#9170 = ORIENTED_EDGE ( 'NONE', *, *, #9195, .T. ) ;
#9169 = DIRECTION ( 'NONE',  ( 0.7071067811865454600, 0.0000000000000000000, -0.7071067811865496800 ) ) ;
#9171 = DIRECTION ( 'NONE',  ( 0.0000000000000000000, 1.000000000000000000, 0.0000000000000000000 ) ) ;
#9172 = ORIENTED_EDGE ( 'NONE', *, *, #9175, .T. ) ;
#9173 = VECTOR ( 'NONE', #9171, 1000.000000000000000 ) ;
#9175 = EDGE_CURVE ( 'NONE', #9227, #9177, #2444, .T. ) ;
#9174 = CARTESIAN_POINT ( 'NONE',  ( 4.700000000000000200, -1.649999999999999700, -0.5000000000000054400 ) ) ;
#9176 = LINE ( 'NONE', #9174, #9173 ) ;
#9177 = VERTEX_POINT ( 'NONE', #2506 ) ;
#9178 = LINE ( 'NONE', #9278, #9320 ) ;
#9179 = VERTEX_POINT ( 'NONE', #2505 ) ;
#9180 = ORIENTED_EDGE ( 'NONE', *, *, #9168, .F. ) ;
#9181 = EDGE_CURVE ( 'NONE', #7540, #7557, #2504, .T. ) ;
#9182 = EDGE_CURVE ( 'NONE', #7487, #7613, #2539, .T. ) ;
#9183 = EDGE_LOOP ( 'NONE', ( #9232, #9142, #9191, #9155, #9205 ) ) ;
#9184 = EDGE_CURVE ( 'NONE', #9185, #9186, #2499, .T. ) ;
#9185 = VERTEX_POINT ( 'NONE', #2495 ) ;
#9186 = VERTEX_POINT ( 'NONE', #2494 ) ;
#9187 = CARTESIAN_POINT ( 'NONE',  ( 4.500000000000000000, -1.649999999999999700, -0.3000000000000056500 ) ) ;
#9188 = ORIENTED_EDGE ( 'NONE', *, *, #9206, .F. ) ;
#9189 = ORIENTED_EDGE ( 'NONE', *, *, #9190, .T. ) ;
#9190 = EDGE_CURVE ( 'NONE', #9163, #9131, #2485, .T. ) ;
#9191 = ORIENTED_EDGE ( 'NONE', *, *, #9231, .T. ) ;
#9192 = ORIENTED_EDGE ( 'NONE', *, *, #9182, .F. ) ;
#9193 = EDGE_CURVE ( 'NONE', #9204, #9194, #2481, .T. ) ;
#9194 = VERTEX_POINT ( 'NONE', #2522 ) ;
#9195 = EDGE_CURVE ( 'NONE', #9237, #9186, #2521, .T. ) ;
#9196 = ORIENTED_EDGE ( 'NONE', *, *, #9228, .F. ) ;
#9197 = ORIENTED_EDGE ( 'NONE', *, *, #9198, .T. ) ;
#9198 = EDGE_CURVE ( 'NONE', #9199, #9179, #2452, .T. ) ;
#9199 = VERTEX_POINT ( 'NONE', #2448 ) ;
#9200 = ORIENTED_EDGE ( 'NONE', *, *, #9228, .T. ) ;
#9201 = EDGE_LOOP ( 'NONE', ( #9202, #9188, #9200, #9167, #9235, #9170 ) ) ;
#9202 = ORIENTED_EDGE ( 'NONE', *, *, #9184, .F. ) ;
#9203 = EDGE_LOOP ( 'NONE', ( #9196, #9197, #9180, #9189 ) ) ;
#9204 = VERTEX_POINT ( 'NONE', #2447 ) ;
#9205 = ORIENTED_EDGE ( 'NONE', *, *, #9151, .F. ) ;
#9206 = EDGE_CURVE ( 'NONE', #9199, #9185, #2422, .T. ) ;
#9207 = ORIENTED_EDGE ( 'NONE', *, *, #9208, .F. ) ;
#9208 = EDGE_CURVE ( 'NONE', #9209, #9177, #2418, .T. ) ;
#9209 = VERTEX_POINT ( 'NONE', #2414 ) ;
#9210 = ADVANCED_FACE ( 'NONE', ( #2413 ), #2552, .F. ) ;
#9211 = ORIENTED_EDGE ( 'NONE', *, *, #7620, .F. ) ;
#9212 = EDGE_CURVE ( 'NONE', #9213, #7463, #2553, .T. ) ;
#9213 = VERTEX_POINT ( 'NONE', #2551 ) ;
#9214 = MANIFOLD_SOLID_BREP ( 'NONE', #6756 ) ;
#9215 = ADVANCED_FACE ( 'NONE', ( #2555 ), #2545, .F. ) ;
#9216 = ADVANCED_FACE ( 'NONE', ( #2547 ), #2579, .F. ) ;
#9217 = EDGE_CURVE ( 'NONE', #9165, #9204, #2549, .T. ) ;
#9218 = ORIENTED_EDGE ( 'NONE', *, *, #7576, .T. ) ;
#9219 = EDGE_LOOP ( 'NONE', ( #9147, #9140, #7649, #7600, #7658, #7512, #7553, #7520, #7619, #7617, #7489, #7603, #7616, #7552, #7531, #7592, #7570, #7647, #7587 ) ) ;
#9220 = VERTEX_POINT ( 'NONE', #2575 ) ;
#9221 = VERTEX_POINT ( 'NONE', #2558 ) ;
#9222 = ADVANCED_FACE ( 'NONE', ( #2557 ), #2572, .F. ) ;
#9223 = EDGE_LOOP ( 'NONE', ( #9224, #9172, #9207, #9158 ) ) ;
#9224 = ORIENTED_EDGE ( 'NONE', *, *, #9225, .T. ) ;
#9225 = EDGE_CURVE ( 'NONE', #9226, #9227, #2567, .T. ) ;
#9226 = VERTEX_POINT ( 'NONE', #2560 ) ;
#9227 = VERTEX_POINT ( 'NONE', #2574 ) ;
#9228 = EDGE_CURVE ( 'NONE', #9199, #9131, #2585, .T. ) ;
#9229 = ORIENTED_EDGE ( 'NONE', *, *, #4739, .F. ) ;
#9230 = CARTESIAN_POINT ( 'NONE',  ( 4.500000000000000000, -1.649999999999999700, -0.5000000000000054400 ) ) ;
#9231 = EDGE_CURVE ( 'NONE', #9194, #9154, #2586, .T. ) ;
#9232 = ORIENTED_EDGE ( 'NONE', *, *, #9217, .T. ) ;
#9233 = DIRECTION ( 'NONE',  ( 1.000000000000000000, 0.0000000000000000000, 0.0000000000000000000 ) ) ;
#9234 = EDGE_CURVE ( 'NONE', #9131, #9139, #2612, .T. ) ;
#9235 = ORIENTED_EDGE ( 'NONE', *, *, #9236, .T. ) ;
#9236 = EDGE_CURVE ( 'NONE', #9139, #9237, #2636, .T. ) ;
#9237 = VERTEX_POINT ( 'NONE', #2589 ) ;
#9238 = ADVANCED_FACE ( 'NONE', ( #2588 ), #2630, .T. ) ;
#9239 = CARTESIAN_POINT ( 'NONE',  ( 6.200000000000001100, -0.7200000000000002000, 1.659999999999998400 ) ) ;
#9240 = DIRECTION ( 'NONE',  ( 0.0000000000000000000, -0.0000000000000000000, 1.000000000000000000 ) ) ;
#9241 = AXIS2_PLACEMENT_3D ( 'NONE', #9263, #9262, #9261 ) ;
#9242 = CYLINDRICAL_SURFACE ( 'NONE', #9241, 0.5000000000000000000 ) ;
#9243 = FACE_OUTER_BOUND ( 'NONE', #4572, .T. ) ;
#9244 = DIRECTION ( 'NONE',  ( 0.0000000000000000000, -1.000000000000000000, 0.0000000000000000000 ) ) ;
#9245 = VECTOR ( 'NONE', #9244, 1000.000000000000000 ) ;
#9246 = VECTOR ( 'NONE', #9253, 1000.000000000000000 ) ;
#9247 = CARTESIAN_POINT ( 'NONE',  ( 4.500000000000000000, -1.299999999999999800, 18.99999999999999600 ) ) ;
#9248 = LINE ( 'NONE', #9247, #9246 ) ;
#9249 = CARTESIAN_POINT ( 'NONE',  ( 2.400000000000000400, 0.2000000000000094200, 1.149999999999994600 ) ) ;
#9250 = AXIS2_PLACEMENT_3D ( 'NONE', #9249, #9285, #9284 ) ;
#9251 = FACE_OUTER_BOUND ( 'NONE', #4558, .T. ) ;
#9252 = CARTESIAN_POINT ( 'NONE',  ( -3.149999999999999500, 0.2000000000000003200, 0.8499999999999955400 ) ) ;
#9253 = DIRECTION ( 'NONE',  ( 0.0000000000000000000, 0.0000000000000000000, -1.000000000000000000 ) ) ;
#9254 = DIRECTION ( 'NONE',  ( 0.0000000000000000000, 0.0000000000000000000, 1.000000000000000000 ) ) ;
#9255 = CARTESIAN_POINT ( 'NONE',  ( 4.500000000000000000, -1.649999999999999700, -0.5000000000000054400 ) ) ;
#9256 = PLANE ( 'NONE',  #9268 ) ;
#9257 = FACE_OUTER_BOUND ( 'NONE', #4602, .T. ) ;
#9258 = DIRECTION ( 'NONE',  ( 0.0000000000000000000, 0.0000000000000000000, -1.000000000000000000 ) ) ;
#9259 = VECTOR ( 'NONE', #9258, 1000.000000000000000 ) ;
#9260 = CARTESIAN_POINT ( 'NONE',  ( 4.500000000000000000, -1.449999999999999700, 18.99999999999999600 ) ) ;
#9261 = DIRECTION ( 'NONE',  ( 0.0000000000000000000, 0.0000000000000000000, -1.000000000000000000 ) ) ;
#9262 = DIRECTION ( 'NONE',  ( 0.0000000000000000000, -1.000000000000000000, 0.0000000000000000000 ) ) ;
#9263 = CARTESIAN_POINT ( 'NONE',  ( 5.700000000000000200, 20.04522618641298200, -5.421010862427522200E-015 ) ) ;
#9264 = CARTESIAN_POINT ( 'NONE',  ( -5.250000000000000900, -0.8999999999999998000, -0.3000000000000057600 ) ) ;
#9265 = CARTESIAN_POINT ( 'NONE',  ( -5.250000000000000900, -0.8999999999999998000, 1.149999999999995200 ) ) ;
#9266 = DIRECTION ( 'NONE',  ( -1.000000000000000000, 0.0000000000000000000, -0.0000000000000000000 ) ) ;
#9267 = DIRECTION ( 'NONE',  ( 0.0000000000000000000, 0.0000000000000000000, -1.000000000000000000 ) ) ;
#9268 = AXIS2_PLACEMENT_3D ( 'NONE', #9255, #9267, #9266 ) ;
#9269 = CARTESIAN_POINT ( 'NONE',  ( 4.700000000000000200, -1.649999999999999700, -0.5000000000000054400 ) ) ;
#9270 = VECTOR ( 'NONE', #9254, 1000.000000000000000 ) ;
#9271 = CARTESIAN_POINT ( 'NONE',  ( 2.699999999999999300, 0.2000000000000003200, 1.149999999999994600 ) ) ;
#9272 = DIRECTION ( 'NONE',  ( 0.7071067811865490200, 0.0000000000000000000, -0.7071067811865460200 ) ) ;
#9273 = CARTESIAN_POINT ( 'NONE',  ( 2.399999999999999900, -1.649999999999999700, 0.8499999999999919800 ) ) ;
#9274 = PLANE ( 'NONE',  #9250 ) ;
#9275 = CARTESIAN_POINT ( 'NONE',  ( 6.199999999999994000, -0.7200000000000002000, 2.279999999999998500 ) ) ;
#9276 = AXIS2_PLACEMENT_3D ( 'NONE', #9275, #9305, #9304 ) ;
#9277 = LINE ( 'NONE', #9307, #9319 ) ;
#9278 = CARTESIAN_POINT ( 'NONE',  ( -1.349999999999999600, 0.2000000000000003200, -0.1000000000000054200 ) ) ;
#9279 = CARTESIAN_POINT ( 'NONE',  ( 5.700000000000000200, -1.649999999999999700, -0.5000000000000054400 ) ) ;
#9280 = LINE ( 'NONE', #9279, #9124 ) ;
#9281 = CARTESIAN_POINT ( 'NONE',  ( 5.700000000000000200, -1.649999999999999700, -0.5000000000000054400 ) ) ;
#9282 = DIRECTION ( 'NONE',  ( -0.0000000000000000000, -0.0000000000000000000, -1.000000000000000000 ) ) ;
#9283 = LINE ( 'NONE', #9289, #9288 ) ;
#9284 = DIRECTION ( 'NONE',  ( -1.000000000000000000, 0.0000000000000000000, -0.0000000000000000000 ) ) ;
#9285 = DIRECTION ( 'NONE',  ( 0.0000000000000000000, 0.0000000000000000000, -1.000000000000000000 ) ) ;
#9286 = CARTESIAN_POINT ( 'NONE',  ( 4.500000000000000000, -1.299999999999999800, 0.1499999999999956400 ) ) ;
#9287 = DIRECTION ( 'NONE',  ( 0.0000000000000000000, -1.000000000000000000, 0.0000000000000000000 ) ) ;
#9288 = VECTOR ( 'NONE', #9287, 1000.000000000000000 ) ;
#9289 = CARTESIAN_POINT ( 'NONE',  ( 4.500000000000000000, 65.90119046564578300, 0.1499999999999956400 ) ) ;
#9290 = VECTOR ( 'NONE', #9282, 1000.000000000000000 ) ;
#9291 = CARTESIAN_POINT ( 'NONE',  ( 4.500000000000000000, -1.649999999999999700, -5.421010862427522200E-015 ) ) ;
#9292 = LINE ( 'NONE', #9291, #9290 ) ;
#9293 = CARTESIAN_POINT ( 'NONE',  ( 4.500000000000000900, -0.8999999999999998000, -0.3000000000000057600 ) ) ;
#9294 = CARTESIAN_POINT ( 'NONE',  ( 5.900000000000000400, 0.2000000000000011800, 6.199999999999994800 ) ) ;
#9295 = LINE ( 'NONE', #9294, #9245 ) ;
#9296 = AXIS2_PLACEMENT_3D ( 'NONE', #9298, #9297, #9272 ) ;
#9297 = DIRECTION ( 'NONE',  ( 0.7071067811865460200, 0.0000000000000000000, 0.7071067811865490200 ) ) ;
#9298 = CARTESIAN_POINT ( 'NONE',  ( 6.100000000000000500, 0.2000000000000011800, 5.999999999999994700 ) ) ;
#9299 = CIRCLE ( 'NONE', #9276, 0.6199999999999998800 ) ;
#9300 = LINE ( 'NONE', #9260, #9259 ) ;
#9301 = CARTESIAN_POINT ( 'NONE',  ( 4.500000000000000000, -1.449999999999999700, 0.1499999999999956400 ) ) ;
#9302 = CARTESIAN_POINT ( 'NONE',  ( 6.200000000000001100, 0.2000000000000003200, 0.2675918792439885800 ) ) ;
#9303 = LINE ( 'NONE', #9302, #9270 ) ;
#9304 = DIRECTION ( 'NONE',  ( 0.0000000000000000000, 0.0000000000000000000, -1.000000000000000000 ) ) ;
#9305 = DIRECTION ( 'NONE',  ( -1.000000000000000000, -0.0000000000000000000, 4.982546748554703600E-017 ) ) ;
#9306 = DIRECTION ( 'NONE',  ( -1.000000000000000000, 0.0000000000000000000, 0.0000000000000000000 ) ) ;
#9307 = CARTESIAN_POINT ( 'NONE',  ( -5.250000000000000000, -0.8999999999999991300, -0.5000000000000054400 ) ) ;
#9308 = AXIS2_PLACEMENT_3D ( 'NONE', #9317, #9316, #9240 ) ;
#9309 = PLANE ( 'NONE',  #9308 ) ;
#9310 = PLANE ( 'NONE',  #9296 ) ;
#9311 = FACE_OUTER_BOUND ( 'NONE', #4547, .T. ) ;
#9312 = DIRECTION ( 'NONE',  ( -0.7071067811865489100, -0.0000000000000000000, 0.7071067811865461300 ) ) ;
#9313 = VECTOR ( 'NONE', #9312, 1000.000000000000100 ) ;
#9314 = CARTESIAN_POINT ( 'NONE',  ( 2.099999999999991200, -0.8999999999999998000, 2.099999999999994300 ) ) ;
#9315 = LINE ( 'NONE', #9314, #9313 ) ;
#9316 = DIRECTION ( 'NONE',  ( 0.0000000000000000000, 1.000000000000000000, 0.0000000000000000000 ) ) ;
#9317 = CARTESIAN_POINT ( 'NONE',  ( 2.541466207270222600E-016, -0.8999999999999998000, -5.421010862427522200E-015 ) ) ;
#9318 = FACE_OUTER_BOUND ( 'NONE', #4482, .T. ) ;
#9319 = VECTOR ( 'NONE', #9306, 1000.000000000000000 ) ;
#9320 = VECTOR ( 'NONE', #9322, 1000.000000000000000 ) ;
#9321 = LINE ( 'NONE', #9122, #9121 ) ;
#9322 = DIRECTION ( 'NONE',  ( 0.0000000000000000000, 0.0000000000000000000, 1.000000000000000000 ) ) ;
#9323 = CARTESIAN_POINT ( 'NONE',  ( -1.549999999999998500, -1.649999999999999700, 0.1999999999999945200 ) ) ;
#9324 = CARTESIAN_POINT ( 'NONE',  ( 6.200000000000001100, -1.649999999999999700, -5.421010862427522200E-015 ) ) ;
#9325 = CARTESIAN_POINT ( 'NONE',  ( -1.549999999999998500, 0.2000000000000003200, 0.1999999999999945700 ) ) ;
#9326 = DIRECTION ( 'NONE',  ( 0.0000000000000000000, -1.000000000000000000, 0.0000000000000000000 ) ) ;
#9327 = VECTOR ( 'NONE', #9326, 1000.000000000000000 ) ;
#9328 = CARTESIAN_POINT ( 'NONE',  ( -1.549999999999998500, -1.449999999999999700, 0.1999999999999946000 ) ) ;
#9329 = AXIS2_PLACEMENT_3D ( 'NONE', #9338, #9337, #9336 ) ;
#9330 = FACE_OUTER_BOUND ( 'NONE', #4612, .T. ) ;
#9331 = DIRECTION ( 'NONE',  ( 0.0000000000000000000, 1.000000000000000000, 0.0000000000000000000 ) ) ;
#9332 = VECTOR ( 'NONE', #9331, 1000.000000000000000 ) ;
#9333 = CARTESIAN_POINT ( 'NONE',  ( 6.200000000000001100, -0.7013878188659946600, -5.421010862427522200E-015 ) ) ;
#9334 = LINE ( 'NONE', #9333, #9332 ) ;
#9335 = PLANE ( 'NONE',  #9329 ) ;
#9336 = DIRECTION ( 'NONE',  ( -0.7071067811865489100, 0.0000000000000000000, 0.7071067811865462400 ) ) ;
#9337 = DIRECTION ( 'NONE',  ( -0.7071067811865462400, 0.0000000000000000000, -0.7071067811865489100 ) ) ;
#9338 = CARTESIAN_POINT ( 'NONE',  ( -1.349999999999999600, -0.09999999999999961700, -0.3000000000000054300 ) ) ;
#9339 = CARTESIAN_POINT ( 'NONE',  ( -1.149999999999998800, -1.649999999999999500, -0.5000000000000054400 ) ) ;
#9340 = DIRECTION ( 'NONE',  ( 0.7071067811865483500, -0.0000000000000000000, 0.7071067811865468000 ) ) ;
#9341 = VECTOR ( 'NONE', #9340, 1000.000000000000000 ) ;
#9342 = CARTESIAN_POINT ( 'NONE',  ( 0.6000000000000003100, -1.649999999999999700, -0.3000000000000054300 ) ) ;
#9343 = LINE ( 'NONE', #9342, #9341 ) ;
#9344 = LINE ( 'NONE', #9328, #9327 ) ;
#9345 = DIRECTION ( 'NONE',  ( 0.0000000000000000000, -1.000000000000000000, 0.0000000000000000000 ) ) ;
#9346 = VECTOR ( 'NONE', #9345, 1000.000000000000000 ) ;
#9347 = CARTESIAN_POINT ( 'NONE',  ( -1.349999999999999600, -0.09999999999999961700, -5.421010862427522200E-015 ) ) ;
#9348 = LINE ( 'NONE', #9347, #9346 ) ;
#9349 = CARTESIAN_POINT ( 'NONE',  ( -1.349999999999999600, 0.2000000000000003200, -5.421010862427522200E-015 ) ) ;
#9350 = DIRECTION ( 'NONE',  ( -0.7071067811865505700, 0.0000000000000000000, 0.7071067811865444600 ) ) ;
#9351 = DIRECTION ( 'NONE',  ( -0.7071067811865444600, 0.0000000000000000000, -0.7071067811865505700 ) ) ;
#9352 = AXIS2_PLACEMENT_3D ( 'NONE', #9420, #9351, #9350 ) ;
#9353 = CARTESIAN_POINT ( 'NONE',  ( -1.349999999999999600, -1.649999999999999700, -0.3000000000000054300 ) ) ;
#9354 = DIRECTION ( 'NONE',  ( 1.505836350674312000E-017, 0.0000000000000000000, -1.000000000000000000 ) ) ;
#9355 = CARTESIAN_POINT ( 'NONE',  ( -3.149999999999999500, 0.2000000000000011800, 0.1999999999999945700 ) ) ;
#9356 = FACE_OUTER_BOUND ( 'NONE', #4740, .T. ) ;
#9357 = AXIS2_PLACEMENT_3D ( 'NONE', #9390, #9371, #9370 ) ;
#9358 = DIRECTION ( 'NONE',  ( -1.000000000000000000, 0.0000000000000000000, -1.505836350674312000E-017 ) ) ;
#9359 = FACE_BOUND ( 'NONE', #4626, .T. ) ;
#9360 = DIRECTION ( 'NONE',  ( 0.0000000000000000000, 0.0000000000000000000, -1.000000000000000000 ) ) ;
#9361 = VECTOR ( 'NONE', #9360, 1000.000000000000000 ) ;
#9362 = CARTESIAN_POINT ( 'NONE',  ( -3.149999999999999500, -1.649999999999999700, 0.1999999999999945700 ) ) ;
#9363 = LINE ( 'NONE', #9362, #9361 ) ;
#9364 = DIRECTION ( 'NONE',  ( -1.000000000000000000, 0.0000000000000000000, 1.032573497605242300E-016 ) ) ;
#9365 = DIRECTION ( 'NONE',  ( -1.032573497605242300E-016, 0.0000000000000000000, -1.000000000000000000 ) ) ;
#9366 = CARTESIAN_POINT ( 'NONE',  ( 0.7999999999999990500, 0.2000000000000003200, 0.1999999999999946000 ) ) ;
#9367 = DIRECTION ( 'NONE',  ( -1.000000000000000000, -0.0000000000000000000, 1.694065894508600100E-017 ) ) ;
#9368 = VECTOR ( 'NONE', #9367, 1000.000000000000000 ) ;
#9369 = PLANE ( 'NONE',  #9380 ) ;
#9370 = DIRECTION ( 'NONE',  ( 0.0000000000000000000, 0.0000000000000000000, 1.000000000000000000 ) ) ;
#9371 = DIRECTION ( 'NONE',  ( -1.000000000000000000, 0.0000000000000000000, 0.0000000000000000000 ) ) ;
#9372 = CARTESIAN_POINT ( 'NONE',  ( 0.6000000000000002000, 0.2000000000000003200, -5.421010862427522200E-015 ) ) ;
#9373 = DIRECTION ( 'NONE',  ( -6.994852725712932700E-017, 1.000000000000000000, 0.0000000000000000000 ) ) ;
#9374 = VECTOR ( 'NONE', #9373, 1000.000000000000000 ) ;
#9375 = CARTESIAN_POINT ( 'NONE',  ( 0.6000000000000003100, -1.649999999999999500, -5.421010862427522200E-015 ) ) ;
#9376 = LINE ( 'NONE', #9375, #9374 ) ;
#9377 = DIRECTION ( 'NONE',  ( -0.7071067811865483500, 0.0000000000000000000, -0.7071067811865468000 ) ) ;
#9378 = DIRECTION ( 'NONE',  ( 0.7071067811865468000, 4.946107795752814300E-017, -0.7071067811865483500 ) ) ;
#9379 = CARTESIAN_POINT ( 'NONE',  ( 0.6000000000000003100, -1.649999999999999500, -0.3000000000000054300 ) ) ;
#9380 = AXIS2_PLACEMENT_3D ( 'NONE', #9379, #9378, #9377 ) ;
#9381 = FACE_OUTER_BOUND ( 'NONE', #4821, .T. ) ;
#9382 = DIRECTION ( 'NONE',  ( 0.0000000000000000000, -1.000000000000000000, 0.0000000000000000000 ) ) ;
#9383 = VECTOR ( 'NONE', #9382, 1000.000000000000000 ) ;
#9384 = PLANE ( 'NONE',  #9417 ) ;
#9385 = CARTESIAN_POINT ( 'NONE',  ( 0.6000000000000003100, -1.649999999999999500, -5.854691731421723900E-015 ) ) ;
#9386 = PLANE ( 'NONE',  #9387 ) ;
#9387 = AXIS2_PLACEMENT_3D ( 'NONE', #9385, #9389, #9388 ) ;
#9388 = DIRECTION ( 'NONE',  ( -0.7071067811865445800, 0.0000000000000000000, -0.7071067811865504600 ) ) ;
#9389 = DIRECTION ( 'NONE',  ( 0.7071067811865504600, 4.946107795752841400E-017, -0.7071067811865445800 ) ) ;
#9390 = CARTESIAN_POINT ( 'NONE',  ( -1.349999999999999600, -0.09999999999999961700, -0.5000000000000054400 ) ) ;
#9391 = PLANE ( 'NONE',  #9357 ) ;
#9392 = FACE_OUTER_BOUND ( 'NONE', #4669, .T. ) ;
#9393 = CARTESIAN_POINT ( 'NONE',  ( -1.349999999999999600, -1.649999999999999700, -5.421010862427522200E-015 ) ) ;
#9394 = FACE_OUTER_BOUND ( 'NONE', #4705, .T. ) ;
#9395 = CARTESIAN_POINT ( 'NONE',  ( 1.000000000000000200, -1.449999999999999700, 0.1999999999999953200 ) ) ;
#9396 = DIRECTION ( 'NONE',  ( 0.0000000000000000000, -1.000000000000000000, 0.0000000000000000000 ) ) ;
#9397 = VECTOR ( 'NONE', #9396, 1000.000000000000000 ) ;
#9398 = CARTESIAN_POINT ( 'NONE',  ( 1.000000000000000200, -1.299999999999999800, 0.1999999999999953200 ) ) ;
#9399 = LINE ( 'NONE', #9398, #9397 ) ;
#9400 = AXIS2_PLACEMENT_3D ( 'NONE', #9402, #9365, #9364 ) ;
#9401 = CARTESIAN_POINT ( 'NONE',  ( -5.250000000000000000, -1.649999999999999700, 1.149999999999995200 ) ) ;
#9402 = CARTESIAN_POINT ( 'NONE',  ( -3.149999999999999500, 0.2000000000000094200, 1.149999999999994600 ) ) ;
#9403 = PLANE ( 'NONE',  #9400 ) ;
#9404 = DIRECTION ( 'NONE',  ( -0.7071067811865506800, 0.0000000000000000000, 0.7071067811865443500 ) ) ;
#9405 = DIRECTION ( 'NONE',  ( -0.7071067811865443500, 0.0000000000000000000, -0.7071067811865506800 ) ) ;
#9406 = AXIS2_PLACEMENT_3D ( 'NONE', #9408, #9405, #9404 ) ;
#9407 = FACE_OUTER_BOUND ( 'NONE', #4651, .T. ) ;
#9408 = CARTESIAN_POINT ( 'NONE',  ( -3.450000000000001100, 0.2000000000000094200, 1.149999999999994600 ) ) ;
#9409 = PLANE ( 'NONE',  #9406 ) ;
#9410 = DIRECTION ( 'NONE',  ( -0.7071067811865440200, 0.0000000000000000000, -0.7071067811865511300 ) ) ;
#9411 = FACE_OUTER_BOUND ( 'NONE', #4873, .T. ) ;
#9412 = DIRECTION ( 'NONE',  ( 0.7071067811865511300, 0.0000000000000000000, -0.7071067811865440200 ) ) ;
#9413 = CARTESIAN_POINT ( 'NONE',  ( 2.399999999999999900, 0.2000000000000011800, 0.8499999999999919800 ) ) ;
#9414 = AXIS2_PLACEMENT_3D ( 'NONE', #9413, #9412, #9410 ) ;
#9415 = FACE_OUTER_BOUND ( 'NONE', #4643, .T. ) ;
#9416 = PLANE ( 'NONE',  #9414 ) ;
#9417 = AXIS2_PLACEMENT_3D ( 'NONE', #9355, #9354, #9358 ) ;
#9418 = CARTESIAN_POINT ( 'NONE',  ( 0.7999999999999990500, 0.2000000000000003200, 0.1999999999999946000 ) ) ;
#9419 = LINE ( 'NONE', #9418, #9368 ) ;
#9420 = CARTESIAN_POINT ( 'NONE',  ( -1.549999999999998500, 0.2000000000000011800, 0.1999999999999946000 ) ) ;
#9421 = PLANE ( 'NONE',  #9352 ) ;
#9422 = FACE_OUTER_BOUND ( 'NONE', #4620, .T. ) ;
#9423 = CARTESIAN_POINT ( 'NONE',  ( 2.399999999999999900, 0.2000000000000003200, 0.1999999999999945700 ) ) ;
#9424 = DIRECTION ( 'NONE',  ( 0.0000000000000000000, 0.0000000000000000000, -1.000000000000000000 ) ) ;
#9425 = VECTOR ( 'NONE', #9424, 1000.000000000000000 ) ;
#9426 = CARTESIAN_POINT ( 'NONE',  ( 2.399999999999999900, 0.2000000000000003200, 0.8499999999999919800 ) ) ;
#9427 = LINE ( 'NONE', #9426, #9425 ) ;
#9428 = DIRECTION ( 'NONE',  ( -0.7071067811865505700, 0.0000000000000000000, 0.7071067811865444600 ) ) ;
#9429 = VECTOR ( 'NONE', #9428, 1000.000000000000000 ) ;
#9430 = CARTESIAN_POINT ( 'NONE',  ( -3.149999999999999500, 0.2000000000000003200, 0.8499999999999955400 ) ) ;
#9431 = LINE ( 'NONE', #9430, #9429 ) ;
#9432 = LINE ( 'NONE', #9547, #9546 ) ;
#9433 = DIRECTION ( 'NONE',  ( 0.0000000000000000000, 0.0000000000000000000, 1.000000000000000000 ) ) ;
#9434 = DIRECTION ( 'NONE',  ( -3.157908811212862900E-029, -1.000000000000000000, 2.466266120677565300E-015 ) ) ;
#9435 = AXIS2_PLACEMENT_3D ( 'NONE', #9498, #9434, #9496 ) ;
#9436 = CARTESIAN_POINT ( 'NONE',  ( 6.199999999999994000, -0.5199999999999999100, 3.679999999999999700 ) ) ;
#9437 = DIRECTION ( 'NONE',  ( 0.0000000000000000000, -1.000000000000000000, 0.0000000000000000000 ) ) ;
#9438 = VECTOR ( 'NONE', #9437, 1000.000000000000000 ) ;
#9439 = CARTESIAN_POINT ( 'NONE',  ( -6.000000000000000000, -1.649999999999999700, 15.79999999999999500 ) ) ;
#9440 = CARTESIAN_POINT ( 'NONE',  ( -5.250000000000000000, 0.2000000000000094200, 1.149999999999994800 ) ) ;
#9441 = CARTESIAN_POINT ( 'NONE',  ( -5.800000000000000700, -1.649999999999999700, 15.59999999999999600 ) ) ;
#9442 = DIRECTION ( 'NONE',  ( -3.157908811212862900E-029, -1.000000000000000000, 2.466266120677565300E-015 ) ) ;
#9443 = VECTOR ( 'NONE', #9442, 1000.000000000000000 ) ;
#9444 = CARTESIAN_POINT ( 'NONE',  ( -6.999999999999993800, -0.9200000000000000400, 3.479999999999999500 ) ) ;
#9445 = PLANE ( 'NONE',  #9558 ) ;
#9446 = FACE_OUTER_BOUND ( 'NONE', #4693, .T. ) ;
#9447 = DIRECTION ( 'NONE',  ( 0.7071067811865505700, 0.0000000000000000000, -0.7071067811865444600 ) ) ;
#9448 = VECTOR ( 'NONE', #9447, 1000.000000000000000 ) ;
#9449 = CARTESIAN_POINT ( 'NONE',  ( -3.149999999999999500, -1.649999999999999700, 0.8499999999999955400 ) ) ;
#9450 = LINE ( 'NONE', #9449, #9448 ) ;
#9451 = CARTESIAN_POINT ( 'NONE',  ( 6.849999999999822900, -1.199999999999989500, 12.50000000000000000 ) ) ;
#9452 = CARTESIAN_POINT ( 'NONE',  ( 6.349999999999829100, -1.349999999999992800, 11.69999999999999000 ) ) ;
#9453 = AXIS2_PLACEMENT_3D ( 'NONE', #9452, #9540, #9539 ) ;
#9454 = CIRCLE ( 'NONE', #9453, 0.5000000000000004400 ) ;
#9455 = CARTESIAN_POINT ( 'NONE',  ( -6.950000000000000200, -1.649999999999999700, 2.959999999999995500 ) ) ;
#9456 = CARTESIAN_POINT ( 'NONE',  ( 5.649999999999818300, -1.349999999999988300, 12.99999999999998400 ) ) ;
#9457 = CARTESIAN_POINT ( 'NONE',  ( -6.950000000000000200, -1.649999999999999700, -5.421010862427522200E-015 ) ) ;
#9458 = DIRECTION ( 'NONE',  ( 0.0000000000000000000, 0.0000000000000000000, 1.000000000000000000 ) ) ;
#9459 = DIRECTION ( 'NONE',  ( -0.0000000000000000000, -1.000000000000000000, -0.0000000000000000000 ) ) ;
#9460 = DIRECTION ( 'NONE',  ( -3.157908811212862900E-029, -1.000000000000000000, 2.466266120677565300E-015 ) ) ;
#9461 = VECTOR ( 'NONE', #9460, 1000.000000000000000 ) ;
#9462 = CARTESIAN_POINT ( 'NONE',  ( 6.849999999999821100, 2.874922359499629800, 12.49999999999998200 ) ) ;
#9463 = AXIS2_PLACEMENT_3D ( 'NONE', #9554, #9464, #9595 ) ;
#9464 = DIRECTION ( 'NONE',  ( 4.818676322157807800E-015, 3.373073425510465600E-015, -1.000000000000000000 ) ) ;
#9465 = FACE_OUTER_BOUND ( 'NONE', #4679, .T. ) ;
#9466 = CARTESIAN_POINT ( 'NONE',  ( 0.3999999999999996900, -1.649999999999999500, -0.5000000000000055500 ) ) ;
#9467 = DIRECTION ( 'NONE',  ( -6.994852725712932700E-017, 1.000000000000000000, 0.0000000000000000000 ) ) ;
#9468 = DIRECTION ( 'NONE',  ( 0.0000000000000000000, 1.000000000000000000, 0.0000000000000000000 ) ) ;
#9469 = DIRECTION ( 'NONE',  ( 8.673617379884027600E-015, -2.602085213965208300E-015, -1.000000000000000000 ) ) ;
#9470 = VECTOR ( 'NONE', #9468, 1000.000000000000000 ) ;
#9471 = AXIS2_PLACEMENT_3D ( 'NONE', #9555, #9592, #9469 ) ;
#9472 = CARTESIAN_POINT ( 'NONE',  ( -6.849999999999997900, -31.82741950266988700, 5.780000000000003800 ) ) ;
#9473 = CARTESIAN_POINT ( 'NONE',  ( 6.849999999999831800, 2.874922359499628000, 11.19999999999998300 ) ) ;
#9474 = LINE ( 'NONE', #9472, #9470 ) ;
#9475 = FACE_OUTER_BOUND ( 'NONE', #5247, .T. ) ;
#9476 = CARTESIAN_POINT ( 'NONE',  ( 2.699999999999999300, -1.649999999999999700, 1.149999999999994600 ) ) ;
#9477 = DIRECTION ( 'NONE',  ( 1.000000000000000000, -0.0000000000000000000, 0.0000000000000000000 ) ) ;
#9478 = VECTOR ( 'NONE', #9477, 1000.000000000000000 ) ;
#9479 = CARTESIAN_POINT ( 'NONE',  ( 6.849999999999827300, -1.349999999999992800, 11.69999999999999400 ) ) ;
#9480 = CARTESIAN_POINT ( 'NONE',  ( 4.849999999999997900, -1.649999999999999700, 1.149999999999994600 ) ) ;
#9481 = LINE ( 'NONE', #9480, #9478 ) ;
#9482 = DIRECTION ( 'NONE',  ( 1.000000000000000000, -1.179593572338294200E-029, 8.017293097285274000E-015 ) ) ;
#9483 = VECTOR ( 'NONE', #9433, 1000.000000000000000 ) ;
#9484 = VECTOR ( 'NONE', #9482, 1000.000000000000000 ) ;
#9485 = CARTESIAN_POINT ( 'NONE',  ( -1.349999999999999600, -1.649999999999999500, -0.5000000000000054400 ) ) ;
#9486 = CARTESIAN_POINT ( 'NONE',  ( 5.649999999999833400, -1.149999999999993000, 11.19999999999998500 ) ) ;
#9487 = LINE ( 'NONE', #9486, #9484 ) ;
#9488 = CYLINDRICAL_SURFACE ( 'NONE', #9612, 0.1500000000000008300 ) ;
#9489 = FACE_OUTER_BOUND ( 'NONE', #4713, .T. ) ;
#9490 = CARTESIAN_POINT ( 'NONE',  ( 5.849999999999999600, -0.7499999999999988900, 10.80000000000000100 ) ) ;
#9491 = DIRECTION ( 'NONE',  ( 0.7071067811865440200, -0.0000000000000000000, 0.7071067811865511300 ) ) ;
#9492 = VECTOR ( 'NONE', #9491, 1000.000000000000000 ) ;
#9493 = CARTESIAN_POINT ( 'NONE',  ( 2.699999999999999300, -1.649999999999999700, 1.149999999999994600 ) ) ;
#9494 = CIRCLE ( 'NONE', #9435, 0.5000000000000004400 ) ;
#9495 = LINE ( 'NONE', #9493, #9492 ) ;
#9496 = DIRECTION ( 'NONE',  ( 8.673617379884027600E-015, -2.602085213965208300E-015, -1.000000000000000000 ) ) ;
#9497 = CARTESIAN_POINT ( 'NONE',  ( 5.800000000000001600, -0.09999999999999853500, 12.99999999999998800 ) ) ;
#9498 = CARTESIAN_POINT ( 'NONE',  ( 6.349999999999821100, -1.349999999999989200, 12.49999999999998900 ) ) ;
#9499 = LINE ( 'NONE', #9588, #9587 ) ;
#9500 = CARTESIAN_POINT ( 'NONE',  ( 2.399999999999999900, 0.2000000000000003200, 0.8499999999999919800 ) ) ;
#9501 = DIRECTION ( 'NONE',  ( 0.0000000000000000000, -1.000000000000000000, 0.0000000000000000000 ) ) ;
#9502 = VECTOR ( 'NONE', #9501, 1000.000000000000000 ) ;
#9503 = CARTESIAN_POINT ( 'NONE',  ( 2.399999999999999900, 0.2000000000000011800, 0.1999999999999945700 ) ) ;
#9504 = LINE ( 'NONE', #9503, #9502 ) ;
#9505 = DIRECTION ( 'NONE',  ( 0.0000000000000000000, -1.000000000000000000, 0.0000000000000000000 ) ) ;
#9506 = VECTOR ( 'NONE', #9505, 1000.000000000000000 ) ;
#9507 = DIRECTION ( 'NONE',  ( -1.000000000000000000, 0.0000000000000000000, 0.0000000000000000000 ) ) ;
#9508 = VECTOR ( 'NONE', #9507, 1000.000000000000000 ) ;
#9510 = CARTESIAN_POINT ( 'NONE',  ( 4.849999999999997900, 0.2000000000000003200, 1.149999999999994600 ) ) ;
#9509 = DIRECTION ( 'NONE',  ( 1.000000000000000000, -1.179593572338294200E-029, 8.017293097285274000E-015 ) ) ;
#9512 = LINE ( 'NONE', #9510, #9508 ) ;
#9511 = VECTOR ( 'NONE', #9509, 1000.000000000000000 ) ;
#9513 = DIRECTION ( 'NONE',  ( -0.7071067811865454600, 0.0000000000000000000, 0.7071067811865496800 ) ) ;
#9514 = VECTOR ( 'NONE', #9513, 1000.000000000000100 ) ;
#9515 = CARTESIAN_POINT ( 'NONE',  ( -1.349999999999999600, 0.2000000000000003200, -5.421010862427522200E-015 ) ) ;
#9516 = FACE_OUTER_BOUND ( 'NONE', #4725, .T. ) ;
#9517 = DIRECTION ( 'NONE',  ( -1.000000000000000000, 1.761828530288950200E-015, 0.0000000000000000000 ) ) ;
#9518 = DIRECTION ( 'NONE',  ( 3.188829919075012900E-016, -1.245636687138676800E-016, 1.000000000000000000 ) ) ;
#9519 = CARTESIAN_POINT ( 'NONE',  ( -6.849999999999997900, -0.1000000000000000100, 5.780000000000003800 ) ) ;
#9520 = AXIS2_PLACEMENT_3D ( 'NONE', #9519, #9518, #9517 ) ;
#9521 = CIRCLE ( 'NONE', #9520, 0.2999999999999990500 ) ;
#9522 = CARTESIAN_POINT ( 'NONE',  ( 5.649999999999999500, -0.6000000000000015300, 11.05000000000000100 ) ) ;
#9523 = CARTESIAN_POINT ( 'NONE',  ( 5.850000000000000500, -0.7499999999999997800, 11.19999999999999900 ) ) ;
#9524 = DIRECTION ( 'NONE',  ( 1.000000000000000000, -1.232595164407830900E-032, -9.585933842097445100E-017 ) ) ;
#9525 = VECTOR ( 'NONE', #9524, 1000.000000000000000 ) ;
#9526 = LINE ( 'NONE', #9456, #9511 ) ;
#9527 = DIRECTION ( 'NONE',  ( 1.000000000000000000, -1.179593572338293900E-029, 8.017293097285274000E-015 ) ) ;
#9528 = AXIS2_PLACEMENT_3D ( 'NONE', #9473, #9527, #9552 ) ;
#9529 = DIRECTION ( 'NONE',  ( 0.0000000000000000000, -1.000000000000000000, 0.0000000000000000000 ) ) ;
#9530 = VECTOR ( 'NONE', #9529, 1000.000000000000000 ) ;
#9531 = CARTESIAN_POINT ( 'NONE',  ( -6.950000000000000200, -1.649999999999999700, -5.421010862427522200E-015 ) ) ;
#9532 = LINE ( 'NONE', #9531, #9530 ) ;
#9533 = CARTESIAN_POINT ( 'NONE',  ( -2.567244204607601600, -0.6000000000000015300, 11.05000000000000100 ) ) ;
#9534 = LINE ( 'NONE', #9533, #9525 ) ;
#9535 = CARTESIAN_POINT ( 'NONE',  ( 6.099999999999993400, -2.981555974335137200E-016, 5.780000000000000200 ) ) ;
#9536 = CARTESIAN_POINT ( 'NONE',  ( 6.849999999999821100, 2.874922359499629800, 12.49999999999998200 ) ) ;
#9538 = CARTESIAN_POINT ( 'NONE',  ( 6.099999999999993400, 0.1999999999999997100, 5.780000000000000200 ) ) ;
#9537 = LINE ( 'NONE', #9536, #9443 ) ;
#9539 = DIRECTION ( 'NONE',  ( 8.673617379884027600E-015, -2.602085213965208300E-015, -1.000000000000000000 ) ) ;
#9540 = DIRECTION ( 'NONE',  ( -3.157908811212862900E-029, -1.000000000000000000, 2.466266120677565300E-015 ) ) ;
#9541 = DIRECTION ( 'NONE',  ( 1.000000000000000000, -1.232595164407830900E-032, -9.585933842097445100E-017 ) ) ;
#9542 = VECTOR ( 'NONE', #9541, 1000.000000000000000 ) ;
#9543 = CARTESIAN_POINT ( 'NONE',  ( -2.567244204607601600, -0.7500000000000015500, 11.20000000000000100 ) ) ;
#9544 = LINE ( 'NONE', #9543, #9542 ) ;
#9545 = CIRCLE ( 'NONE', #9463, 0.2999999999999999300 ) ;
#9546 = VECTOR ( 'NONE', #9467, 1000.000000000000000 ) ;
#9547 = CARTESIAN_POINT ( 'NONE',  ( 0.6000000000000002000, -0.09999999999999961700, -0.3000000000000054300 ) ) ;
#9548 = CARTESIAN_POINT ( 'NONE',  ( 6.849999999999831800, -1.149999999999993000, 11.19999999999999200 ) ) ;
#9550 = LINE ( 'NONE', #9485, #9483 ) ;
#9549 = LINE ( 'NONE', #9548, #9611 ) ;
#9551 = LINE ( 'NONE', #9597, #9506 ) ;
#9552 = DIRECTION ( 'NONE',  ( 8.017293097285274000E-015, -1.667071023344076700E-015, -1.000000000000000000 ) ) ;
#9553 = CARTESIAN_POINT ( 'NONE',  ( 6.849999999999822900, -1.149999999999989500, 12.50000000000000000 ) ) ;
#9554 = CARTESIAN_POINT ( 'NONE',  ( 5.949999999999828800, -1.049999999999984100, 11.19999999999997800 ) ) ;
#9555 = CARTESIAN_POINT ( 'NONE',  ( 6.349999999999829100, 2.874922359499629800, 11.69999999999998000 ) ) ;
#9556 = CYLINDRICAL_SURFACE ( 'NONE', #9471, 0.5000000000000004400 ) ;
#9557 = DIRECTION ( 'NONE',  ( -1.000000000000000000, 0.0000000000000000000, 0.0000000000000000000 ) ) ;
#9558 = AXIS2_PLACEMENT_3D ( 'NONE', #9444, #9557, #9600 ) ;
#9560 = CARTESIAN_POINT ( 'NONE',  ( 5.649999999999999500, -0.6000000000000015300, 10.95000000000000300 ) ) ;
#9559 = PLANE ( 'NONE',  #9528 ) ;
#9561 = CARTESIAN_POINT ( 'NONE',  ( 5.649999999999999500, -0.7500000000000006700, 10.80000000000000200 ) ) ;
#9562 = DIRECTION ( 'NONE',  ( 0.0000000000000000000, 0.0000000000000000000, 1.000000000000000000 ) ) ;
#9563 = DIRECTION ( 'NONE',  ( -1.000000000000000000, 1.232595164407830900E-032, 9.585933842097445100E-017 ) ) ;
#9564 = CARTESIAN_POINT ( 'NONE',  ( 5.849999999999999600, -0.7499999999999988900, 10.95000000000000100 ) ) ;
#9565 = AXIS2_PLACEMENT_3D ( 'NONE', #9564, #9563, #9562 ) ;
#9566 = CIRCLE ( 'NONE', #9565, 0.1500000000000008300 ) ;
#9567 = DIRECTION ( 'NONE',  ( 1.000000000000000000, -1.232595164407830900E-032, -9.585933842097445100E-017 ) ) ;
#9568 = LINE ( 'NONE', #9515, #9514 ) ;
#9569 = DIRECTION ( 'NONE',  ( 0.7071067811865489100, 0.0000000000000000000, -0.7071067811865462400 ) ) ;
#9570 = VECTOR ( 'NONE', #9569, 1000.000000000000000 ) ;
#9571 = CARTESIAN_POINT ( 'NONE',  ( -1.349999999999999600, -1.649999999999999700, -0.3000000000000054300 ) ) ;
#9572 = LINE ( 'NONE', #9571, #9570 ) ;
#9573 = LINE ( 'NONE', #9462, #9461 ) ;
#9574 = CARTESIAN_POINT ( 'NONE',  ( 6.849999999999827300, -1.149999999999992100, 11.69999999999999400 ) ) ;
#9575 = CARTESIAN_POINT ( 'NONE',  ( -1.749999999999999300, -1.449999999999999700, 0.1999999999999953200 ) ) ;
#9576 = CARTESIAN_POINT ( 'NONE',  ( -6.849999999999997000, 0.1999999999999993400, 8.500000000000003600 ) ) ;
#9577 = DIRECTION ( 'NONE',  ( -2.214681266967341700E-016, 9.585933842097446300E-017, -1.000000000000000000 ) ) ;
#9578 = DIRECTION ( 'NONE',  ( -1.232595164407830900E-032, -1.000000000000000000, -9.585933842097446300E-017 ) ) ;
#9579 = CARTESIAN_POINT ( 'NONE',  ( -2.567244204607601600, -0.6000000000000007500, 11.20000000000000100 ) ) ;
#9580 = AXIS2_PLACEMENT_3D ( 'NONE', #9579, #9578, #9577 ) ;
#9581 = PLANE ( 'NONE',  #9580 ) ;
#9582 = LINE ( 'NONE', #9624, #9622 ) ;
#9583 = DIRECTION ( 'NONE',  ( 8.017293097285274000E-015, -2.466266120677564900E-015, -1.000000000000000000 ) ) ;
#9584 = DIRECTION ( 'NONE',  ( -3.157908811212862900E-029, -1.000000000000000000, 2.466266120677564900E-015 ) ) ;
#9585 = AXIS2_PLACEMENT_3D ( 'NONE', #9604, #9584, #9583 ) ;
#9586 = DIRECTION ( 'NONE',  ( 1.000000000000000000, 6.123031769111886300E-017, 0.0000000000000000000 ) ) ;
#9587 = VECTOR ( 'NONE', #9586, 1000.000000000000000 ) ;
#9588 = CARTESIAN_POINT ( 'NONE',  ( -1.349999999999999600, -1.649999999999999500, -0.5000000000000054400 ) ) ;
#9589 = DIRECTION ( 'NONE',  ( 0.0000000000000000000, 0.0000000000000000000, 1.000000000000000000 ) ) ;
#9590 = DIRECTION ( 'NONE',  ( 0.0000000000000000000, 1.000000000000000000, 0.0000000000000000000 ) ) ;
#9591 = CARTESIAN_POINT ( 'NONE',  ( -6.450000000000001100, 20.04522618641298200, -5.421010862427522200E-015 ) ) ;
#9593 = AXIS2_PLACEMENT_3D ( 'NONE', #9591, #9590, #9589 ) ;
#9592 = DIRECTION ( 'NONE',  ( -3.157908811212862900E-029, -1.000000000000000000, 2.466266120677565300E-015 ) ) ;
#9594 = FACE_OUTER_BOUND ( 'NONE', #5174, .T. ) ;
#9595 = DIRECTION ( 'NONE',  ( -1.000000000000000000, 0.0000000000000000000, -5.782411586589358000E-015 ) ) ;
#9596 = CYLINDRICAL_SURFACE ( 'NONE', #9593, 0.5000000000000000000 ) ;
#9597 = CARTESIAN_POINT ( 'NONE',  ( -1.349999999999999600, -1.649999999999999500, -0.3000000000000054300 ) ) ;
#9598 = LINE ( 'NONE', #9440, #9438 ) ;
#9599 = CARTESIAN_POINT ( 'NONE',  ( -3.450000000000001100, 0.2000000000000003200, 1.149999999999994600 ) ) ;
#9600 = DIRECTION ( 'NONE',  ( 0.0000000000000000000, 0.0000000000000000000, 1.000000000000000000 ) ) ;
#9601 = VECTOR ( 'NONE', #9567, 1000.000000000000000 ) ;
#9602 = CARTESIAN_POINT ( 'NONE',  ( -2.567244204607601600, -0.7500000000000006700, 10.80000000000000200 ) ) ;
#9603 = LINE ( 'NONE', #9602, #9601 ) ;
#9604 = CARTESIAN_POINT ( 'NONE',  ( 5.649999999999833400, -1.349999999999993600, 11.19999999999998500 ) ) ;
#9605 = PLANE ( 'NONE',  #9585 ) ;
#9606 = DIRECTION ( 'NONE',  ( 0.0000000000000000000, 0.0000000000000000000, 1.000000000000000000 ) ) ;
#9607 = FACE_OUTER_BOUND ( 'NONE', #5245, .T. ) ;
#9608 = DIRECTION ( 'NONE',  ( 1.000000000000000000, -1.232595164407830900E-032, -9.585933842097445100E-017 ) ) ;
#9610 = CARTESIAN_POINT ( 'NONE',  ( -2.567244204607601600, -0.7499999999999997800, 10.95000000000000300 ) ) ;
#9609 = DIRECTION ( 'NONE',  ( -8.017293097285274000E-015, 2.466266120677564900E-015, 1.000000000000000000 ) ) ;
#9612 = AXIS2_PLACEMENT_3D ( 'NONE', #9610, #9608, #9606 ) ;
#9611 = VECTOR ( 'NONE', #9609, 1000.000000000000000 ) ;
#9613 = DIRECTION ( 'NONE',  ( -8.017293097285274000E-015, 2.466266120677564900E-015, 1.000000000000000000 ) ) ;
#9614 = VECTOR ( 'NONE', #9613, 1000.000000000000000 ) ;
#9615 = CARTESIAN_POINT ( 'NONE',  ( 6.849999999999831800, -1.349999999999993600, 11.19999999999999200 ) ) ;
#9616 = LINE ( 'NONE', #9615, #9614 ) ;
#9617 = DIRECTION ( 'NONE',  ( 0.0000000000000000000, 0.0000000000000000000, 1.000000000000000000 ) ) ;
#9618 = DIRECTION ( 'NONE',  ( 1.000000000000000000, -0.0000000000000000000, -0.0000000000000000000 ) ) ;
#9619 = CARTESIAN_POINT ( 'NONE',  ( -6.999999999999993800, -0.7200000000000000800, 3.679999999999999700 ) ) ;
#9620 = AXIS2_PLACEMENT_3D ( 'NONE', #9619, #9618, #9617 ) ;
#9621 = DIRECTION ( 'NONE',  ( -3.157908811212862900E-029, -1.000000000000000000, 2.466266120677565300E-015 ) ) ;
#9623 = CIRCLE ( 'NONE', #9620, 0.06771243444677732500 ) ;
#9622 = VECTOR ( 'NONE', #9621, 1000.000000000000000 ) ;
#9624 = CARTESIAN_POINT ( 'NONE',  ( 6.849999999999825600, 2.874922359499629800, 11.69999999999998300 ) ) ;
#9625 = DIRECTION ( 'NONE',  ( 0.0000000000000000000, -1.000000000000000000, 0.0000000000000000000 ) ) ;
#9626 = VECTOR ( 'NONE', #9625, 1000.000000000000000 ) ;
#9627 = CARTESIAN_POINT ( 'NONE',  ( 2.399999999999999900, -1.449999999999999700, 0.8499999999999919800 ) ) ;
#9628 = LINE ( 'NONE', #9627, #9626 ) ;
#9629 = CARTESIAN_POINT ( 'NONE',  ( -6.999999999999993800, -0.7199999999999999700, 6.647712434446776600 ) ) ;
#9630 = CARTESIAN_POINT ( 'NONE',  ( -6.450000000000001100, -1.649999999999999700, -5.421010862427522200E-015 ) ) ;
#9631 = LINE ( 'NONE', #9656, #9637 ) ;
#9632 = AXIS2_PLACEMENT_3D ( 'NONE', #9630, #9459, #9458 ) ;
#9633 = CIRCLE ( 'NONE', #9632, 0.5000000000000000000 ) ;
#9634 = AXIS2_PLACEMENT_3D ( 'NONE', #9638, #9685, #9701 ) ;
#9635 = AXIS2_PLACEMENT_3D ( 'NONE', #9700, #9699, #9698 ) ;
#9636 = CIRCLE ( 'NONE', #9635, 0.06771243444677732500 ) ;
#9637 = VECTOR ( 'NONE', #9689, 1000.000000000000000 ) ;
#9638 = CARTESIAN_POINT ( 'NONE',  ( -6.950000000000001100, -0.7200000000000009700, 2.280000000000002500 ) ) ;
#9639 = CARTESIAN_POINT ( 'NONE',  ( -7.069506660662143300, 0.1044916280069997200, 5.780000000000003800 ) ) ;
#9640 = CARTESIAN_POINT ( 'NONE',  ( 0.6000000000000002000, 0.2000000000000011800, 0.1999999999999946000 ) ) ;
#9641 = PLANE ( 'NONE',  #9696 ) ;
#9642 = FACE_OUTER_BOUND ( 'NONE', #4812, .T. ) ;
#9643 = FACE_BOUND ( 'NONE', #4792, .T. ) ;
#9644 = PLANE ( 'NONE',  #9648 ) ;
#9645 = B_SPLINE_CURVE_WITH_KNOTS ( 'NONE', 3,
 ( #9694, #9663, #9682, #9639 ),
 .UNSPECIFIED., .F., .F.,
 ( 4, 4 ),
 ( 0.0000000000000000000, 1.000000000000000000 ),
 .UNSPECIFIED. ) ;
#9646 = CARTESIAN_POINT ( 'NONE',  ( 2.699999999999999300, -0.8999999999999998000, 1.149999999999994600 ) ) ;
#9647 = LINE ( 'NONE', #9646, #9680 ) ;
#9648 = AXIS2_PLACEMENT_3D ( 'NONE', #9658, #9657, #9661 ) ;
#9649 = CARTESIAN_POINT ( 'NONE',  ( 10.00000000000000000, -1.449999999999999700, 0.1999999999999953200 ) ) ;
#9650 = LINE ( 'NONE', #9649, #9676 ) ;
#9651 = DIRECTION ( 'NONE',  ( -0.7071067811865455700, 0.0000000000000000000, -0.7071067811865493500 ) ) ;
#9652 = VECTOR ( 'NONE', #9651, 1000.000000000000100 ) ;
#9653 = CARTESIAN_POINT ( 'NONE',  ( 0.7999999999999990500, 0.2000000000000003200, 0.1999999999999946000 ) ) ;
#9654 = LINE ( 'NONE', #9653, #9652 ) ;
#9655 = CARTESIAN_POINT ( 'NONE',  ( 2.100000000000000100, -1.449999999999999700, 0.1999999999999953200 ) ) ;
#9656 = CARTESIAN_POINT ( 'NONE',  ( -6.950000000000001100, -1.340000000000000100, 1.660000000000002600 ) ) ;
#9657 = DIRECTION ( 'NONE',  ( 1.000000000000000000, -0.0000000000000000000, 0.0000000000000000000 ) ) ;
#9658 = CARTESIAN_POINT ( 'NONE',  ( -6.950000000000000200, 20.04522618641298200, 11.59999999999999600 ) ) ;
#9659 = FACE_OUTER_BOUND ( 'NONE', #4780, .T. ) ;
#9660 = CARTESIAN_POINT ( 'NONE',  ( -6.950000000000000200, -1.340000000000001000, 2.280000000000002500 ) ) ;
#9661 = DIRECTION ( 'NONE',  ( 0.0000000000000000000, 0.0000000000000000000, -1.000000000000000000 ) ) ;
#9662 = CARTESIAN_POINT ( 'NONE',  ( -6.950000000000000200, -1.340000000000001000, 2.959999999999995500 ) ) ;
#9663 = CARTESIAN_POINT ( 'NONE',  ( -6.971948144812300200, 0.01360646000388846700, 5.780000000000003800 ) ) ;
#9664 = CARTESIAN_POINT ( 'NONE',  ( 1.000000000000000200, -1.299999999999999800, 0.1999999999999953200 ) ) ;
#9665 = DIRECTION ( 'NONE',  ( 1.000000000000000000, 0.0000000000000000000, -1.505836350674312600E-017 ) ) ;
#9666 = CARTESIAN_POINT ( 'NONE',  ( -6.950000000000000200, -0.7200000000000002000, 1.660000000000002600 ) ) ;
#9667 = CARTESIAN_POINT ( 'NONE',  ( -7.069506660662143300, 0.1044916280069997200, 5.780000000000003800 ) ) ;
#9668 = LINE ( 'NONE', #8153, #8155 ) ;
#9669 = CARTESIAN_POINT ( 'NONE',  ( 0.7999999999999990500, -1.649999999999999700, 0.1999999999999946000 ) ) ;
#9670 = DIRECTION ( 'NONE',  ( 1.000000000000000000, 0.0000000000000000000, -1.694065894508600100E-017 ) ) ;
#9671 = VECTOR ( 'NONE', #9670, 1000.000000000000000 ) ;
#9672 = CARTESIAN_POINT ( 'NONE',  ( 0.7999999999999990500, -1.649999999999999700, 0.1999999999999946000 ) ) ;
#9673 = LINE ( 'NONE', #9672, #9671 ) ;
#9674 = DIRECTION ( 'NONE',  ( -0.7071067811865440200, 0.0000000000000000000, -0.7071067811865511300 ) ) ;
#9675 = DIRECTION ( 'NONE',  ( 1.000000000000000000, 0.0000000000000000000, -1.505836350674312600E-017 ) ) ;
#9676 = VECTOR ( 'NONE', #9675, 1000.000000000000000 ) ;
#9677 = CARTESIAN_POINT ( 'NONE',  ( -6.999999999999993800, -0.6522875655532236500, 6.580000000000000100 ) ) ;
#9678 = CARTESIAN_POINT ( 'NONE',  ( 0.6000000000000002000, -1.649999999999999700, -5.421010862427522200E-015 ) ) ;
#9679 = DIRECTION ( 'NONE',  ( -0.0000000000000000000, 1.000000000000000000, 0.0000000000000000000 ) ) ;
#9680 = VECTOR ( 'NONE', #9679, 1000.000000000000000 ) ;
#9681 = CIRCLE ( 'NONE', #9634, 0.6199999999999998800 ) ;
#9682 = CARTESIAN_POINT ( 'NONE',  ( -7.020727402737222200, 0.05904904400544424400, 5.780000000000002900 ) ) ;
#9683 = CARTESIAN_POINT ( 'NONE',  ( -6.999999999999993800, -0.6522875655532236500, 3.679999999999999700 ) ) ;
#9684 = CARTESIAN_POINT ( 'NONE',  ( -6.999999999999993800, -0.7200000000000000800, 3.612287565553222300 ) ) ;
#9685 = DIRECTION ( 'NONE',  ( 1.000000000000000000, 1.232595164407830900E-032, -3.781782119853306200E-016 ) ) ;
#9686 = VECTOR ( 'NONE', #9674, 999.9999999999998900 ) ;
#9687 = CARTESIAN_POINT ( 'NONE',  ( 2.699999999999999300, 0.2000000000000003200, 1.149999999999994600 ) ) ;
#9688 = LINE ( 'NONE', #9687, #9686 ) ;
#9689 = DIRECTION ( 'NONE',  ( 3.781782119853307200E-016, 1.245636687138676800E-016, 1.000000000000000000 ) ) ;
#9690 = VECTOR ( 'NONE', #9665, 1000.000000000000000 ) ;
#9691 = CARTESIAN_POINT ( 'NONE',  ( 10.00000000000000000, -1.299999999999999800, 0.1999999999999953200 ) ) ;
#9692 = LINE ( 'NONE', #9691, #9690 ) ;
#9693 = DIRECTION ( 'NONE',  ( -1.000000000000000000, 0.0000000000000000000, 1.505836350674312600E-017 ) ) ;
#9694 = CARTESIAN_POINT ( 'NONE',  ( -6.923168886887379100, -0.03183612399766699200, 5.780000000000003800 ) ) ;
#9695 = DIRECTION ( 'NONE',  ( -1.505836350674312600E-017, 0.0000000000000000000, -1.000000000000000000 ) ) ;
#9696 = AXIS2_PLACEMENT_3D ( 'NONE', #9640, #9695, #9693 ) ;
#9697 = CARTESIAN_POINT ( 'NONE',  ( 2.100000000000000100, -1.299999999999999800, 0.1999999999999953200 ) ) ;
#9698 = DIRECTION ( 'NONE',  ( 0.0000000000000000000, 0.0000000000000000000, 1.000000000000000000 ) ) ;
#9699 = DIRECTION ( 'NONE',  ( 1.000000000000000000, -0.0000000000000000000, -0.0000000000000000000 ) ) ;
#9700 = CARTESIAN_POINT ( 'NONE',  ( -6.999999999999993800, -0.7199999999999999700, 3.679999999999999700 ) ) ;
#9701 = DIRECTION ( 'NONE',  ( 0.0000000000000000000, 1.748713181428233300E-016, 1.000000000000000000 ) ) ;
#9702 = AXIS2_PLACEMENT_3D ( 'NONE', #9745, #9744, #9743 ) ;
#9703 = CARTESIAN_POINT ( 'NONE',  ( -6.799999999999998000, -1.649999999999999700, 15.79999999999999500 ) ) ;
#9704 = DIRECTION ( 'NONE',  ( 4.982546748554703600E-017, -4.982546748554703000E-017, 1.000000000000000000 ) ) ;
#9705 = VECTOR ( 'NONE', #9704, 1000.000000000000000 ) ;
#9706 = CARTESIAN_POINT ( 'NONE',  ( 6.399999999999994100, -0.1000000000000002600, 5.779999999999998500 ) ) ;
#9707 = DIRECTION ( 'NONE',  ( 0.7071067811865490200, 0.0000000000000000000, 0.7071067811865460200 ) ) ;
#9708 = CARTESIAN_POINT ( 'NONE',  ( -5.800000000000000700, 0.2000000000000011800, 15.59999999999999600 ) ) ;
#9709 = AXIS2_PLACEMENT_3D ( 'NONE', #9708, #9707, #9732 ) ;
#9710 = FACE_OUTER_BOUND ( 'NONE', #5181, .T. ) ;
#9711 = DIRECTION ( 'NONE',  ( -0.0000000000000000000, 1.000000000000000000, 0.0000000000000000000 ) ) ;
#9712 = DIRECTION ( 'NONE',  ( 0.0000000000000000000, 5.421010862427522200E-017, -1.000000000000000000 ) ) ;
#9713 = DIRECTION ( 'NONE',  ( -1.000000000000000000, -0.0000000000000000000, 4.982546748554703600E-017 ) ) ;
#9714 = CARTESIAN_POINT ( 'NONE',  ( 6.199999999999994800, -0.3400000000000000200, 7.499999999999998200 ) ) ;
#9715 = AXIS2_PLACEMENT_3D ( 'NONE', #9714, #9713, #9712 ) ;
#9716 = LINE ( 'NONE', #9749, #9748 ) ;
#9717 = CARTESIAN_POINT ( 'NONE',  ( 6.199999999999995700, -1.340000000000001000, 7.499999999999998200 ) ) ;
#9718 = DIRECTION ( 'NONE',  ( 0.0000000000000000000, 0.0000000000000000000, -1.000000000000000000 ) ) ;
#9719 = DIRECTION ( 'NONE',  ( 1.000000000000000000, 0.0000000000000000000, -4.982546748554703600E-017 ) ) ;
#9720 = CARTESIAN_POINT ( 'NONE',  ( 6.399999999999994100, -0.7200000000000002000, 2.279999999999998500 ) ) ;
#9721 = AXIS2_PLACEMENT_3D ( 'NONE', #9720, #9719, #9718 ) ;
#9722 = CIRCLE ( 'NONE', #9721, 0.6199999999999998800 ) ;
#9723 = VECTOR ( 'NONE', #9711, 1000.000000000000000 ) ;
#9724 = CARTESIAN_POINT ( 'NONE',  ( -6.000000000000000000, 0.2000000000000011800, 15.79999999999999500 ) ) ;
#9725 = DIRECTION ( 'NONE',  ( 0.0000000000000000000, 0.0000000000000000000, 1.000000000000000000 ) ) ;
#9726 = DIRECTION ( 'NONE',  ( 0.0000000000000000000, 1.000000000000000000, 0.0000000000000000000 ) ) ;
#9727 = CARTESIAN_POINT ( 'NONE',  ( -6.099999999999997900, 0.2000000000000011800, 15.09999999999999800 ) ) ;
#9728 = AXIS2_PLACEMENT_3D ( 'NONE', #9727, #9726, #9725 ) ;
#9729 = DIRECTION ( 'NONE',  ( 0.0000000000000000000, -1.000000000000000000, 0.0000000000000000000 ) ) ;
#9730 = VECTOR ( 'NONE', #9729, 1000.000000000000000 ) ;
#9731 = LINE ( 'NONE', #9706, #9705 ) ;
#9732 = DIRECTION ( 'NONE',  ( 0.7071067811865460200, 0.0000000000000000000, -0.7071067811865490200 ) ) ;
#9733 = DIRECTION ( 'NONE',  ( -4.982546748554703600E-017, 4.982546748554703000E-017, -1.000000000000000000 ) ) ;
#9734 = VECTOR ( 'NONE', #9733, 1000.000000000000000 ) ;
#9735 = CARTESIAN_POINT ( 'NONE',  ( 6.399999999999995000, -1.340000000000000100, 8.499999999999998200 ) ) ;
#9736 = LINE ( 'NONE', #9735, #9734 ) ;
#9737 = DIRECTION ( 'NONE',  ( 1.000000000000000000, 0.0000000000000000000, 0.0000000000000000000 ) ) ;
#9738 = VECTOR ( 'NONE', #9737, 1000.000000000000000 ) ;
#9739 = LINE ( 'NONE', #9724, #9723 ) ;
#9740 = PLANE ( 'NONE',  #9709 ) ;
#9741 = LINE ( 'NONE', #9703, #9738 ) ;
#9742 = CARTESIAN_POINT ( 'NONE',  ( 6.399999999999990600, -0.1000000000000002600, 2.279999999999998500 ) ) ;
#9743 = DIRECTION ( 'NONE',  ( 8.673617379884027600E-015, -2.602085213965208300E-015, -1.000000000000000000 ) ) ;
#9744 = DIRECTION ( 'NONE',  ( 3.157908811212862900E-029, 1.000000000000000000, -2.466266120677565300E-015 ) ) ;
#9745 = CARTESIAN_POINT ( 'NONE',  ( 6.349999999999829100, -1.149999999999992100, 11.69999999999999000 ) ) ;
#9746 = CARTESIAN_POINT ( 'NONE',  ( 6.199999999999994000, -0.1000000000000001300, 5.629999999999999900 ) ) ;
#9747 = DIRECTION ( 'NONE',  ( 1.000000000000000000, -1.232595164407831200E-032, -4.982546748554703600E-017 ) ) ;
#9748 = VECTOR ( 'NONE', #9747, 1000.000000000000000 ) ;
#9749 = CARTESIAN_POINT ( 'NONE',  ( -7.502978098234929200, -1.340000000000001000, 7.499999999999998200 ) ) ;
#9750 = CIRCLE ( 'NONE', #9702, 0.5000000000000004400 ) ;
#9751 = CIRCLE ( 'NONE', #9715, 1.000000000000000000 ) ;
#9752 = CARTESIAN_POINT ( 'NONE',  ( -6.650000000000000400, 0.2000000000000011800, 6.199999999999994800 ) ) ;
#9753 = LINE ( 'NONE', #9752, #9730 ) ;
#9754 = CIRCLE ( 'NONE', #9728, 0.7000000000000009500 ) ;
#9755 = CARTESIAN_POINT ( 'NONE',  ( -6.000000000000005300, 0.2000000000000007300, 15.79999999999999500 ) ) ;
#9756 = CARTESIAN_POINT ( 'NONE',  ( -6.099999999999997900, -1.649999999999999700, 15.79999999999999500 ) ) ;
#9757 = CIRCLE ( 'NONE', #9758, 1.000000000000000000 ) ;
#9758 = AXIS2_PLACEMENT_3D ( 'NONE', #9761, #9762, #9763 ) ;
#9759 = AXIS2_PLACEMENT_3D ( 'NONE', #9764, #9765, #9777 ) ;
#9760 = DIRECTION ( 'NONE',  ( 0.0000000000000000000, 1.748713181428233300E-016, 1.000000000000000000 ) ) ;
#9761 = CARTESIAN_POINT ( 'NONE',  ( -6.949999999999999300, -0.3400000000000009100, 7.500000000000002700 ) ) ;
#9762 = DIRECTION ( 'NONE',  ( 1.000000000000000000, 1.232595164407830900E-032, -3.781782119853306200E-016 ) ) ;
#9763 = DIRECTION ( 'NONE',  ( 0.0000000000000000000, 1.084202172485504400E-016, 1.000000000000000000 ) ) ;
#9764 = CARTESIAN_POINT ( 'NONE',  ( 4.200000000000000200, 0.2000000000000011800, 15.59999999999999600 ) ) ;
#9765 = DIRECTION ( 'NONE',  ( 0.7071067811865475700, 0.0000000000000000000, 0.7071067811865475700 ) ) ;
#9766 = CARTESIAN_POINT ( 'NONE',  ( -6.999999999999993800, -0.7877124344467764100, 6.580000000000000100 ) ) ;
#9767 = DIRECTION ( 'NONE',  ( -0.0000000000000000000, -0.0000000000000000000, 1.000000000000000000 ) ) ;
#9768 = VECTOR ( 'NONE', #9767, 1000.000000000000000 ) ;
#9769 = CARTESIAN_POINT ( 'NONE',  ( -6.999999999999993800, -0.6522875655532236500, 3.479999999999999500 ) ) ;
#9770 = LINE ( 'NONE', #9769, #9768 ) ;
#9771 = CARTESIAN_POINT ( 'NONE',  ( -6.849999999999997900, -7.047314121155778800E-016, 5.780000000000003800 ) ) ;
#9772 = DIRECTION ( 'NONE',  ( 0.0000000000000000000, 0.0000000000000000000, 1.000000000000000000 ) ) ;
#9773 = DIRECTION ( 'NONE',  ( 1.000000000000000000, -0.0000000000000000000, -0.0000000000000000000 ) ) ;
#9774 = CARTESIAN_POINT ( 'NONE',  ( -6.999999999999993800, -0.7200000000000000800, 6.580000000000000100 ) ) ;
#9775 = AXIS2_PLACEMENT_3D ( 'NONE', #9774, #9773, #9772 ) ;
#9776 = CIRCLE ( 'NONE', #9775, 0.06771243444677645100 ) ;
#9777 = DIRECTION ( 'NONE',  ( 0.7071067811865474600, 0.0000000000000000000, -0.7071067811865474600 ) ) ;
#9778 = DIRECTION ( 'NONE',  ( 1.000000000000000000, 0.0000000000000000000, 0.0000000000000000000 ) ) ;
#9779 = DIRECTION ( 'NONE',  ( 0.0000000000000000000, -1.000000000000000000, 0.0000000000000000000 ) ) ;
#9780 = LINE ( 'NONE', #9792, #9789 ) ;
#9781 = VECTOR ( 'NONE', #9816, 1000.000000000000000 ) ;
#9782 = CARTESIAN_POINT ( 'NONE',  ( -6.950000000000000200, -1.649999999999999700, 9.499999999999998200 ) ) ;
#9783 = DIRECTION ( 'NONE',  ( 8.017293097285274000E-015, -2.466266120677564900E-015, -1.000000000000000000 ) ) ;
#9784 = VECTOR ( 'NONE', #9783, 1000.000000000000000 ) ;
#9785 = CARTESIAN_POINT ( 'NONE',  ( 5.949999999999833200, -1.349999999999993600, 11.19999999999998700 ) ) ;
#9786 = LINE ( 'NONE', #9785, #9784 ) ;
#9787 = DIRECTION ( 'NONE',  ( 0.0000000000000000000, -1.000000000000000000, 0.0000000000000000000 ) ) ;
#9788 = VECTOR ( 'NONE', #9787, 1000.000000000000000 ) ;
#9789 = VECTOR ( 'NONE', #9779, 1000.000000000000000 ) ;
#9790 = VECTOR ( 'NONE', #9818, 1000.000000000000000 ) ;
#9791 = CARTESIAN_POINT ( 'NONE',  ( -6.850000000000000500, 0.2000000000000011800, 9.499999999999998200 ) ) ;
#9792 = CARTESIAN_POINT ( 'NONE',  ( -6.850000000000000500, 0.2000000000000011800, 8.499999999999994700 ) ) ;
#9793 = CARTESIAN_POINT ( 'NONE',  ( -6.850000000000000500, -1.649999999999999700, 9.499999999999998200 ) ) ;
#9794 = LINE ( 'NONE', #9782, #9781 ) ;
#9795 = CARTESIAN_POINT ( 'NONE',  ( -6.150000000000001200, -1.649999999999999700, 6.199999999999994800 ) ) ;
#9796 = LINE ( 'NONE', #9817, #9802 ) ;
#9797 = CARTESIAN_POINT ( 'NONE',  ( -5.800000000000000700, -1.649999999999999700, 15.59999999999999600 ) ) ;
#9798 = LINE ( 'NONE', #9797, #9788 ) ;
#9799 = VECTOR ( 'NONE', #9809, 1000.000000000000000 ) ;
#9800 = CARTESIAN_POINT ( 'NONE',  ( -7.502978098234931000, -0.09999999999999939500, 8.499999999999998200 ) ) ;
#9801 = LINE ( 'NONE', #9800, #9799 ) ;
#9802 = VECTOR ( 'NONE', #9806, 1000.000000000000100 ) ;
#9803 = DIRECTION ( 'NONE',  ( 0.0000000000000000000, 0.0000000000000000000, 1.000000000000000000 ) ) ;
#9804 = DIRECTION ( 'NONE',  ( -1.000000000000000000, -0.0000000000000000000, 0.0000000000000000000 ) ) ;
#9805 = LINE ( 'NONE', #9791, #9790 ) ;
#9806 = DIRECTION ( 'NONE',  ( 0.7071067811865460200, -0.0000000000000000000, -0.7071067811865490200 ) ) ;
#9807 = FACE_OUTER_BOUND ( 'NONE', #5035, .T. ) ;
#9808 = CARTESIAN_POINT ( 'NONE',  ( 6.199999999999994000, -0.09999999999999999200, 8.499999999999996400 ) ) ;
#9809 = DIRECTION ( 'NONE',  ( 1.000000000000000000, -1.232595164407831200E-032, -4.982546748554703600E-017 ) ) ;
#9810 = CARTESIAN_POINT ( 'NONE',  ( 6.049999999999990100, -0.7199999999999999700, 3.679999999999999700 ) ) ;
#9811 = AXIS2_PLACEMENT_3D ( 'NONE', #9810, #9804, #9803 ) ;
#9812 = DIRECTION ( 'NONE',  ( 0.7071067811865460200, 0.0000000000000000000, -0.7071067811865490200 ) ) ;
#9813 = VECTOR ( 'NONE', #9812, 1000.000000000000100 ) ;
#9814 = CARTESIAN_POINT ( 'NONE',  ( 4.899999999999987000, 0.2000000000000003200, 4.899999999999959500 ) ) ;
#9815 = LINE ( 'NONE', #9814, #9813 ) ;
#9816 = DIRECTION ( 'NONE',  ( -1.000000000000000000, -0.0000000000000000000, -0.0000000000000000000 ) ) ;
#9817 = CARTESIAN_POINT ( 'NONE',  ( -6.850000000000000500, -1.649999999999999700, 8.499999999999994700 ) ) ;
#9818 = DIRECTION ( 'NONE',  ( 0.0000000000000000000, -1.000000000000000000, 0.0000000000000000000 ) ) ;
#9819 = TOROIDAL_SURFACE ( 'NONE', #9811, 0.06771243444677534100, 0.2000000000000000100 ) ;
#9820 = CARTESIAN_POINT ( 'NONE',  ( 5.949999999999831400, -1.149999999999983900, 11.19999999999997800 ) ) ;
#9821 = CARTESIAN_POINT ( 'NONE',  ( 5.949999999999815400, -1.349999999999990100, 12.99999999999998600 ) ) ;
#9822 = CARTESIAN_POINT ( 'NONE',  ( -5.800000000000000700, 0.2000000000000011800, 15.59999999999999600 ) ) ;
#9823 = DIRECTION ( 'NONE',  ( 1.000000000000000000, 0.0000000000000000000, 0.0000000000000000000 ) ) ;
#9824 = VECTOR ( 'NONE', #9823, 1000.000000000000000 ) ;
#9825 = CARTESIAN_POINT ( 'NONE',  ( -5.950000000000000200, -1.649999999999999700, 13.09999999999999800 ) ) ;
#9826 = LINE ( 'NONE', #9825, #9824 ) ;
#9827 = DIRECTION ( 'NONE',  ( 1.000000000000000000, -1.179593572338294200E-029, 8.017293097285274000E-015 ) ) ;
#9828 = FACE_OUTER_BOUND ( 'NONE', #5377, .T. ) ;
#9829 = DIRECTION ( 'NONE',  ( -7.395570986446985700E-032, 1.000000000000000000, -1.245636687138676800E-016 ) ) ;
#9830 = VECTOR ( 'NONE', #9829, 1000.000000000000000 ) ;
#9831 = CARTESIAN_POINT ( 'NONE',  ( -6.949999999999998400, -1.340000000000000100, 8.500000000000001800 ) ) ;
#9832 = LINE ( 'NONE', #9831, #9830 ) ;
#9833 = CARTESIAN_POINT ( 'NONE',  ( 5.949999999999834100, -1.349999999999993600, 11.19999999999998700 ) ) ;
#9834 = CARTESIAN_POINT ( 'NONE',  ( -5.800000000000000700, -1.649999999999999700, 15.59999999999999600 ) ) ;
#9835 = LINE ( 'NONE', #9834, #9837 ) ;
#9836 = DIRECTION ( 'NONE',  ( -0.7071067811865460200, 0.0000000000000000000, 0.7071067811865490200 ) ) ;
#9837 = VECTOR ( 'NONE', #9836, 1000.000000000000100 ) ;
#9838 = VECTOR ( 'NONE', #9850, 1000.000000000000000 ) ;
#9839 = CARTESIAN_POINT ( 'NONE',  ( 5.949999999999834100, 2.874922359499628000, 11.19999999999997600 ) ) ;
#9840 = LINE ( 'NONE', #9839, #9838 ) ;
#9841 = CARTESIAN_POINT ( 'NONE',  ( 6.849999999999822900, -1.349999999999990100, 12.49999999999999300 ) ) ;
#9842 = DIRECTION ( 'NONE',  ( -3.781782119853306200E-016, 0.0000000000000000000, -1.000000000000000000 ) ) ;
#9843 = CARTESIAN_POINT ( 'NONE',  ( -6.799999999999994500, -0.6522875655532236500, 6.779999999999999400 ) ) ;
#9844 = AXIS2_PLACEMENT_3D ( 'NONE', #9843, #9842, #9855 ) ;
#9845 = CARTESIAN_POINT ( 'NONE',  ( -6.949999999999995700, -0.1000000000000000900, 8.500000000000003600 ) ) ;
#9846 = CYLINDRICAL_SURFACE ( 'NONE', #9844, 0.1999999999999996500 ) ;
#9847 = VECTOR ( 'NONE', #9827, 1000.000000000000000 ) ;
#9848 = CARTESIAN_POINT ( 'NONE',  ( 5.649999999999833400, -1.349999999999993600, 11.19999999999998500 ) ) ;
#9849 = LINE ( 'NONE', #9848, #9847 ) ;
#9850 = DIRECTION ( 'NONE',  ( -3.157908811212862900E-029, -1.000000000000000000, 2.466266120677565300E-015 ) ) ;
#9851 = DIRECTION ( 'NONE',  ( -1.000000000000000000, -1.232595164407830900E-032, 3.781782119853306200E-016 ) ) ;
#9852 = CARTESIAN_POINT ( 'NONE',  ( -7.150000000000001200, -0.7200000000000009700, 2.280000000000002500 ) ) ;
#9853 = AXIS2_PLACEMENT_3D ( 'NONE', #9852, #9851, #9760 ) ;
#9854 = CIRCLE ( 'NONE', #9853, 0.6199999999999998800 ) ;
#9855 = DIRECTION ( 'NONE',  ( -1.000000000000000000, 0.0000000000000000000, 0.0000000000000000000 ) ) ;
#9856 = AXIS2_PLACEMENT_3D ( 'NONE', #9864, #9896, #9859 ) ;
#9857 = FACE_OUTER_BOUND ( 'NONE', #5338, .T. ) ;
#9858 = CARTESIAN_POINT ( 'NONE',  ( 6.099999999999993400, -1.626303258728256700E-016, 8.500000000000000000 ) ) ;
#9859 = DIRECTION ( 'NONE',  ( 1.000000000000000000, 0.0000000000000000000, -1.104359264397054800E-014 ) ) ;
#9860 = DIRECTION ( 'NONE',  ( -2.218182005966622500E-015, -1.000000000000000000, -4.434466606213685300E-016 ) ) ;
#9861 = DIRECTION ( 'NONE',  ( -1.000000000000000000, 2.218182005966622500E-015, 4.434466606213692200E-016 ) ) ;
#9862 = CARTESIAN_POINT ( 'NONE',  ( -7.149999999999996800, 0.2141592653589789500, 8.500000000000003600 ) ) ;
#9863 = CARTESIAN_POINT ( 'NONE',  ( -7.150000000000001200, -1.339999999999998300, 2.280000000000002500 ) ) ;
#9864 = CARTESIAN_POINT ( 'NONE',  ( 6.099999999999993400, -0.1000000000000000100, 8.500000000000000000 ) ) ;
#9865 = LINE ( 'NONE', #9877, #9876 ) ;
#9866 = PLANE ( 'NONE',  #9856 ) ;
#9867 = FACE_OUTER_BOUND ( 'NONE', #5302, .T. ) ;
#9868 = PLANE ( 'NONE',  #9869 ) ;
#9869 = AXIS2_PLACEMENT_3D ( 'NONE', #9862, #9861, #9860 ) ;
#9870 = LINE ( 'NONE', #9895, #9894 ) ;
#9871 = CARTESIAN_POINT ( 'NONE',  ( -6.949999999999998400, -0.3399999999999991400, 8.500000000000003600 ) ) ;
#9872 = CARTESIAN_POINT ( 'NONE',  ( -6.949999999999997500, -0.5199999999999999100, 6.580000000000000100 ) ) ;
#9873 = FACE_OUTER_BOUND ( 'NONE', #5353, .T. ) ;
#9874 = FACE_BOUND ( 'NONE', #5342, .T. ) ;
#9875 = DIRECTION ( 'NONE',  ( 3.781782119853307200E-016, 1.245636687138676800E-016, 1.000000000000000000 ) ) ;
#9876 = VECTOR ( 'NONE', #9875, 1000.000000000000000 ) ;
#9877 = CARTESIAN_POINT ( 'NONE',  ( -7.150000000000001200, -1.340000000000000100, 1.660000000000002400 ) ) ;
#9878 = DIRECTION ( 'NONE',  ( 1.000000000000000000, 0.0000000000000000000, 0.0000000000000000000 ) ) ;
#9879 = DIRECTION ( 'NONE',  ( 0.0000000000000000000, 0.0000000000000000000, 1.000000000000000000 ) ) ;
#9880 = CARTESIAN_POINT ( 'NONE',  ( -6.799999999999994500, -0.6522875655532256500, 6.580000000000000100 ) ) ;
#9881 = AXIS2_PLACEMENT_3D ( 'NONE', #9880, #9879, #9878 ) ;
#9882 = CIRCLE ( 'NONE', #9881, 0.1999999999999996500 ) ;
#9883 = CARTESIAN_POINT ( 'NONE',  ( -7.149999999999999500, -0.1000000000000002600, 2.280000000000002500 ) ) ;
#9884 = DIRECTION ( 'NONE',  ( -1.000000000000000000, -1.232595164407830900E-032, 3.781782119853306200E-016 ) ) ;
#9885 = VECTOR ( 'NONE', #9884, 1000.000000000000000 ) ;
#9886 = CARTESIAN_POINT ( 'NONE',  ( 6.752978098234931000, -0.09999999999999939500, 8.499999999999996400 ) ) ;
#9887 = LINE ( 'NONE', #9886, #9885 ) ;
#9888 = CARTESIAN_POINT ( 'NONE',  ( -6.949999999999999300, -1.339999999999998300, 7.500000000000003600 ) ) ;
#9889 = DIRECTION ( 'NONE',  ( -1.000000000000000000, -1.232595164407830900E-032, 3.781782119853306200E-016 ) ) ;
#9890 = VECTOR ( 'NONE', #9889, 1000.000000000000000 ) ;
#9891 = CARTESIAN_POINT ( 'NONE',  ( 6.752978098234929200, -1.339999999999996500, 7.499999999999998200 ) ) ;
#9892 = LINE ( 'NONE', #9891, #9890 ) ;
#9893 = DIRECTION ( 'NONE',  ( -1.000000000000000000, -1.232595164407830900E-032, 3.781782119853306200E-016 ) ) ;
#9894 = VECTOR ( 'NONE', #9893, 1000.000000000000000 ) ;
#9895 = CARTESIAN_POINT ( 'NONE',  ( 6.752978098234931000, -0.3399999999999991400, 8.499999999999996400 ) ) ;
#9896 = DIRECTION ( 'NONE',  ( 1.104359264397054800E-014, 4.982546748554711000E-017, 1.000000000000000000 ) ) ;
#9897 = PLANE ( 'NONE',  #9759 ) ;
#9898 = FACE_OUTER_BOUND ( 'NONE', #5519, .T. ) ;
#9899 = CARTESIAN_POINT ( 'NONE',  ( 6.399999999999994100, -0.7200000000000002000, 1.659999999999998400 ) ) ;
#9900 = DIRECTION ( 'NONE',  ( -0.0000000000000000000, -0.0000000000000000000, 1.000000000000000000 ) ) ;
#9901 = VECTOR ( 'NONE', #9900, 1000.000000000000000 ) ;
#9902 = LINE ( 'NONE', #9903, #9901 ) ;
#9903 = CARTESIAN_POINT ( 'NONE',  ( -5.800000000000000700, -1.649999999999999700, 15.79999999999999500 ) ) ;
#9904 = DIRECTION ( 'NONE',  ( 0.0000000000000000000, 0.0000000000000000000, -1.000000000000000000 ) ) ;
#9905 = DIRECTION ( 'NONE',  ( 1.000000000000000000, -0.0000000000000000000, -0.0000000000000000000 ) ) ;
#9906 = CARTESIAN_POINT ( 'NONE',  ( -6.799999999999994500, -0.7199999999999999700, 6.580000000000000100 ) ) ;
#9907 = AXIS2_PLACEMENT_3D ( 'NONE', #9906, #9905, #9904 ) ;
#9908 = FACE_OUTER_BOUND ( 'NONE', #5328, .T. ) ;
#9909 = TOROIDAL_SURFACE ( 'NONE', #9907, 0.06771243444677631200, 0.2000000000000000100 ) ;
#9910 = FACE_OUTER_BOUND ( 'NONE', #5289, .T. ) ;
#9911 = DIRECTION ( 'NONE',  ( -0.0000000000000000000, -0.0000000000000000000, -1.000000000000000000 ) ) ;
#9912 = VECTOR ( 'NONE', #9911, 1000.000000000000000 ) ;
#9913 = CARTESIAN_POINT ( 'NONE',  ( -6.949999999999997500, -0.5199999999999999100, 3.479999999999999500 ) ) ;
#9914 = LINE ( 'NONE', #9913, #9912 ) ;
#9915 = CARTESIAN_POINT ( 'NONE',  ( -6.949999999999997500, -0.5199999999999999100, 3.679999999999999700 ) ) ;
#9916 = DIRECTION ( 'NONE',  ( 1.000000000000000000, 0.0000000000000000000, 0.0000000000000000000 ) ) ;
#9917 = DIRECTION ( 'NONE',  ( 0.0000000000000000000, 0.0000000000000000000, 1.000000000000000000 ) ) ;
#9918 = AXIS2_PLACEMENT_3D ( 'NONE', #9949, #9917, #9916 ) ;
#9919 = CIRCLE ( 'NONE', #9918, 0.1999999999999996500 ) ;
#9920 = CARTESIAN_POINT ( 'NONE',  ( 6.199999999999994000, -0.1000000000000001300, 5.629999999999999900 ) ) ;
#9921 = CARTESIAN_POINT ( 'NONE',  ( 6.199999999999992200, -0.09939344651381359900, 5.652401151626184700 ) ) ;
#9922 = CARTESIAN_POINT ( 'NONE',  ( 6.200023267155501100, -0.09739750007933087300, 5.671888163842669300 ) ) ;
#9923 = CARTESIAN_POINT ( 'NONE',  ( -7.069506660662143300, 0.1044916280069997500, 5.780000000000003800 ) ) ;
#9924 = CARTESIAN_POINT ( 'NONE',  ( -7.092472011297834600, 0.07984002012404353700, 5.778783908952599200 ) ) ;
#9925 = CARTESIAN_POINT ( 'NONE',  ( -7.108165207109165900, 0.05482307132562790800, 5.774792150993985000 ) ) ;
#9926 = CARTESIAN_POINT ( 'NONE',  ( -7.130149240841177500, 0.01016288137358751200, 5.761242971703311800 ) ) ;
#9927 = CARTESIAN_POINT ( 'NONE',  ( -7.138259858458718000, -0.01432284417992594300, 5.749951364127603900 ) ) ;
#9928 = CARTESIAN_POINT ( 'NONE',  ( -7.147337513258576400, -0.05500306413473151500, 5.722147778019801100 ) ) ;
#9929 = CARTESIAN_POINT ( 'NONE',  ( -7.148854823172775300, -0.07132582441825439900, 5.705898680710213900 ) ) ;
#9930 = CARTESIAN_POINT ( 'NONE',  ( -7.149599983899326700, -0.08444425793301539600, 5.685071437863200600 ) ) ;
#9931 = CARTESIAN_POINT ( 'NONE',  ( -7.149634651251146200, -0.08516409238479495700, 5.683770808123846900 ) ) ;
#9932 = B_SPLINE_SURFACE_WITH_KNOTS ( 'NONE', 1, 3, ( 
 ( #9939, #9938, #9937, #9936, #9935, #9934, #9933, #9931, #9930, #9929, #9928, #9927, #9926, #9925, #9924, #9923 ),
 ( #9966, #9965, #9964, #9963, #9962, #9961, #9960, #9959, #9958, #9957, #9956, #9955, #9954, #9953, #9952, #9951 ) ),
 .UNSPECIFIED., .F., .F., .F.,
 ( 2, 2 ),
 ( 4, 2, 2, 2, 2, 2, 2, 4 ),
 ( 0.0000000000000000000, 1.000000000000000000 ),
 ( 0.0000000000000000000, 0.1250000000000000000, 0.1875000000000000000, 0.2187500000000000000, 0.2500000000000000000, 0.5000000000000000000, 0.7500000000000000000, 1.000000000000000000 ),
 .UNSPECIFIED. ) ;
#9933 = CARTESIAN_POINT ( 'NONE',  ( -7.149728102592183300, -0.08719012483853402800, 5.679922567591120200 ) ) ;
#9934 = CARTESIAN_POINT ( 'NONE',  ( -7.149767363697145100, -0.08815262510760399400, 5.677920623091671900 ) ) ;
#9935 = CARTESIAN_POINT ( 'NONE',  ( -7.149867148510328000, -0.09088826232823275800, 5.671681316894057200 ) ) ;
#9936 = CARTESIAN_POINT ( 'NONE',  ( -7.149909827875528200, -0.09250951276140917400, 5.667210482496632700 ) ) ;
#9937 = CARTESIAN_POINT ( 'NONE',  ( -7.149995964992908300, -0.09676426058207973600, 5.652864088507303800 ) ) ;
#9938 = CARTESIAN_POINT ( 'NONE',  ( -7.149999999999997700, -0.09878864538788219300, 5.642054630861912800 ) ) ;
#9939 = CARTESIAN_POINT ( 'NONE',  ( -7.149999999999997700, -0.09999999999999999200, 5.630000000000003400 ) ) ;
#9940 = CARTESIAN_POINT ( 'NONE',  ( 6.199619187310358500, -0.09064882371454537100, 5.705033909456235000 ) ) ;
#9941 = CARTESIAN_POINT ( 'NONE',  ( 6.199112182120676300, -0.08500234752888974300, 5.722146910334005900 ) ) ;
#9942 = CARTESIAN_POINT ( 'NONE',  ( 6.196090726115134100, -0.07145658431384191400, 5.749916157084178400 ) ) ;
#9943 = CARTESIAN_POINT ( 'NONE',  ( 6.193611529902927500, -0.06363282086711355400, 5.760840821126464600 ) ) ;
#9944 = CARTESIAN_POINT ( 'NONE',  ( 6.187411705441559400, -0.05120844013551102700, 5.772520855007518200 ) ) ;
#9945 = CARTESIAN_POINT ( 'NONE',  ( 6.185868314566011600, -0.04852635057025786500, 5.774050059002540500 ) ) ;
#9946 = CARTESIAN_POINT ( 'NONE',  ( 6.180560258026974700, -0.04056138579466175800, 5.777840888875710200 ) ) ;
#9947 = CARTESIAN_POINT ( 'NONE',  ( 6.177275854125413800, -0.03624465002221447000, 5.779192397562667300 ) ) ;
#9948 = CARTESIAN_POINT ( 'NONE',  ( 6.173168886887374600, -0.03183612399766666500, 5.780000000000000200 ) ) ;
#9949 = CARTESIAN_POINT ( 'NONE',  ( -6.799999999999994500, -0.6522875655532256500, 3.679999999999999700 ) ) ;
#9950 = B_SPLINE_CURVE_WITH_KNOTS ( 'NONE', 3,
 ( #9948, #9947, #9946, #9945, #9944, #9943, #9942, #9941, #9940, #9922, #9921, #9920 ),
 .UNSPECIFIED., .F., .F.,
 ( 4, 2, 2, 2, 2, 4 ),
 ( 0.0000000000000000000, 0.1249999999999956700, 0.2499999999999913400, 0.4999999999999942300, 0.7499999999999971100, 1.000000000000000000 ),
 .UNSPECIFIED. ) ;
#9951 = CARTESIAN_POINT ( 'NONE',  ( -6.923168886887379100, -0.03183612399766706100, 5.780000000000003800 ) ) ;
#9952 = CARTESIAN_POINT ( 'NONE',  ( -6.930823848888249600, -0.04005316037555366200, 5.778783933556452400 ) ) ;
#9953 = CARTESIAN_POINT ( 'NONE',  ( -6.936055069036386900, -0.04839230955812420100, 5.774792150993985000 ) ) ;
#9954 = CARTESIAN_POINT ( 'NONE',  ( -6.943383080280390200, -0.06327903954213762200, 5.761242971703311800 ) ) ;
#9955 = CARTESIAN_POINT ( 'NONE',  ( -6.946086619486236700, -0.07144094805997552900, 5.749951364127603900 ) ) ;
#9956 = CARTESIAN_POINT ( 'NONE',  ( -6.949112504419522600, -0.08500102137824394600, 5.722147778019801100 ) ) ;
#9957 = CARTESIAN_POINT ( 'NONE',  ( -6.949618274390923400, -0.09044194147275147500, 5.705898680710213900 ) ) ;
#9958 = CARTESIAN_POINT ( 'NONE',  ( -6.949866661299774200, -0.09481475264433847400, 5.685071437863200600 ) ) ;
#9959 = CARTESIAN_POINT ( 'NONE',  ( -6.949878217083713700, -0.09505469746159832300, 5.683770808123846900 ) ) ;
#9960 = CARTESIAN_POINT ( 'NONE',  ( -6.949909367530724900, -0.09573004161284468000, 5.679922567591120200 ) ) ;
#9961 = CARTESIAN_POINT ( 'NONE',  ( -6.949922454565713000, -0.09605087503586799700, 5.677920623091671900 ) ) ;
#9962 = CARTESIAN_POINT ( 'NONE',  ( -6.949955716170107300, -0.09696275410941092300, 5.671681316894057200 ) ) ;
#9963 = CARTESIAN_POINT ( 'NONE',  ( -6.949969942625173800, -0.09750317092046971400, 5.667210482496632700 ) ) ;
#9964 = CARTESIAN_POINT ( 'NONE',  ( -6.949998654997633800, -0.09892142019402656900, 5.652864088507303800 ) ) ;
#9965 = CARTESIAN_POINT ( 'NONE',  ( -6.949999999999996600, -0.09959621491347983600, 5.642054637304850600 ) ) ;
#9966 = CARTESIAN_POINT ( 'NONE',  ( -6.949999999999996600, -0.09999999999999999200, 5.630000000000003400 ) ) ;
#9967 = CARTESIAN_POINT ( 'NONE',  ( -6.950000000000000200, -0.7200000000000000800, 3.679999999999999700 ) ) ;
#9968 = AXIS2_PLACEMENT_3D ( 'NONE', #9967, #10029, #10028 ) ;
#9969 = DIRECTION ( 'NONE',  ( 0.0000000000000000000, 0.0000000000000000000, -1.000000000000000000 ) ) ;
#9970 = DIRECTION ( 'NONE',  ( 1.000000000000000000, -0.0000000000000000000, -0.0000000000000000000 ) ) ;
#9971 = CARTESIAN_POINT ( 'NONE',  ( -6.799999999999994500, -0.7200000000000000800, 3.679999999999999700 ) ) ;
#9972 = AXIS2_PLACEMENT_3D ( 'NONE', #9971, #9970, #9969 ) ;
#9973 = CIRCLE ( 'NONE', #9968, 0.2000000000000000900 ) ;
#9974 = TOROIDAL_SURFACE ( 'NONE', #9972, 0.06771243444677732500, 0.2000000000000000100 ) ;
#9975 = FACE_OUTER_BOUND ( 'NONE', #5280, .T. ) ;
#9976 = DIRECTION ( 'NONE',  ( 0.0000000000000000000, 1.000000000000000000, 0.0000000000000000000 ) ) ;
#9977 = VECTOR ( 'NONE', #9976, 1000.000000000000000 ) ;
#9978 = CARTESIAN_POINT ( 'NONE',  ( -6.799999999999998000, -31.82741950266988700, 5.780000000000003800 ) ) ;
#9979 = LINE ( 'NONE', #9978, #9977 ) ;
#9980 = CARTESIAN_POINT ( 'NONE',  ( -6.799999999999998000, 0.1999999999999987900, 5.780000000000003800 ) ) ;
#9981 = DIRECTION ( 'NONE',  ( 1.000000000000000000, -0.0000000000000000000, -3.032733349609802600E-016 ) ) ;
#9982 = VECTOR ( 'NONE', #9981, 1000.000000000000000 ) ;
#9983 = CARTESIAN_POINT ( 'NONE',  ( -7.149999999999997700, 0.2000000000000000100, 5.780000000000002900 ) ) ;
#9984 = LINE ( 'NONE', #9983, #9982 ) ;
#9985 = DIRECTION ( 'NONE',  ( 1.000000000000000000, 0.0000000000000000000, -0.0000000000000000000 ) ) ;
#9986 = DIRECTION ( 'NONE',  ( 0.0000000000000000000, 0.0000000000000000000, 1.000000000000000000 ) ) ;
#9987 = CARTESIAN_POINT ( 'NONE',  ( -6.949999999999999300, -31.82741950266988700, 5.780000000000003800 ) ) ;
#9988 = AXIS2_PLACEMENT_3D ( 'NONE', #9987, #9986, #9985 ) ;
#9989 = PLANE ( 'NONE',  #9988 ) ;
#9990 = DIRECTION ( 'NONE',  ( 0.0000000000000000000, 0.0000000000000000000, 1.000000000000000000 ) ) ;
#9991 = DIRECTION ( 'NONE',  ( -1.000000000000000000, -1.232595164407830900E-032, 3.781782119853306200E-016 ) ) ;
#9992 = CARTESIAN_POINT ( 'NONE',  ( -6.950000000000000200, -0.7199999999999999700, 3.679999999999999700 ) ) ;
#9993 = AXIS2_PLACEMENT_3D ( 'NONE', #9992, #9991, #9990 ) ;
#9994 = CIRCLE ( 'NONE', #9993, 0.2000000000000000900 ) ;
#9995 = DIRECTION ( 'NONE',  ( 1.000000000000000000, 0.0000000000000000000, 0.0000000000000000000 ) ) ;
#9996 = DIRECTION ( 'NONE',  ( 0.0000000000000000000, 0.0000000000000000000, 1.000000000000000000 ) ) ;
#9997 = CARTESIAN_POINT ( 'NONE',  ( -6.799999999999994500, -0.7877124344467764100, 3.679999999999999700 ) ) ;
#9998 = AXIS2_PLACEMENT_3D ( 'NONE', #9997, #9996, #9995 ) ;
#9999 = CIRCLE ( 'NONE', #9998, 0.1999999999999996500 ) ;
#10000 = DIRECTION ( 'NONE',  ( -0.0000000000000000000, -0.0000000000000000000, -1.000000000000000000 ) ) ;
#10001 = VECTOR ( 'NONE', #10000, 1000.000000000000000 ) ;
#10002 = CARTESIAN_POINT ( 'NONE',  ( -6.949999999999997500, -0.9200000000000000400, 3.479999999999999500 ) ) ;
#10003 = LINE ( 'NONE', #10002, #10001 ) ;
#10004 = DIRECTION ( 'NONE',  ( 0.0000000000000000000, 1.000000000000000000, 0.0000000000000000000 ) ) ;
#10005 = VECTOR ( 'NONE', #10004, 1000.000000000000000 ) ;
#10006 = CARTESIAN_POINT ( 'NONE',  ( -6.849999999999997000, -31.82741950266988700, 8.500000000000003600 ) ) ;
#10007 = LINE ( 'NONE', #10006, #10005 ) ;
#10008 = CARTESIAN_POINT ( 'NONE',  ( -6.849999999999997000, -1.043544591017298000E-015, 8.500000000000003600 ) ) ;
#10009 = DIRECTION ( 'NONE',  ( -1.000000000000000000, 0.0000000000000000000, 0.0000000000000000000 ) ) ;
#10010 = DIRECTION ( 'NONE',  ( -3.188829919075012900E-016, 1.245636687138676800E-016, -1.000000000000000000 ) ) ;
#10011 = CARTESIAN_POINT ( 'NONE',  ( -6.849999999999997000, -0.1000000000000003400, 8.500000000000003600 ) ) ;
#10012 = AXIS2_PLACEMENT_3D ( 'NONE', #10011, #10010, #10009 ) ;
#10013 = FACE_BOUND ( 'NONE', #5192, .T. ) ;
#10014 = FACE_OUTER_BOUND ( 'NONE', #5301, .T. ) ;
#10015 = CARTESIAN_POINT ( 'NONE',  ( 6.399999999999990600, -1.340000000000001000, 2.279999999999998900 ) ) ;
#10016 = DIRECTION ( 'NONE',  ( 0.0000000000000000000, 0.0000000000000000000, -1.000000000000000000 ) ) ;
#10017 = DIRECTION ( 'NONE',  ( 1.000000000000000000, -0.0000000000000000000, -0.0000000000000000000 ) ) ;
#10018 = AXIS2_PLACEMENT_3D ( 'NONE', #10020, #10017, #10016 ) ;
#10019 = TOROIDAL_SURFACE ( 'NONE', #10018, 0.06771243444677732500, 0.2000000000000000100 ) ;
#10020 = CARTESIAN_POINT ( 'NONE',  ( -6.799999999999994500, -0.7199999999999999700, 3.679999999999999700 ) ) ;
#10021 = DIRECTION ( 'NONE',  ( 0.0000000000000000000, 1.084202172485503800E-015, -1.000000000000000000 ) ) ;
#10022 = DIRECTION ( 'NONE',  ( -0.0000000000000000000, -1.000000000000000000, -8.195798055179278400E-016 ) ) ;
#10023 = CARTESIAN_POINT ( 'NONE',  ( -6.799999999999994500, -0.7200000000000000800, 3.612287565553222300 ) ) ;
#10024 = AXIS2_PLACEMENT_3D ( 'NONE', #10023, #10022, #10021 ) ;
#10025 = CIRCLE ( 'NONE', #10024, 0.2000000000000000900 ) ;
#10026 = FACE_OUTER_BOUND ( 'NONE', #5392, .T. ) ;
#10027 = CARTESIAN_POINT ( 'NONE',  ( -6.949999999999997500, -0.7199999999999999700, 3.479999999999999500 ) ) ;
#10028 = DIRECTION ( 'NONE',  ( 0.0000000000000000000, 0.0000000000000000000, 1.000000000000000000 ) ) ;
#10029 = DIRECTION ( 'NONE',  ( -1.000000000000000000, -1.232595164407830900E-032, 3.781782119853306200E-016 ) ) ;
#10030 = CARTESIAN_POINT ( 'NONE',  ( -6.949999999999996600, -0.1000000000000002000, 5.630000000000003400 ) ) ;
#10031 = CIRCLE ( 'NONE', #10012, 0.09999999999999939500 ) ;
#10032 = DIRECTION ( 'NONE',  ( -1.000000000000000000, 0.0000000000000000000, 0.0000000000000000000 ) ) ;
#10033 = DIRECTION ( 'NONE',  ( -3.781782119853306200E-016, 0.0000000000000000000, -1.000000000000000000 ) ) ;
#10034 = CARTESIAN_POINT ( 'NONE',  ( -6.799999999999994500, -0.7877124344467764100, 6.779999999999999400 ) ) ;
#10035 = AXIS2_PLACEMENT_3D ( 'NONE', #10034, #10033, #10032 ) ;
#10036 = CARTESIAN_POINT ( 'NONE',  ( -6.949999999999997500, -0.9200000000000000400, 3.679999999999999700 ) ) ;
#10037 = CYLINDRICAL_SURFACE ( 'NONE', #10035, 0.1999999999999996500 ) ;
#10038 = FACE_OUTER_BOUND ( 'NONE', #5318, .T. ) ;
#10039 = CARTESIAN_POINT ( 'NONE',  ( -6.949999999999997500, -0.9200000000000000400, 6.580000000000000100 ) ) ;
#10040 = DIRECTION ( 'NONE',  ( 0.0000000000000000000, 0.0000000000000000000, 1.000000000000000000 ) ) ;
#10041 = DIRECTION ( 'NONE',  ( -1.000000000000000000, -1.232595164407830900E-032, 3.781782119853306200E-016 ) ) ;
#10042 = CARTESIAN_POINT ( 'NONE',  ( -6.949999999999999300, -0.7200000000000000800, 6.580000000000000100 ) ) ;
#10043 = AXIS2_PLACEMENT_3D ( 'NONE', #10042, #10041, #10040 ) ;
#10044 = CIRCLE ( 'NONE', #10043, 0.1999999999999996500 ) ;
#10045 = DIRECTION ( 'NONE',  ( 1.000000000000000000, 0.0000000000000000000, 0.0000000000000000000 ) ) ;
#10046 = DIRECTION ( 'NONE',  ( 0.0000000000000000000, 0.0000000000000000000, 1.000000000000000000 ) ) ;
#10047 = CARTESIAN_POINT ( 'NONE',  ( -6.799999999999994500, -0.7877124344467764100, 6.580000000000000100 ) ) ;
#10048 = AXIS2_PLACEMENT_3D ( 'NONE', #10047, #10046, #10045 ) ;
#10049 = CIRCLE ( 'NONE', #10048, 0.1999999999999996500 ) ;
#10050 = DIRECTION ( 'NONE',  ( 0.0000000000000000000, 0.0000000000000000000, -1.000000000000000000 ) ) ;
#10051 = DIRECTION ( 'NONE',  ( 1.000000000000000000, -0.0000000000000000000, -0.0000000000000000000 ) ) ;
#10052 = CARTESIAN_POINT ( 'NONE',  ( -6.799999999999994500, -0.7200000000000000800, 6.580000000000000100 ) ) ;
#10053 = AXIS2_PLACEMENT_3D ( 'NONE', #10052, #10051, #10050 ) ;
#10054 = TOROIDAL_SURFACE ( 'NONE', #10053, 0.06771243444677631200, 0.2000000000000000100 ) ;
#10055 = FACE_OUTER_BOUND ( 'NONE', #5309, .T. ) ;
#10056 = DIRECTION ( 'NONE',  ( 0.0000000000000000000, 0.0000000000000000000, 1.000000000000000000 ) ) ;
#10057 = DIRECTION ( 'NONE',  ( -1.000000000000000000, -1.232595164407830900E-032, 3.781782119853306200E-016 ) ) ;
#10058 = CARTESIAN_POINT ( 'NONE',  ( -6.949999999999999300, -0.7199999999999999700, 6.580000000000000100 ) ) ;
#10059 = AXIS2_PLACEMENT_3D ( 'NONE', #10058, #10057, #10056 ) ;
#10060 = CIRCLE ( 'NONE', #10059, 0.1999999999999996500 ) ;
#10061 = DIRECTION ( 'NONE',  ( 0.0000000000000000000, 0.0000000000000000000, -1.000000000000000000 ) ) ;
#10062 = DIRECTION ( 'NONE',  ( 1.000000000000000000, 0.0000000000000000000, -4.982546748554703600E-017 ) ) ;
#10063 = AXIS2_PLACEMENT_3D ( 'NONE', #10068, #10062, #10061 ) ;
#10064 = CIRCLE ( 'NONE', #10063, 0.6199999999999998800 ) ;
#10065 = DIRECTION ( 'NONE',  ( 6.123031769111885100E-017, 1.000000000000000000, -1.245636687138676800E-016 ) ) ;
#10066 = DIRECTION ( 'NONE',  ( 3.781782119853307200E-016, 1.245636687138676600E-016, 1.000000000000000000 ) ) ;
#10067 = AXIS2_PLACEMENT_3D ( 'NONE', #10069, #10066, #10065 ) ;
#10068 = CARTESIAN_POINT ( 'NONE',  ( 6.399999999999994100, -0.7200000000000002000, 2.279999999999998500 ) ) ;
#10069 = CARTESIAN_POINT ( 'NONE',  ( 6.752978098234931000, -1.340000000000000100, 8.499999999999994700 ) ) ;
#10070 = PLANE ( 'NONE',  #10067 ) ;
#10071 = DIRECTION ( 'NONE',  ( -4.982546748554703600E-017, 4.982546748554703000E-017, -1.000000000000000000 ) ) ;
#10072 = DIRECTION ( 'NONE',  ( 1.000000000000000000, 0.0000000000000000000, -4.982546748554703600E-017 ) ) ;
#10073 = CARTESIAN_POINT ( 'NONE',  ( 6.399999999999994100, -1.340000000000001000, 1.659999999999997900 ) ) ;
#10074 = AXIS2_PLACEMENT_3D ( 'NONE', #10073, #10072, #10071 ) ;
#10075 = FACE_OUTER_BOUND ( 'NONE', #5300, .T. ) ;
#10076 = PLANE ( 'NONE',  #10074 ) ;
#10077 = FACE_OUTER_BOUND ( 'NONE', #5297, .T. ) ;
#10078 = B_SPLINE_CURVE_WITH_KNOTS ( 'NONE', 3,
 ( #10197, #10196, #10195, #10194 ),
 .UNSPECIFIED., .F., .F.,
 ( 4, 4 ),
 ( 0.0000000000000000000, 1.000000000000000000 ),
 .UNSPECIFIED. ) ;
#10079 = CYLINDRICAL_SURFACE ( 'NONE', #10287, 1.000000000000000000 ) ;
#10080 = DIRECTION ( 'NONE',  ( 0.0000000000000000000, 1.084202172485504400E-016, 1.000000000000000000 ) ) ;
#10081 = DIRECTION ( 'NONE',  ( -1.000000000000000000, -1.232595164407830900E-032, 3.781782119853306200E-016 ) ) ;
#10082 = AXIS2_PLACEMENT_3D ( 'NONE', #10089, #10081, #10080 ) ;
#10083 = CIRCLE ( 'NONE', #10082, 1.000000000000000000 ) ;
#10084 = FACE_OUTER_BOUND ( 'NONE', #5369, .T. ) ;
#10085 = CARTESIAN_POINT ( 'NONE',  ( -6.949999999999996600, -0.1000000000000002000, 5.630000000000003400 ) ) ;
#10086 = CARTESIAN_POINT ( 'NONE',  ( -7.016666666666665700, -0.1000000000000002700, 5.630000000000003400 ) ) ;
#10087 = CARTESIAN_POINT ( 'NONE',  ( -7.083333333333332100, -0.1000000000000002700, 5.630000000000003400 ) ) ;
#10088 = CARTESIAN_POINT ( 'NONE',  ( -7.149999999999998600, -0.1000000000000002600, 5.630000000000003400 ) ) ;
#10089 = CARTESIAN_POINT ( 'NONE',  ( -7.149999999999999500, -0.3400000000000009100, 7.500000000000002700 ) ) ;
#10090 = B_SPLINE_CURVE_WITH_KNOTS ( 'NONE', 3,
 ( #10088, #10087, #10086, #10085 ),
 .UNSPECIFIED., .F., .F.,
 ( 4, 4 ),
 ( 0.0000000000000000000, 1.000000000000000000 ),
 .UNSPECIFIED. ) ;
#10091 = DIRECTION ( 'NONE',  ( 0.0000000000000000000, 1.748713181428233300E-016, 1.000000000000000000 ) ) ;
#10092 = DIRECTION ( 'NONE',  ( -1.000000000000000000, -1.232595164407830900E-032, 3.781782119853306200E-016 ) ) ;
#10093 = CARTESIAN_POINT ( 'NONE',  ( -7.150000000000001200, -0.7200000000000002000, 2.280000000000002500 ) ) ;
#10094 = AXIS2_PLACEMENT_3D ( 'NONE', #10093, #10092, #10091 ) ;
#10095 = CIRCLE ( 'NONE', #10094, 0.6199999999999998800 ) ;
#10096 = CARTESIAN_POINT ( 'NONE',  ( 6.199999999999993100, -0.1000000000000001300, 5.629999999999999900 ) ) ;
#10097 = CARTESIAN_POINT ( 'NONE',  ( 6.199999999999993100, -0.09939344738207744900, 5.652401119559580200 ) ) ;
#10098 = CARTESIAN_POINT ( 'NONE',  ( 6.200023267155502000, -0.09739750007933088700, 5.671888163842671000 ) ) ;
#10099 = CARTESIAN_POINT ( 'NONE',  ( 6.199619187310359400, -0.09064882371454537100, 5.705033909456235000 ) ) ;
#10100 = CARTESIAN_POINT ( 'NONE',  ( 6.199112182120677200, -0.08500234752888977100, 5.722146910334007700 ) ) ;
#10101 = CARTESIAN_POINT ( 'NONE',  ( 6.196090726115135000, -0.07145658431384191400, 5.749916157084179200 ) ) ;
#10102 = CARTESIAN_POINT ( 'NONE',  ( 6.193611529902926600, -0.06363282086711358200, 5.760840821126464600 ) ) ;
#10103 = CARTESIAN_POINT ( 'NONE',  ( 6.188961661556899900, -0.05431453531841165500, 5.769600846537255000 ) ) ;
#10104 = CARTESIAN_POINT ( 'NONE',  ( 6.188658726364795200, -0.05373381697467592000, 5.770085129957813300 ) ) ;
#10105 = CARTESIAN_POINT ( 'NONE',  ( 6.187750242941729300, -0.05203309144808251200, 5.771440767113323200 ) ) ;
#10106 = CARTESIAN_POINT ( 'NONE',  ( 6.187265466710941900, -0.05115511160214310200, 5.772084591550479300 ) ) ;
#10107 = CARTESIAN_POINT ( 'NONE',  ( 6.185711020331232200, -0.04844459092109515400, 5.773914082440136000 ) ) ;
#10108 = CARTESIAN_POINT ( 'NONE',  ( 6.184541300431250800, -0.04653510937635888700, 5.774997766470832500 ) ) ;
#10109 = CARTESIAN_POINT ( 'NONE',  ( 6.180560258026972100, -0.04056138579466182100, 5.777840888875709300 ) ) ;
#10110 = CARTESIAN_POINT ( 'NONE',  ( 6.177277808353384400, -0.03624674774161696500, 5.779192013279281800 ) ) ;
#10111 = CARTESIAN_POINT ( 'NONE',  ( 6.173168886887374600, -0.03183612399766673500, 5.780000000000000200 ) ) ;
#10112 = CARTESIAN_POINT ( 'NONE',  ( 6.399999999999993200, -0.1000000000000001000, 5.629999999999999900 ) ) ;
#10113 = CARTESIAN_POINT ( 'NONE',  ( 6.399999999999993200, -0.09818036284796326200, 5.652400864708398300 ) ) ;
#10114 = CARTESIAN_POINT ( 'NONE',  ( 6.400069801466521800, -0.09219250023799234500, 5.671888163842671000 ) ) ;
#10115 = CARTESIAN_POINT ( 'NONE',  ( 6.398857561931092300, -0.07194647114363583700, 5.705033909456235000 ) ) ;
#10116 = CARTESIAN_POINT ( 'NONE',  ( 6.397336546362045500, -0.05500704258666899700, 5.722146910334007700 ) ) ;
#10117 = CARTESIAN_POINT ( 'NONE',  ( 6.388272178345417300, -0.01436975294152540900, 5.749916157084179200 ) ) ;
#10118 = CARTESIAN_POINT ( 'NONE',  ( 6.380834589708794800, 0.009101537398659686700, 5.760840821126464600 ) ) ;
#10119 = CARTESIAN_POINT ( 'NONE',  ( 6.366884984670713600, 0.03705639404476549600, 5.769600846537255000 ) ) ;
#10120 = CARTESIAN_POINT ( 'NONE',  ( 6.365976179094400500, 0.03879854907597262600, 5.770085129957813300 ) ) ;
#10121 = CARTESIAN_POINT ( 'NONE',  ( 6.363250728825201800, 0.04390072565575284900, 5.771440767113323200 ) ) ;
#10122 = CARTESIAN_POINT ( 'NONE',  ( 6.361796400132840600, 0.04653466519357129400, 5.772084591550479300 ) ) ;
#10123 = CARTESIAN_POINT ( 'NONE',  ( 6.357133060993712400, 0.05466622723671515200, 5.773914082440136000 ) ) ;
#10124 = CARTESIAN_POINT ( 'NONE',  ( 6.353623901293767400, 0.06039467187092403100, 5.774997766470832500 ) ) ;
#10125 = CARTESIAN_POINT ( 'NONE',  ( 6.341680774080931100, 0.07831584261601527700, 5.777840888875709300 ) ) ;
#10126 = CARTESIAN_POINT ( 'NONE',  ( 6.331833518501526600, 0.09125965647275144400, 5.779192007154448700 ) ) ;
#10127 = CARTESIAN_POINT ( 'NONE',  ( 6.319506660662139700, 0.1044916280070004000, 5.780000000000000200 ) ) ;
#10128 = B_SPLINE_SURFACE_WITH_KNOTS ( 'NONE', 1, 3, ( 
 ( #10127, #10126, #10125, #10124, #10123, #10122, #10121, #10120, #10119, #10118, #10117, #10116, #10115, #10114, #10113, #10112 ),
 ( #10111, #10110, #10109, #10108, #10107, #10106, #10105, #10104, #10103, #10102, #10101, #10100, #10099, #10098, #10097, #10096 ) ),
 .UNSPECIFIED., .F., .F., .F.,
 ( 2, 2 ),
 ( 4, 2, 2, 2, 2, 2, 2, 4 ),
 ( 0.0000000000000000000, 1.000000000000000000 ),
 ( 0.0000000000000000000, 0.1250000000000000000, 0.1875000000000000000, 0.2187500000000000000, 0.2500000000000000000, 0.5000000000000000000, 0.7500000000000000000, 1.000000000000000000 ),
 .UNSPECIFIED. ) ;
#10129 = CARTESIAN_POINT ( 'NONE',  ( -7.149999999999998600, -0.3399999999999991400, 8.500000000000001800 ) ) ;
#10130 = CARTESIAN_POINT ( 'NONE',  ( -5.250000000000000000, -1.649999999999999700, -0.3000000000000056500 ) ) ;
#10131 = DIRECTION ( 'NONE',  ( 0.0000000000000000000, 0.0000000000000000000, 1.000000000000000000 ) ) ;
#10132 = VECTOR ( 'NONE', #10131, 1000.000000000000000 ) ;
#10133 = CARTESIAN_POINT ( 'NONE',  ( -5.250000000000000000, -1.649999999999999700, -5.421010862427522200E-015 ) ) ;
#10134 = LINE ( 'NONE', #10133, #10132 ) ;
#10135 = CARTESIAN_POINT ( 'NONE',  ( -5.250000000000000000, -1.449999999999999700, 0.1499999999999956400 ) ) ;
#10136 = DIRECTION ( 'NONE',  ( 0.0000000000000000000, -1.000000000000000000, 0.0000000000000000000 ) ) ;
#10137 = VECTOR ( 'NONE', #10136, 1000.000000000000000 ) ;
#10138 = CARTESIAN_POINT ( 'NONE',  ( -5.250000000000000000, 65.90119046564578300, 0.1499999999999956400 ) ) ;
#10139 = LINE ( 'NONE', #10138, #10137 ) ;
#10140 = DIRECTION ( 'NONE',  ( 0.0000000000000000000, 0.0000000000000000000, 1.000000000000000000 ) ) ;
#10141 = DIRECTION ( 'NONE',  ( 0.0000000000000000000, 1.000000000000000000, 0.0000000000000000000 ) ) ;
#10142 = CARTESIAN_POINT ( 'NONE',  ( -6.799999999999998000, -31.82741950266988700, 5.630000000000003400 ) ) ;
#10143 = AXIS2_PLACEMENT_3D ( 'NONE', #10142, #10141, #10140 ) ;
#10144 = CARTESIAN_POINT ( 'NONE',  ( -6.650000000000000400, 0.0000000000000000000, 5.630000000000003400 ) ) ;
#10145 = CYLINDRICAL_SURFACE ( 'NONE', #10143, 0.1499999999999999700 ) ;
#10146 = FACE_OUTER_BOUND ( 'NONE', #5499, .T. ) ;
#10147 = DIRECTION ( 'NONE',  ( 0.0000000000000000000, 1.000000000000000000, 0.0000000000000000000 ) ) ;
#10148 = VECTOR ( 'NONE', #10147, 1000.000000000000000 ) ;
#10149 = CARTESIAN_POINT ( 'NONE',  ( -6.649999999999997700, -31.82741950266988700, 5.630000000000003400 ) ) ;
#10150 = LINE ( 'NONE', #10149, #10148 ) ;
#10151 = CARTESIAN_POINT ( 'NONE',  ( -5.250000000000000000, -1.449999999999999700, 0.7499999999999945600 ) ) ;
#10152 = DIRECTION ( 'NONE',  ( 0.0000000000000000000, 0.0000000000000000000, 1.000000000000000000 ) ) ;
#10153 = VECTOR ( 'NONE', #10152, 1000.000000000000000 ) ;
#10154 = CARTESIAN_POINT ( 'NONE',  ( -5.249999999999999100, -1.449999999999999700, 18.99999999999999600 ) ) ;
#10155 = LINE ( 'NONE', #10154, #10153 ) ;
#10156 = DIRECTION ( 'NONE',  ( -1.000000000000000000, 0.0000000000000000000, 3.614007241618351700E-016 ) ) ;
#10157 = VECTOR ( 'NONE', #10156, 1000.000000000000000 ) ;
#10158 = CARTESIAN_POINT ( 'NONE',  ( -3.450000000000001100, 0.2000000000000003200, 1.149999999999994600 ) ) ;
#10159 = LINE ( 'NONE', #10158, #10157 ) ;
#10160 = FACE_OUTER_BOUND ( 'NONE', #5566, .T. ) ;
#10161 = DIRECTION ( 'NONE',  ( -2.536145432714629900E-016, 0.0000000000000000000, -1.000000000000000000 ) ) ;
#10162 = VECTOR ( 'NONE', #10161, 1000.000000000000000 ) ;
#10163 = CARTESIAN_POINT ( 'NONE',  ( -6.849999999999997900, 0.0000000000000000000, 5.780000000000002900 ) ) ;
#10164 = DIRECTION ( 'NONE',  ( 0.0000000000000000000, 0.0000000000000000000, -1.000000000000000000 ) ) ;
#10165 = DIRECTION ( 'NONE',  ( 1.000000000000000000, 0.0000000000000000000, 0.0000000000000000000 ) ) ;
#10166 = CARTESIAN_POINT ( 'NONE',  ( -5.800000000000000700, 0.2000000000000011800, 15.79999999999999500 ) ) ;
#10167 = LINE ( 'NONE', #10163, #10162 ) ;
#10168 = CARTESIAN_POINT ( 'NONE',  ( -6.949949456936058900, -0.09627235636820082000, 5.678129023580862800 ) ) ;
#10169 = CARTESIAN_POINT ( 'NONE',  ( -6.949960371834355200, -0.09703042116261746700, 5.671992613826409600 ) ) ;
#10170 = CARTESIAN_POINT ( 'NONE',  ( -6.949998654997633800, -0.09892142019402658200, 5.652864088507303800 ) ) ;
#10171 = DIRECTION ( 'NONE',  ( -1.000000000000000000, 0.0000000000000000000, 0.0000000000000000000 ) ) ;
#10172 = DIRECTION ( 'NONE',  ( -3.188829919075012900E-016, 1.245636687138676800E-016, -1.000000000000000000 ) ) ;
#10173 = CARTESIAN_POINT ( 'NONE',  ( -6.849999999999990800, -0.1000000000000028500, 28.61700791379316700 ) ) ;
#10174 = AXIS2_PLACEMENT_3D ( 'NONE', #10173, #10172, #10171 ) ;
#10175 = CYLINDRICAL_SURFACE ( 'NONE', #10174, 0.09999999999999939500 ) ;
#10176 = FACE_OUTER_BOUND ( 'NONE', #5511, .T. ) ;
#10177 = DIRECTION ( 'NONE',  ( 1.000000000000000000, 0.0000000000000000000, 0.0000000000000000000 ) ) ;
#10178 = VECTOR ( 'NONE', #10177, 1000.000000000000000 ) ;
#10179 = CARTESIAN_POINT ( 'NONE',  ( -6.949999999999999300, 0.0000000000000000000, 5.780000000000003800 ) ) ;
#10180 = LINE ( 'NONE', #10179, #10178 ) ;
#10181 = DIRECTION ( 'NONE',  ( -3.781782119853306700E-016, 1.412300271759323200E-016, -1.000000000000000000 ) ) ;
#10182 = VECTOR ( 'NONE', #10181, 1000.000000000000000 ) ;
#10183 = CARTESIAN_POINT ( 'NONE',  ( -6.949999999999998400, -0.1000000000000002600, 8.500000000000001800 ) ) ;
#10184 = LINE ( 'NONE', #10183, #10182 ) ;
#10185 = DIRECTION ( 'NONE',  ( 3.781782119853307200E-016, 1.245636687138676800E-016, 1.000000000000000000 ) ) ;
#10186 = VECTOR ( 'NONE', #10185, 1000.000000000000000 ) ;
#10187 = CARTESIAN_POINT ( 'NONE',  ( -6.950000000000001100, -1.340000000000000100, 1.660000000000002600 ) ) ;
#10188 = LINE ( 'NONE', #10187, #10186 ) ;
#10189 = DIRECTION ( 'NONE',  ( 0.0000000000000000000, -1.000000000000000000, -1.245636687138676800E-016 ) ) ;
#10190 = DIRECTION ( 'NONE',  ( -2.686778155301674400E-031, -1.245636687138676800E-016, 1.000000000000000000 ) ) ;
#10191 = CARTESIAN_POINT ( 'NONE',  ( -6.849999999999997000, -0.1000000000000003400, 8.500000000000003600 ) ) ;
#10192 = AXIS2_PLACEMENT_3D ( 'NONE', #10191, #10190, #10189 ) ;
#10193 = PLANE ( 'NONE',  #10192 ) ;
#10194 = CARTESIAN_POINT ( 'NONE',  ( 6.399999999999993200, -0.1000000000000000900, 5.629999999999999900 ) ) ;
#10195 = CARTESIAN_POINT ( 'NONE',  ( 6.333333333333322400, -0.1000000000000002600, 5.629999999999999900 ) ) ;
#10196 = CARTESIAN_POINT ( 'NONE',  ( 6.266666666666656800, -0.1000000000000002600, 5.629999999999999900 ) ) ;
#10197 = CARTESIAN_POINT ( 'NONE',  ( 6.199999999999994000, -0.1000000000000001300, 5.629999999999999900 ) ) ;
#10198 = CARTESIAN_POINT ( 'NONE',  ( -6.944573677019589800, -0.06466091140084120900, 5.763853157181500800 ) ) ;
#10199 = CARTESIAN_POINT ( 'NONE',  ( -6.949112504419523400, -0.08500102137824390400, 5.722147778019802000 ) ) ;
#10200 = CARTESIAN_POINT ( 'NONE',  ( -6.949618274390922500, -0.09044194147275147500, 5.705898680710213900 ) ) ;
#10201 = CARTESIAN_POINT ( 'NONE',  ( -6.949999999999996600, -0.09959621488623059100, 5.642054638118352700 ) ) ;
#10202 = CARTESIAN_POINT ( 'NONE',  ( -6.949999999999996600, -0.1000000000000002000, 5.630000000000003400 ) ) ;
#10203 = AXIS2_PLACEMENT_3D ( 'NONE', #10166, #10165, #10164 ) ;
#10204 = FACE_OUTER_BOUND ( 'NONE', #5436, .T. ) ;
#10205 = DIRECTION ( 'NONE',  ( 1.943193231936336000E-016, 1.245636687138676800E-016, 1.000000000000000000 ) ) ;
#10206 = DIRECTION ( 'NONE',  ( 4.930380657631323800E-032, -1.000000000000000000, 1.245636687138676800E-016 ) ) ;
#10207 = CARTESIAN_POINT ( 'NONE',  ( 6.752978098234927500, -1.340000000000000100, 1.659999999999997500 ) ) ;
#10208 = AXIS2_PLACEMENT_3D ( 'NONE', #10207, #10206, #10205 ) ;
#10209 = PLANE ( 'NONE',  #10208 ) ;
#10210 = PLANE ( 'NONE',  #10203 ) ;
#10211 = FACE_OUTER_BOUND ( 'NONE', #5492, .T. ) ;
#10212 = DIRECTION ( 'NONE',  ( -1.000000000000000000, -1.232595164407830900E-032, 3.781782119853306200E-016 ) ) ;
#10213 = VECTOR ( 'NONE', #10212, 1000.000000000000000 ) ;
#10214 = CARTESIAN_POINT ( 'NONE',  ( 6.752978098234927500, -1.339999999999998300, 2.279999999999997100 ) ) ;
#10215 = LINE ( 'NONE', #10214, #10213 ) ;
#10216 = DIRECTION ( 'NONE',  ( -1.000000000000000000, -1.232595164407830900E-032, 3.781782119853306200E-016 ) ) ;
#10217 = VECTOR ( 'NONE', #10216, 1000.000000000000000 ) ;
#10218 = CARTESIAN_POINT ( 'NONE',  ( 6.752978098234927500, -0.1000000000000002600, 2.279999999999997100 ) ) ;
#10219 = LINE ( 'NONE', #10218, #10217 ) ;
#10220 = CARTESIAN_POINT ( 'NONE',  ( -6.649999999999997700, 0.1999999999999987900, 5.630000000000003400 ) ) ;
#10221 = DIRECTION ( 'NONE',  ( 0.0000000000000000000, -1.000000000000000000, 0.0000000000000000000 ) ) ;
#10222 = DIRECTION ( 'NONE',  ( -0.0000000000000000000, -4.982546748554711000E-017, -1.000000000000000000 ) ) ;
#10223 = CARTESIAN_POINT ( 'NONE',  ( 6.099999999999993400, -0.1000000000000000100, 8.500000000000000000 ) ) ;
#10224 = AXIS2_PLACEMENT_3D ( 'NONE', #10223, #10222, #10221 ) ;
#10225 = CIRCLE ( 'NONE', #10224, 0.09999999999999983900 ) ;
#10226 = DIRECTION ( 'NONE',  ( 0.0000000000000000000, 0.0000000000000000000, 1.000000000000000000 ) ) ;
#10227 = VECTOR ( 'NONE', #10226, 1000.000000000000000 ) ;
#10228 = CARTESIAN_POINT ( 'NONE',  ( -5.249999999999999100, -1.299999999999999800, 18.99999999999999600 ) ) ;
#10229 = LINE ( 'NONE', #10228, #10227 ) ;
#10230 = CARTESIAN_POINT ( 'NONE',  ( -5.250000000000000000, -1.299999999999999800, 0.7499999999999945600 ) ) ;
#10231 = DIRECTION ( 'NONE',  ( -3.350883624003734100E-016, -1.245636687138676800E-016, -1.000000000000000000 ) ) ;
#10232 = VECTOR ( 'NONE', #10231, 1000.000000000000000 ) ;
#10233 = CARTESIAN_POINT ( 'NONE',  ( -6.949999999999998400, -0.1000000000000002600, 5.780000000000001100 ) ) ;
#10234 = LINE ( 'NONE', #10233, #10232 ) ;
#10235 = DIRECTION ( 'NONE',  ( 0.0000000000000000000, -1.000000000000000000, 0.0000000000000000000 ) ) ;
#10236 = VECTOR ( 'NONE', #10235, 1000.000000000000000 ) ;
#10237 = CARTESIAN_POINT ( 'NONE',  ( -5.800000000000000700, 0.2000000000000011800, 15.59999999999999600 ) ) ;
#10238 = LINE ( 'NONE', #10237, #10236 ) ;
#10239 = DIRECTION ( 'NONE',  ( 0.0000000000000000000, -5.246139544284700100E-016, 1.000000000000000000 ) ) ;
#10240 = DIRECTION ( 'NONE',  ( -1.000000000000000000, -1.232595164407830900E-032, 3.781782119853306200E-016 ) ) ;
#10241 = AXIS2_PLACEMENT_3D ( 'NONE', #10247, #10240, #10239 ) ;
#10242 = CYLINDRICAL_SURFACE ( 'NONE', #10241, 0.6199999999999998800 ) ;
#10243 = FACE_OUTER_BOUND ( 'NONE', #5426, .T. ) ;
#10244 = DIRECTION ( 'NONE',  ( 3.781782119853307200E-016, 1.245636687138676800E-016, 1.000000000000000000 ) ) ;
#10245 = DIRECTION ( 'NONE',  ( -1.000000000000000000, -1.232595164407829300E-032, 3.781782119853307200E-016 ) ) ;
#10246 = AXIS2_PLACEMENT_3D ( 'NONE', #10248, #10245, #10244 ) ;
#10247 = CARTESIAN_POINT ( 'NONE',  ( 6.752978098234927500, -0.7200000000000009700, 2.279999999999997100 ) ) ;
#10248 = CARTESIAN_POINT ( 'NONE',  ( -6.949999999999998400, -1.340000000000000100, 8.500000000000001800 ) ) ;
#10249 = PLANE ( 'NONE',  #10246 ) ;
#10250 = FACE_OUTER_BOUND ( 'NONE', #5505, .T. ) ;
#10251 = FACE_BOUND ( 'NONE', #5427, .T. ) ;
#10252 = DIRECTION ( 'NONE',  ( 0.0000000000000000000, 1.000000000000000000, 0.0000000000000000000 ) ) ;
#10253 = VECTOR ( 'NONE', #10252, 1000.000000000000000 ) ;
#10254 = CARTESIAN_POINT ( 'NONE',  ( 6.099999999999993400, -31.82741950266988700, 8.500000000000000000 ) ) ;
#10255 = LINE ( 'NONE', #10254, #10253 ) ;
#10256 = DIRECTION ( 'NONE',  ( 0.0000000000000000000, 0.0000000000000000000, 1.000000000000000000 ) ) ;
#10257 = AXIS2_PLACEMENT_3D ( 'NONE', #10258, #10260, #10256 ) ;
#10258 = CARTESIAN_POINT ( 'NONE',  ( -7.502978098234931000, -0.7200000000000002000, 2.279999999999998900 ) ) ;
#10259 = CYLINDRICAL_SURFACE ( 'NONE', #10257, 0.6199999999999998800 ) ;
#10260 = DIRECTION ( 'NONE',  ( 1.000000000000000000, -1.232595164407831200E-032, -4.982546748554704200E-017 ) ) ;
#10261 = FACE_OUTER_BOUND ( 'NONE', #5583, .T. ) ;
#10262 = CARTESIAN_POINT ( 'NONE',  ( -5.349999999999999600, -1.649999999999999700, 15.49999999999999500 ) ) ;
#10263 = DIRECTION ( 'NONE',  ( 0.0000000000000000000, 0.0000000000000000000, 1.000000000000000000 ) ) ;
#10264 = DIRECTION ( 'NONE',  ( -0.0000000000000000000, -1.000000000000000000, -0.0000000000000000000 ) ) ;
#10265 = CARTESIAN_POINT ( 'NONE',  ( -5.349999999999999600, -1.649999999999999700, 14.89999999999999500 ) ) ;
#10266 = AXIS2_PLACEMENT_3D ( 'NONE', #10265, #10264, #10263 ) ;
#10267 = CIRCLE ( 'NONE', #10266, 0.5999999999999998700 ) ;
#10268 = CARTESIAN_POINT ( 'NONE',  ( -7.150000000000000400, -1.339999999999996500, 7.500000000000003600 ) ) ;
#10269 = DIRECTION ( 'NONE',  ( -7.395570986446985700E-032, 1.000000000000000000, -1.245636687138676800E-016 ) ) ;
#10270 = VECTOR ( 'NONE', #10269, 1000.000000000000000 ) ;
#10271 = CARTESIAN_POINT ( 'NONE',  ( -7.149999999999998600, -1.340000000000000100, 8.500000000000001800 ) ) ;
#10272 = LINE ( 'NONE', #10271, #10270 ) ;
#10273 = CARTESIAN_POINT ( 'NONE',  ( -7.150000000000001200, -0.7200000000000009700, 1.660000000000002400 ) ) ;
#10274 = DIRECTION ( 'NONE',  ( -3.350883624003734100E-016, -1.245636687138676800E-016, -1.000000000000000000 ) ) ;
#10275 = VECTOR ( 'NONE', #10274, 1000.000000000000000 ) ;
#10276 = CARTESIAN_POINT ( 'NONE',  ( -7.149999999999998600, -0.1000000000000002600, 5.780000000000001100 ) ) ;
#10277 = LINE ( 'NONE', #10276, #10275 ) ;
#10278 = CARTESIAN_POINT ( 'NONE',  ( -6.949999999999997500, -0.7200000000000000800, 6.779999999999999400 ) ) ;
#10279 = DIRECTION ( 'NONE',  ( 0.0000000000000000000, 0.0000000000000000000, -1.000000000000000000 ) ) ;
#10280 = DIRECTION ( 'NONE',  ( 0.0000000000000000000, -1.000000000000000000, 0.0000000000000000000 ) ) ;
#10281 = CARTESIAN_POINT ( 'NONE',  ( -6.799999999999994500, -0.7200000000000000800, 6.647712434446774000 ) ) ;
#10282 = AXIS2_PLACEMENT_3D ( 'NONE', #10281, #10280, #10279 ) ;
#10283 = CIRCLE ( 'NONE', #10282, 0.1999999999999996500 ) ;
#10284 = DIRECTION ( 'NONE',  ( 0.0000000000000000000, -4.336808689942017700E-016, 1.000000000000000000 ) ) ;
#10285 = DIRECTION ( 'NONE',  ( -1.000000000000000000, -1.232595164407830900E-032, 3.781782119853306200E-016 ) ) ;
#10286 = CARTESIAN_POINT ( 'NONE',  ( 6.752978098234929200, -0.3400000000000009100, 7.499999999999997300 ) ) ;
#10287 = AXIS2_PLACEMENT_3D ( 'NONE', #10286, #10285, #10284 ) ;
#10288 = B_SPLINE_CURVE_WITH_KNOTS ( 'NONE', 3,
 ( #10202, #10201, #10170, #10169, #10168, #10200, #10199, #10198, #10311, #10310 ),
 .UNSPECIFIED., .F., .F.,
 ( 4, 2, 2, 2, 4 ),
 ( 0.0000000000000000000, 0.1250000000000027200, 0.2500000000000054400, 0.4999999999999995000, 1.000000000000000000 ),
 .UNSPECIFIED. ) ;
#10289 = CARTESIAN_POINT ( 'NONE',  ( -5.450000000000002000, -1.649999999999999700, -0.5000000000000056600 ) ) ;
#10290 = DIRECTION ( 'NONE',  ( 0.7071067811865489100, -0.0000000000000000000, 0.7071067811865461300 ) ) ;
#10291 = VECTOR ( 'NONE', #10290, 1000.000000000000100 ) ;
#10292 = CARTESIAN_POINT ( 'NONE',  ( -5.250000000000000000, -1.649999999999999700, -0.3000000000000057100 ) ) ;
#10293 = LINE ( 'NONE', #10292, #10291 ) ;
#10294 = CARTESIAN_POINT ( 'NONE',  ( -5.250000000000000000, -1.299999999999999800, 0.1499999999999956400 ) ) ;
#10295 = DIRECTION ( 'NONE',  ( -0.0000000000000000000, 0.0000000000000000000, -1.000000000000000000 ) ) ;
#10296 = DIRECTION ( 'NONE',  ( 1.000000000000000000, 0.0000000000000000000, -0.0000000000000000000 ) ) ;
#10297 = AXIS2_PLACEMENT_3D ( 'NONE', #10298, #10296, #10295 ) ;
#10298 = CARTESIAN_POINT ( 'NONE',  ( -5.250000000000000000, 0.2000000000000011800, -5.421010862427522200E-015 ) ) ;
#10299 = PLANE ( 'NONE',  #10297 ) ;
#10300 = FACE_OUTER_BOUND ( 'NONE', #5456, .T. ) ;
#10301 = FACE_BOUND ( 'NONE', #5445, .T. ) ;
#10302 = DIRECTION ( 'NONE',  ( 0.0000000000000000000, -1.000000000000000000, 0.0000000000000000000 ) ) ;
#10303 = VECTOR ( 'NONE', #10302, 1000.000000000000000 ) ;
#10304 = CARTESIAN_POINT ( 'NONE',  ( -5.250000000000000000, 65.90119046564578300, 0.7499999999999945600 ) ) ;
#10305 = LINE ( 'NONE', #10304, #10303 ) ;
#10306 = DIRECTION ( 'NONE',  ( 0.0000000000000000000, -1.000000000000000000, 0.0000000000000000000 ) ) ;
#10307 = VECTOR ( 'NONE', #10306, 1000.000000000000000 ) ;
#10308 = CARTESIAN_POINT ( 'NONE',  ( -5.450000000000001100, -0.8999999999999991300, -0.5000000000000054400 ) ) ;
#10309 = LINE ( 'NONE', #10308, #10307 ) ;
#10310 = CARTESIAN_POINT ( 'NONE',  ( -6.923168886887379100, -0.03183612399766699200, 5.780000000000003800 ) ) ;
#10311 = CARTESIAN_POINT ( 'NONE',  ( -6.938449053162257100, -0.04823825403130564000, 5.777572594422202300 ) ) ;
#10312 = DIRECTION ( 'NONE',  ( 0.7071067811865444600, 0.0000000000000000000, 0.7071067811865505700 ) ) ;
#10313 = DIRECTION ( 'NONE',  ( -0.7071067811865505700, 0.0000000000000000000, 0.7071067811865444600 ) ) ;
#10314 = AXIS2_PLACEMENT_3D ( 'NONE', #10317, #10313, #10312 ) ;
#10315 = PLANE ( 'NONE',  #10339 ) ;
#10316 = CARTESIAN_POINT ( 'NONE',  ( -4.200000000000000200, 0.2000000000000011800, 15.59999999999999600 ) ) ;
#10317 = CARTESIAN_POINT ( 'NONE',  ( -3.999999999999999100, 20.04522618641298200, 15.79999999999999500 ) ) ;
#10318 = PLANE ( 'NONE',  #10314 ) ;
#10319 = FACE_OUTER_BOUND ( 'NONE', #5544, .T. ) ;
#10320 = DIRECTION ( 'NONE',  ( 0.0000000000000000000, 1.000000000000000000, 0.0000000000000000000 ) ) ;
#10321 = VECTOR ( 'NONE', #10320, 1000.000000000000000 ) ;
#10322 = CARTESIAN_POINT ( 'NONE',  ( -4.200000000000000200, 0.2000000000000011800, 15.59999999999999400 ) ) ;
#10323 = LINE ( 'NONE', #10322, #10321 ) ;
#10324 = CARTESIAN_POINT ( 'NONE',  ( -4.200000000000000200, -1.649999999999999700, 15.59999999999999400 ) ) ;
#10325 = DIRECTION ( 'NONE',  ( 0.0000000000000000000, 0.0000000000000000000, -1.000000000000000000 ) ) ;
#10326 = VECTOR ( 'NONE', #10325, 1000.000000000000000 ) ;
#10327 = DIRECTION ( 'NONE',  ( 0.7071067811865474600, 0.0000000000000000000, -0.7071067811865474600 ) ) ;
#10328 = CARTESIAN_POINT ( 'NONE',  ( 9.899999999999998600, 0.2000000000000003200, 9.899999999999993200 ) ) ;
#10329 = VECTOR ( 'NONE', #9778, 1000.000000000000000 ) ;
#10330 = CARTESIAN_POINT ( 'NONE',  ( 5.900000000000000400, -1.649999999999999700, 8.299999999999995400 ) ) ;
#10331 = LINE ( 'NONE', #10330, #10329 ) ;
#10332 = DIRECTION ( 'NONE',  ( 0.7071067811865444600, -0.0000000000000000000, 0.7071067811865505700 ) ) ;
#10333 = VECTOR ( 'NONE', #10332, 1000.000000000000000 ) ;
#10334 = CARTESIAN_POINT ( 'NONE',  ( 5.899999999999999500, -1.649999999999999700, 8.299999999999995400 ) ) ;
#10335 = LINE ( 'NONE', #10334, #10333 ) ;
#10336 = DIRECTION ( 'NONE',  ( 1.000000000000000000, 0.0000000000000000000, -0.0000000000000000000 ) ) ;
#10337 = DIRECTION ( 'NONE',  ( 0.0000000000000000000, 0.0000000000000000000, 1.000000000000000000 ) ) ;
#10338 = CARTESIAN_POINT ( 'NONE',  ( 6.950000000000000200, 0.2000000000000011800, 9.499999999999996400 ) ) ;
#10339 = AXIS2_PLACEMENT_3D ( 'NONE', #10338, #10337, #10336 ) ;
#10340 = FACE_OUTER_BOUND ( 'NONE', #5723, .T. ) ;
#10341 = DIRECTION ( 'NONE',  ( 0.0000000000000000000, -1.000000000000000000, 0.0000000000000000000 ) ) ;
#10342 = LINE ( 'NONE', #10328, #10356 ) ;
#10343 = PLANE ( 'NONE',  #10354 ) ;
#10344 = CARTESIAN_POINT ( 'NONE',  ( -4.200000000000000200, -1.649999999999999700, 15.79999999999999500 ) ) ;
#10345 = LINE ( 'NONE', #10344, #10326 ) ;
#10346 = DIRECTION ( 'NONE',  ( -0.0000000000000000000, 0.0000000000000000000, 1.000000000000000000 ) ) ;
#10347 = DIRECTION ( 'NONE',  ( -1.000000000000000000, 0.0000000000000000000, -0.0000000000000000000 ) ) ;
#10348 = AXIS2_PLACEMENT_3D ( 'NONE', #10349, #10347, #10346 ) ;
#10349 = CARTESIAN_POINT ( 'NONE',  ( -4.200000000000000200, 0.2000000000000011800, 15.79999999999999500 ) ) ;
#10350 = PLANE ( 'NONE',  #10348 ) ;
#10351 = DIRECTION ( 'NONE',  ( -1.943193231936336000E-016, -1.245636687138676800E-016, -1.000000000000000000 ) ) ;
#10352 = DIRECTION ( 'NONE',  ( -4.930380657631323800E-032, 1.000000000000000000, -1.245636687138676800E-016 ) ) ;
#10353 = CARTESIAN_POINT ( 'NONE',  ( 6.752978098234931000, -0.1000000000000002600, 5.779999999999995800 ) ) ;
#10354 = AXIS2_PLACEMENT_3D ( 'NONE', #10353, #10352, #10351 ) ;
#10355 = FACE_OUTER_BOUND ( 'NONE', #5535, .T. ) ;
#10356 = VECTOR ( 'NONE', #10327, 1000.000000000000100 ) ;
#10357 = CARTESIAN_POINT ( 'NONE',  ( 4.200000000000000200, 0.2000000000000011800, 15.59999999999999600 ) ) ;
#10358 = DIRECTION ( 'NONE',  ( 0.0000000000000000000, 0.0000000000000000000, 1.000000000000000000 ) ) ;
#10359 = DIRECTION ( 'NONE',  ( -0.0000000000000000000, -1.000000000000000000, -0.0000000000000000000 ) ) ;
#10360 = CARTESIAN_POINT ( 'NONE',  ( -6.799999999999998000, 0.2000000000000000100, 5.630000000000003400 ) ) ;
#10361 = AXIS2_PLACEMENT_3D ( 'NONE', #10360, #10359, #10358 ) ;
#10362 = LINE ( 'NONE', #10364, #10363 ) ;
#10363 = VECTOR ( 'NONE', #10341, 1000.000000000000000 ) ;
#10364 = CARTESIAN_POINT ( 'NONE',  ( -3.999999999999999100, -1.649999999999999700, 15.79999999999999500 ) ) ;
#10365 = CIRCLE ( 'NONE', #10361, 0.1499999999999999700 ) ;
#10366 = FACE_OUTER_BOUND ( 'NONE', #5425, .T. ) ;
#10367 = VECTOR ( 'NONE', #10368, 1000.000000000000000 ) ;
#10368 = DIRECTION ( 'NONE',  ( 4.982546748554703600E-017, -4.982546748554703000E-017, 1.000000000000000000 ) ) ;
#10369 = DIRECTION ( 'NONE',  ( 1.000000000000000000, -1.232595164407831200E-032, -4.982546748554704200E-017 ) ) ;
#10370 = CYLINDRICAL_SURFACE ( 'NONE', #10377, 0.6199999999999998800 ) ;
#10371 = PLANE ( 'NONE',  #10374 ) ;
#10372 = CARTESIAN_POINT ( 'NONE',  ( -5.250000000000000000, 0.2000000000000011800, -0.3000000000000057100 ) ) ;
#10373 = FACE_OUTER_BOUND ( 'NONE', #5415, .T. ) ;
#10374 = AXIS2_PLACEMENT_3D ( 'NONE', #10372, #10375, #10389 ) ;
#10375 = DIRECTION ( 'NONE',  ( -0.7071067811865461300, 0.0000000000000000000, 0.7071067811865489100 ) ) ;
#10376 = CARTESIAN_POINT ( 'NONE',  ( -7.502978098234931000, -0.7200000000000002000, 2.279999999999998900 ) ) ;
#10377 = AXIS2_PLACEMENT_3D ( 'NONE', #10376, #10369, #10387 ) ;
#10378 = VECTOR ( 'NONE', #10379, 1000.000000000000000 ) ;
#10379 = DIRECTION ( 'NONE',  ( 1.000000000000000000, 0.0000000000000000000, -3.614007241618351200E-016 ) ) ;
#10380 = CARTESIAN_POINT ( 'NONE',  ( -3.450000000000001100, -1.649999999999999700, 1.149999999999994600 ) ) ;
#10381 = LINE ( 'NONE', #10380, #10378 ) ;
#10382 = DIRECTION ( 'NONE',  ( 1.000000000000000000, -1.232595164407831200E-032, -4.982546748554703600E-017 ) ) ;
#10383 = VECTOR ( 'NONE', #10382, 1000.000000000000000 ) ;
#10384 = CARTESIAN_POINT ( 'NONE',  ( -7.502978098234934600, -0.7200000000000002000, 1.659999999999999300 ) ) ;
#10385 = LINE ( 'NONE', #10384, #10383 ) ;
#10386 = DIRECTION ( 'NONE',  ( -1.000000000000000000, 0.0000000000000000000, 0.0000000000000000000 ) ) ;
#10387 = DIRECTION ( 'NONE',  ( 0.0000000000000000000, 0.0000000000000000000, 1.000000000000000000 ) ) ;
#10388 = FACE_OUTER_BOUND ( 'NONE', #5564, .T. ) ;
#10389 = DIRECTION ( 'NONE',  ( 0.7071067811865489100, 0.0000000000000000000, 0.7071067811865461300 ) ) ;
#10390 = VECTOR ( 'NONE', #1, 1000.000000000000000 ) ;
#10391 = DIRECTION ( 'NONE',  ( 1.000000000000000000, -1.232595164407831200E-032, -4.982546748554703600E-017 ) ) ;
#10392 = VECTOR ( 'NONE', #10391, 1000.000000000000000 ) ;
#10393 = CARTESIAN_POINT ( 'NONE',  ( -7.502978098234931000, -0.1000000000000002600, 2.279999999999998900 ) ) ;
#10394 = LINE ( 'NONE', #10393, #10392 ) ;
#10395 = CARTESIAN_POINT ( 'NONE',  ( 2.550000000000000700, -1.649999999999999500, 12.74999999999999600 ) ) ;
ENDSEC;
END-ISO-10303-21;
