0:0:4.13993,10,-3.75
0:0:4.14799,11,0.09994
0:0:4.15592,12,-0.02747
0:0:4.19670,10,0.0333
0:0:4.20476,11,0.09929
0:0:4.21270,12,-0.0206
0:0:4.25275,10,0.03346
0:0:4.25983,11,0.09915
0:0:4.26874,12,-3.57519
0:0:4.30879,10,0.0348
0:0:4.31673,11,0.0983
0:0:4.32479,12,-0.23346
0:0:4.36435,10,0.03357
0:0:4.37277,11,0.09852
0:0:4.38071,12,-0.23346
0:0:4.42076,10,0.03192
0:0:4.42882,11,0.09901
0:0:4.43675,12,-0.03204
0:0:4.47680,10,0.03309
0:0:4.48486,11,0.10071
0:0:4.49280,12,-0.01831
0:0:4.53285,10,0.01834
0:0:4.54078,11,0.10071
0:0:4.54884,12,-0.01373
0:0:4.58877,10,0.01775
0:0:4.59683,11,0.1012
0:0:4.60488,12,0.56992
0:0:4.64481,10,0.01817
0:0:4.65287,11,0.10173
0:0:4.66081,12,-0.00687
0:0:4.70085,10,0.01925
0:0:4.70879,11,0.10144
0:0:4.71685,12,0.04578
0:0:4.75690,10,0.01779
0:0:4.76484,11,0.10073
0:0:4.77289,12,-0.03204
0:0:4.81282,10,0.0177
0:0:4.82088,11,0.10049
0:0:4.82882,12,-0.01373
0:0:4.86886,10,0.01784
0:0:4.87692,11,0.10135
0:0:4.88486,12,-3.74914
0:0:4.92491,10,0.01826
0:0:4.93285,11,0.10104
0:0:4.94090,12,-3.74914
0:0:4.94884,0,-37.50916
0:0:4.98095,10,0.01815
0:0:4.98889,11,0.10099
0:0:4.99695,12,-0.06409
0:0:5.03663,10,0.01876
0:0:5.04469,11,0.0999
0:0:5.05263,12,-0.01373
0:0:5.09267,10,0.01831
0:0:5.10073,11,0.10124
0:0:5.10867,12,-3.54314
0:0:5.14872,10,0.01866
0:0:5.15665,11,0.1012
0:0:5.16471,12,-0.01373
0:0:5.20464,10,0.01882
0:0:5.21270,11,0.10036
0:0:5.22076,12,-2.41245
0:0:5.22869,0,74.99084
0:0:5.26068,10,0.01851
0:0:5.26874,11,0.10044
0:0:5.27668,12,-0.00687
0:0:5.31673,10,0.01927
0:0:5.32466,11,0.10084
0:0:5.33272,12,-0.0206
0:0:5.37277,10,0.02034
0:0:5.38071,11,0.10036
0:0:5.38877,12,-3.74456
0:0:5.39670,0,-46.74683
0:0:5.42869,10,0.01922
0:0:5.43675,11,0.10015
0:0:5.44469,12,-0.01373
0:0:5.48474,10,0.01949
0:0:5.49280,11,0.10137
0:0:5.50073,12,0.35248
0:0:5.54078,10,0.01899
0:0:5.54872,11,0.10117
0:0:5.55678,12,-2.37125
0:0:5.59683,10,0.01947
0:0:5.60476,11,0.09999
0:0:5.61282,12,-0.01602
0:0:5.65275,10,0.01998
0:0:5.66081,11,0.1014
0:0:5.66874,12,-3.74914
0:0:5.67668,0,-72.66541
0:0:5.70879,10,0.03224
0:0:5.71685,11,0.09885
0:0:5.72479,12,-0.0206
0:0:5.76484,10,0.03238
0:0:5.77277,11,0.09949
0:0:5.78083,12,-2.35752
0:0:5.82088,10,0.03075
0:0:5.82882,11,0.09815
0:0:5.83687,12,-3.74914
0:0:5.87680,10,0.03258
0:0:5.88486,11,0.09812
0:0:5.89280,12,-0.01373
0:0:5.93285,10,0.03216
0:0:5.94078,11,0.09836
0:0:5.94884,12,-3.74914
0:0:5.95678,0,-37.50916
0:0:5.98889,10,0.02853
0:0:5.99683,11,0.09926
0:0:6.00464,12,-3.74685
0:0:6.04457,10,0.02806
0:0:6.05263,11,0.09861
0:0:6.06056,12,-3.6759
0:0:6.06862,0,-74.27673
0:0:6.10061,10,0.02918
0:0:6.10843,11,0.09845
0:0:6.11661,12,-0.05951
0:0:6.15665,10,0.02059
0:0:6.16459,11,0.1009
0:0:6.17265,12,-0.01373
0:0:6.21270,10,0.02048
0:0:6.22063,11,0.1
0:0:6.22869,12,-0.01373
0:0:6.26862,10,0.02044
0:0:6.27668,11,0.10157
0:0:6.28462,12,-3.69421
0:0:6.29267,0,-18.75
0:0:6.32466,10,0.02083
0:0:6.33272,11,0.09984
0:0:6.34066,12,-3.74685
0:0:6.34860,0,-73.16895
0:0:6.38071,10,0.02037
0:0:6.38864,11,0.10117
0:0:6.39670,12,-2.35752
0:0:6.40464,0,-73.83728
0:0:6.43675,10,0.02148
0:0:6.44469,11,0.10125
0:0:6.45275,12,-3.74456
0:0:6.46068,0,-37.50916
0:0:6.49267,10,0.02136
0:0:6.50073,11,0.10068
0:0:6.50867,12,-3.6759
0:0:6.51661,0,10.71167
0:0:6.54872,10,0.02194
0:0:6.55665,11,0.09987
0:0:6.56471,12,-2.35752
0:0:6.57265,0,-72.66541
0:0:6.60476,10,0.02096
0:0:6.61270,11,0.1017
0:0:6.62076,12,-3.68505
0:0:6.66068,10,0.02211
0:0:6.66874,11,0.10205
0:0:6.67680,12,-0.0206
0:0:6.71673,10,0.02138
0:0:6.72479,11,0.09987
0:0:6.73272,12,-2.41245
0:0:6.77277,10,0.02241
0:0:6.78071,11,0.10112
0:0:6.78877,12,-0.01373
0:0:6.82882,10,0.02226
0:0:6.83675,11,0.09961
0:0:6.84469,12,-3.74914
0:0:6.85275,0,-67.08984
0:0:6.88474,10,0.02191
0:0:6.89280,11,0.10141
0:0:6.90073,12,-0.03204
0:0:6.94078,10,0.0225
0:0:6.94884,11,0.10044
0:0:6.95678,12,-0.01373
0:0:6.99683,10,0.02195
0:0:7.00452,11,0.09977
0:0:7.01258,12,-0.01373
0:0:7.05250,10,0.02075
0:0:7.06056,11,0.09975
0:0:7.06862,12,-0.0206
0:0:7.10855,10,0.02168
0:0:7.11661,11,0.09991
0:0:7.12454,12,-0.01602
0:0:7.16459,10,0.02213
0:0:7.17265,11,0.10089
0:0:7.18059,12,-0.0206
0:0:7.22063,10,0.02295
0:0:7.22857,11,0.10041
0:0:7.23663,12,-0.01373
0:0:7.27656,10,0.02248
0:0:7.28462,11,0.09972
0:0:7.29267,12,-0.00687
0:0:7.33260,10,0.02997
0:0:7.34066,11,0.0985
0:0:7.34860,12,-1.40536
0:0:7.35653,0,-69.14978
0:0:7.38864,10,0.03091
0:0:7.39658,11,0.09898
0:0:7.40464,12,-0.0206
0:0:7.44469,10,0.02979
0:0:7.45263,11,0.09823
0:0:7.46068,12,-0.0206
0:0:7.50061,10,0.03086
0:0:7.50867,11,0.09843
0:0:7.51661,12,-1.25429
0:0:7.52454,0,18.74084
0:0:7.55665,10,0.03058
0:0:7.56471,11,0.09775
0:0:7.57265,12,-0.01373
0:0:7.61270,10,0.0331
0:0:7.62064,11,0.09849
0:0:7.62869,12,0
0:0:7.66874,10,0.03149
0:0:7.67668,11,0.09814
0:0:7.68474,12,0
0:0:7.72466,10,0.02284
0:0:7.73272,11,0.10093
0:0:7.74066,12,0
0:0:7.78071,10,0.0238
0:0:7.78877,11,0.10161
0:0:7.79670,12,-0.00687
0:0:7.83675,10,0.02427
0:0:7.84469,11,0.10082
0:0:7.85275,12,-0.00687
0:0:7.89267,10,0.02395
0:0:7.90073,11,0.10122
0:0:7.90879,12,-0.00687
0:0:7.94872,10,0.02302
0:0:7.95678,11,0.10073
0:0:7.96471,12,-0.00687
0:0:8.00452,10,0.02334
0:0:8.01245,11,0.09985
0:0:8.02051,12,-0.0206
0:0:8.05861,10,0.02338
0:0:8.06850,11,0.10191
0:0:8.07656,12,-0.0206
0:0:8.11648,10,0.02264
0:0:8.12454,11,0.1005
0:0:8.13248,12,-0.01373
0:0:8.17253,10,0.0233
0:0:8.18059,11,0.10158
0:0:8.18852,12,-0.00687
0:0:8.22857,10,0.02376
0:0:8.23651,11,0.10073
0:0:8.24457,12,-0.01373
0:0:8.28462,10,0.02338
0:0:8.29255,11,0.10197
0:0:8.30061,12,-0.06867
0:0:8.34054,10,0.02347
0:0:8.34860,11,0.10098
0:0:8.35653,12,-0.03204
0:0:8.39658,10,0.02395
0:0:8.40464,11,0.1003
0:0:8.41258,12,-0.08698
0:0:8.45263,10,0.02365
0:0:8.46056,11,0.10095
0:0:8.46862,12,-0.01373
0:0:8.50855,10,0.02406
0:0:8.51661,11,0.10074
0:0:8.52466,12,-0.00687
0:0:8.56459,10,0.02282
0:0:8.57265,11,0.10031
0:0:8.58059,12,-0.0206
0:0:8.62064,10,0.02285
0:0:8.62857,11,0.10048
0:0:8.63663,12,-0.01373
0:0:8.67668,10,0.02332
0:0:8.68462,11,0.10054
0:0:8.69267,12,0.02289
0:0:8.73260,10,0.02303
0:0:8.74066,11,0.10085
0:0:8.74860,12,-0.0206
0:0:8.78864,10,0.0232
0:0:8.79670,11,0.10103
0:0:8.80464,12,-0.00687
0:0:8.84469,10,0.02264
0:0:8.85262,11,0.10146
0:0:8.86068,12,0
0:0:8.90073,10,0.0233
0:0:8.90867,11,0.10166
0:0:8.91673,12,-0.0206
0:0:8.95665,10,0.02874
0:0:8.96471,11,0.09962
0:0:8.97265,12,-0.01373
0:0:9.01245,10,0.02824
0:0:9.02051,11,0.09871
0:0:9.02845,12,-0.08698
0:0:9.06850,10,0.02871
0:0:9.07644,11,0.09954
0:0:9.08449,12,-3.71939
0:0:9.09243,0,-59.15222
0:0:9.12454,10,0.02966
0:0:9.13248,11,0.09831
0:0:9.14054,12,-0.01373
0:0:9.14847,0,73.71826
0:0:9.18046,10,0.02839
0:0:9.18852,11,0.09873
0:0:9.19646,12,-3.58434
0:0:9.23651,10,0.02832
0:0:9.24444,11,0.09911
0:0:9.25250,12,-3.74914
0:0:9.26044,0,-75
0:0:9.29255,10,0.0277
0:0:9.30049,11,0.09949
0:0:9.30855,12,-3.74914
0:0:9.31648,0,-75
0:0:9.34847,10,0.02277
0:0:9.35653,11,0.10016
0:0:9.36447,12,-3.74914
0:0:9.37253,0,-75
0:0:9.40452,10,0.02385
0:0:9.41258,11,0.10126
0:0:9.42051,12,-3.74914
0:0:9.42845,0,-75
0:0:9.46056,10,0.02353
0:0:9.46850,11,0.10089
0:0:9.47656,12,-3.74914
0:0:9.48449,0,-75
0:0:9.51661,10,0.02353
0:0:9.52454,11,0.10139
0:0:9.53260,12,-2.57725
0:0:9.57253,10,0.02389
0:0:9.58059,11,0.10053
0:0:9.58852,12,0.57221
0:0:9.62857,10,0.02373
0:0:9.63639,11,0.09981
0:0:9.64457,12,-1.19478
0:0:9.68462,10,0.02405
0:0:9.69255,11,0.10061
0:0:9.70061,12,-0.01373
0:0:9.74066,10,0.02421
0:0:9.74860,11,0.10007
0:0:9.75665,12,-0.0206
0:0:9.79658,10,0.02294
0:0:9.80464,11,0.10078
0:0:9.81258,12,-0.01373
0:0:9.85262,10,0.0235
0:0:9.86068,11,0.10061
0:0:9.86862,12,0.56992
0:0:9.90867,10,0.02299
0:0:9.91661,11,0.09987
0:0:9.92466,12,-0.01373
0:0:9.96459,10,0.02329
0:0:9.97265,11,0.10023
0:0:9.98071,12,0.60883
0:0:10.02039,10,0.02308
0:0:10.02845,11,0.10124
0:0:10.03639,12,-0.0206
0:0:10.07644,10,0.02325
0:0:10.08437,11,0.10053
0:0:10.09243,12,-0.02747
0:0:10.13248,10,0.02323
0:0:10.14042,11,0.10067
0:0:10.14847,12,0
0:0:10.18840,10,0.0249
0:0:10.19646,11,0.10033
0:0:10.20440,12,-0.00687
0:0:10.24444,10,0.02505
0:0:10.25250,11,0.10139
0:0:10.26044,12,0.02976
0:0:10.30049,10,0.02461
0:0:10.30842,11,0.101
0:0:10.31648,12,-0.01373
0:0:10.32442,0,74.99084
0:0:10.35653,10,0.02357
0:0:10.36447,11,0.10213
0:0:10.37253,12,-0.22202
0:0:10.41245,10,0.0256
0:0:10.42051,11,0.10075
0:0:10.42845,12,-0.16709
0:0:10.43639,0,-0.22888
0:0:10.46850,10,0.02378
0:0:10.47656,11,0.10188
0:0:10.48449,12,-0.01373
0:0:10.52454,10,0.03302
0:0:10.53248,11,0.09906
0:0:10.54054,12,-3.74456
0:0:10.58046,10,0.03321
0:0:10.58852,11,0.09916
0:0:10.59634,12,-0.00687
0:0:10.63651,10,0.02994
0:0:10.64457,11,0.09937
0:0:10.65250,12,0
0:0:10.69255,10,0.02971
0:0:10.70049,11,0.09869
0:0:10.70855,12,-0.00687
0:0:10.74860,10,0.02906
0:0:10.75653,11,0.09949
0:0:10.76459,12,-0.0206
0:0:10.80452,10,0.02826
0:0:10.81258,11,0.10051
0:0:10.82051,12,-3.6759
0:0:10.82857,0,-74.27673
0:0:10.86056,10,0.02974
0:0:10.86862,11,0.10084
0:0:10.87656,12,-0.01373
0:0:10.91661,10,0.02522
0:0:10.92454,11,0.10203
0:0:10.93260,12,-0.02747
0:0:10.97265,10,0.02445
0:0:10.98059,11,0.10111
0:0:10.98864,12,-3.74914
0:0:10.99658,0,-69.43359
0:0:11.02833,10,0.02467
0:0:11.03639,11,0.10141
0:0:11.04432,12,-0.23346
0:0:11.08437,10,0.02429
0:0:11.09243,11,0.1028
0:0:11.10037,12,-0.03204
0:0:11.14042,10,0.0249
0:0:11.14835,11,0.10146
0:0:11.15641,12,-2.4033
0:0:11.19634,10,0.02537
0:0:11.20440,11,0.10166
0:0:11.21245,12,-2.35752
0:0:11.25238,10,0.0254
0:0:11.26044,11,0.10082
0:0:11.26838,12,-0.01373
0:0:11.30842,10,0.02554
0:0:11.31636,11,0.10147
0:0:11.32442,12,0
0:0:11.36447,10,0.02562
0:0:11.37241,11,0.10087
0:0:11.38046,12,-2.4033
0:0:11.38840,0,74.99084
0:0:11.42039,10,0.02499
0:0:11.42845,11,0.10075
0:0:11.43639,12,-2.36439
0:0:11.47643,10,0.02605
0:0:11.48449,11,0.10112
0:0:11.49243,12,-0.02747
0:0:11.53248,10,0.02574
0:0:11.54041,11,0.1023
0:0:11.54847,12,-0.0206
0:0:11.58852,10,0.02619
0:0:11.59646,11,0.10141
0:0:11.60452,12,-0.0206
0:0:11.64444,10,0.02534
0:0:11.65250,11,0.10116
0:0:11.66044,12,-0.02747
0:0:11.70049,10,0.02537
0:0:11.70855,11,0.10167
0:0:11.71648,12,-0.01373
0:0:11.75653,10,0.02448
0:0:11.76447,11,0.10148
0:0:11.77253,12,-0.01373
0:0:11.78046,0,74.99084
0:0:11.81245,10,0.02601
0:0:11.82051,11,0.10118
0:0:11.82857,12,-2.4033
0:0:11.86850,10,0.02538
0:0:11.87656,11,0.10146
0:0:11.88449,12,-2.37583
0:0:11.92454,10,0.02538
0:0:11.93248,11,0.10125
0:0:11.94054,12,-0.16022
0:0:11.98059,10,0.02612
0:0:11.98852,11,0.1018
0:0:11.99658,12,-3.72168
0:0:12.03626,10,0.02583
0:0:12.04432,11,0.1014
0:0:12.05226,12,-3.74914
0:0:12.06032,0,-65.63416
0:0:12.09231,10,0.02483
0:0:12.10037,11,0.10067
0:0:12.10830,12,-0.02747
0:0:12.14835,10,0.03785
0:0:12.15629,11,0.09434
0:0:12.16435,12,-0.0206
0:0:12.20440,10,0.03636
0:0:12.21233,11,0.0954
0:0:12.22039,12,-0.0206
0:0:12.26032,10,0.03501
0:0:12.26838,11,0.09622
0:0:12.27631,12,-0.0206
0:0:12.31636,10,0.03616
0:0:12.32442,11,0.09726
0:0:12.33236,12,-0.01373
0:0:12.37241,10,0.03615
0:0:12.38034,11,0.09592
0:0:12.38840,12,-0.00687
0:0:12.42845,10,0.0348
0:0:12.43639,11,0.09718
0:0:12.44444,12,-2.55894
0:0:12.48437,10,0.03341
0:0:12.49243,11,0.09846
0:0:12.50037,12,-0.02747
0:0:12.54041,10,0.02607
0:0:12.54835,11,0.10111
0:0:12.55641,12,-0.03204
0:0:12.59646,10,0.02498
0:0:12.60440,11,0.10129
0:0:12.61245,12,-0.01373
0:0:12.65238,10,0.02562
0:0:12.66044,11,0.10105
0:0:12.66850,12,-0.00687
0:0:12.70842,10,0.02572
0:0:12.71648,11,0.1014
0:0:12.72442,12,-0.00687
0:0:12.76447,10,0.02519
0:0:12.77241,11,0.10172
0:0:12.78046,12,-0.00687
0:0:12.82051,10,0.02538
0:0:12.82845,11,0.10084
0:0:12.83651,12,-0.0206
0:0:12.87643,10,0.02569
0:0:12.88449,11,0.10136
0:0:12.89243,12,-0.01373
0:0:12.93248,10,0.02582
0:0:12.94054,11,0.10216
0:0:12.94847,12,-0.01373
0:0:12.98852,10,0.02559
0:0:12.99646,11,0.10168
0:0:13.00427,12,-0.0206
0:0:13.04432,10,0.02517
0:0:13.05226,11,0.10062
0:0:13.06032,12,-0.21515
0:0:13.06825,0,-60.9375
0:0:13.10024,10,0.02605
0:0:13.10830,11,0.10113
0:0:13.11624,12,-0.23346
0:0:13.12418,0,-72.67456
0:0:13.15629,10,0.02533
0:0:13.16435,11,0.1024
0:0:13.17228,12,-0.02747
0:0:13.21233,10,0.03337
0:0:13.22027,11,0.10137
0:0:13.22833,12,-0.03204
0:0:13.26825,10,0.02545
0:0:13.27631,11,0.10741
0:0:13.28437,12,-0.16022
0:0:13.29231,0,-0.02747
0:0:13.32430,10,0.02624
0:0:13.33236,11,0.10153
0:0:13.34029,12,0.62486
0:0:13.38034,10,0.02663
0:0:13.38828,11,0.10196
0:0:13.39634,12,-3.52941
0:0:13.43639,10,0.02574
0:0:13.44432,11,0.1005
0:0:13.45238,12,-3.74914
0:0:13.46032,0,-63.84888
0:0:13.49231,10,0.02574
0:0:13.50037,11,0.10228
0:0:13.50830,12,-3.74228
0:0:13.54835,10,0.02412
0:0:13.55641,11,0.10109
0:0:13.56435,12,-3.74914
0:0:13.60440,10,0.02597
0:0:13.61233,11,0.10094
0:0:13.62039,12,-0.01373
0:0:13.66044,10,0.03196
0:0:13.66838,11,0.10067
0:0:13.67643,12,-3.74456
0:0:13.71636,10,0.03052
0:0:13.72442,11,0.10081
0:0:13.73236,12,-0.00687
0:0:13.77241,10,0.02884
0:0:13.77949,11,0.09796
0:0:13.78840,12,-3.74914
0:0:13.82845,10,0.03091
0:0:13.83639,11,0.09757
0:0:13.84444,12,-0.01144
0:0:13.85238,0,74.99084
0:0:13.88437,10,0.03164
0:0:13.89243,11,0.0971
0:0:13.90049,12,0.01373
0:0:13.94042,10,0.03013
0:0:13.94847,11,0.09714
0:0:13.95641,12,-1.40536
0:0:13.96435,0,-74.27673
0:0:13.99646,10,0.03207
0:0:14.00415,11,0.09521
0:0:14.01221,12,-0.02289
0:0:14.02015,0,74.99084
0:0:14.05226,10,0.03269
0:0:14.06019,11,0.09712
0:0:14.06825,12,-0.01373
0:0:14.10818,10,0.0338
0:0:14.11624,11,0.10079
0:0:14.12418,12,0.00916
0:0:14.16422,10,0.02532
0:0:14.17228,11,0.10083
0:0:14.18022,12,-0.01373
0:0:14.22027,10,0.02598
0:0:14.22820,11,0.10078
0:0:14.23626,12,0
0:0:14.27631,10,0.02581
0:0:14.28425,11,0.10035
0:0:14.29231,12,-0.00687
0:0:14.33223,10,0.02566
0:0:14.34029,11,0.10063
0:0:14.34823,12,-0.00687
0:0:14.38828,10,0.02598
0:0:14.39634,11,0.10199
0:0:14.40427,12,-0.01373
0:0:14.44432,10,0.025
0:0:14.45226,11,0.10108
0:0:14.46032,12,-0.00687
0:0:14.50024,10,0.02619
0:0:14.50830,11,0.10021
0:0:14.51636,12,-0.02747
0:0:14.55629,10,0.03732
0:0:14.56435,11,0.10129
0:0:14.57228,12,0
0:0:14.61233,10,0.02641
0:0:14.62027,11,0.09886
0:0:14.62833,12,-0.00687
0:0:14.66838,10,0.02497
0:0:14.67631,11,0.10143
0:0:14.68437,12,-0.01373
0:0:14.72430,10,0.02599
0:0:14.73236,11,0.10184
0:0:14.74029,12,-0.01373
0:0:14.78034,10,0.02724
0:0:14.78840,11,0.10136
0:0:14.79634,12,-0.0206
0:0:14.83639,10,0.03124
0:0:14.84432,11,0.10131
0:0:14.85238,12,-0.01373
0:0:14.89243,10,0.02588
0:0:14.90037,11,0.10128
0:0:14.90843,12,-0.03204
0:0:14.91636,0,56.25916
0:0:14.94835,10,0.02672
0:0:14.95641,11,0.10118
0:0:14.96435,12,-3.58434
0:0:14.97228,0,74.99084
0:0:15.00415,10,0.03693
0:0:15.01221,11,0.10056
0:0:15.02015,12,-0.22202
0:0:15.06019,10,0.02603
0:0:15.06813,11,0.09932
0:0:15.07619,12,-0.08698
0:0:15.11624,10,0.02625
0:0:15.12418,11,0.10047
0:0:15.13223,12,-3.74914
0:0:15.17216,10,0.02603
0:0:15.18022,11,0.10143
0:0:15.18816,12,-0.00687
0:0:15.22820,10,0.02608
0:0:15.23614,11,0.10014
0:0:15.24420,12,-0.00687
0:0:15.28425,10,0.02917
0:0:15.29219,11,0.09948
0:0:15.30024,12,-0.01373
0:0:15.34017,10,0.03016
0:0:15.34823,11,0.10086
0:0:15.35617,12,-0.00687
0:0:15.39621,10,0.03074
0:0:15.40427,11,0.09785
0:0:15.41221,12,-0.00687
0:0:15.45226,10,0.04134
0:0:15.46020,11,0.09991
0:0:15.46825,12,-0.01373
0:0:15.50830,10,0.02958
0:0:15.51624,11,0.09901
0:0:15.52430,12,0
0:0:15.56422,10,0.03057
0:0:15.57228,11,0.09988
0:0:15.58022,12,0
0:0:15.62027,10,0.03015
0:0:15.62833,11,0.10037
0:0:15.63626,12,-0.00687
0:0:15.67631,10,0.0312
0:0:15.68425,11,0.09923
0:0:15.69231,12,-0.01373
0:0:15.73236,10,0.0256
0:0:15.74029,11,0.09991
0:0:15.74835,12,-0.00687
0:0:15.78828,10,0.02667
0:0:15.79634,11,0.10125
0:0:15.80427,12,-0.01373
0:0:15.84432,10,0.02743
0:0:15.85238,11,0.09959
0:0:15.86032,12,-0.01373
0:0:15.90037,10,0.03635
0:0:15.90830,11,0.1008
0:0:15.91636,12,0
0:0:15.95629,10,0.02601
0:0:15.96435,11,0.10118
0:0:15.97241,12,-0.00687
0:0:16.01209,10,0.02596
0:0:16.02015,11,0.10082
0:0:16.02808,12,0
0:0:16.06813,10,0.02554
0:0:16.07607,11,0.1001
0:0:16.08413,12,-0.01373
0:0:16.12418,10,0.02774
0:0:16.13211,11,0.10095
0:0:16.13968,12,-0.01373
0:0:16.18010,10,0.02712
0:0:16.18816,11,0.10162
0:0:16.19609,12,-0.00687
0:0:16.23614,10,0.02704
0:0:16.24420,11,0.10121
0:0:16.25214,12,-0.00687
0:0:16.29218,10,0.02633
0:0:16.30012,11,0.10155
0:0:16.30818,12,0
0:0:16.34823,10,0.03663
0:0:16.35617,11,0.10132
0:0:16.36423,12,-2.34379
0:0:16.37216,0,74.99084
0:0:16.40415,10,0.02632
0:0:16.41221,11,0.10045
0:0:16.42015,12,-0.15335
0:0:16.46020,10,0.02649
0:0:16.46825,11,0.10114
0:0:16.47619,12,-0.01373
0:0:16.48413,0,74.99084
0:0:16.51624,10,0.02552
0:0:16.52418,11,0.1015
0:0:16.53223,12,-2.41245
0:0:16.54017,0,74.99084
0:0:16.57216,10,0.02634
0:0:16.58022,11,0.10075
0:0:16.58828,12,-0.0206
0:0:16.62820,10,0.02608
0:0:16.63626,11,0.10082
0:0:16.64420,12,-2.36439
0:0:16.68425,10,0.02624
0:0:16.69219,11,0.10003
0:0:16.70024,12,-0.02747
0:0:16.74029,10,0.02565
0:0:16.74823,11,0.1012
0:0:16.75629,12,-3.73083
0:0:16.79622,10,0.03467
0:0:16.80427,11,0.10157
0:0:16.81221,12,-2.35752
0:0:16.82027,0,-0.00916
0:0:16.85226,10,0.02559
0:0:16.86032,11,0.10074
0:0:16.86825,12,-0.01373
0:0:16.90830,10,0.0284
0:0:16.91624,11,0.09827
0:0:16.92430,12,-0.01373
0:0:16.96435,10,0.02792
0:0:16.97228,11,0.09916
0:0:16.98034,12,-0.00687
0:0:17.02003,10,0.02751
0:0:17.02808,11,0.09968
0:0:17.03602,12,0
0:0:17.07607,10,0.02954
0:0:17.08401,11,0.09941
0:0:17.09206,12,-0.00687
0:0:17.13211,10,0.02957
0:0:17.14005,11,0.09888
0:0:17.14811,12,-0.00687
0:0:17.18803,10,0.02805
0:0:17.19609,11,0.0999
0:0:17.20317,12,-0.01373
0:0:17.24408,10,0.0372
0:0:17.25214,11,0.10012
0:0:17.26007,12,-0.0206
0:0:17.30012,10,0.02942
0:0:17.30806,11,0.10085
0:0:17.31612,12,-0.0206
0:0:17.35617,10,0.02351
0:0:17.36410,11,0.10055
0:0:17.37216,12,-0.00687
0:0:17.41209,10,0.02478
0:0:17.42015,11,0.10141
0:0:17.42821,12,0
0:0:17.46813,10,0.0233
0:0:17.47619,11,0.10102
0:0:17.48413,12,-0.01373
0:0:17.52418,10,0.02485
0:0:17.53211,11,0.10144
0:0:17.54017,12,-0.01373
0:0:17.58022,10,0.02348
0:0:17.58816,11,0.10153
0:0:17.59621,12,-0.00687
0:0:17.63614,10,0.02345
0:0:17.64420,11,0.10092
0:0:17.65214,12,-0.01373
0:0:17.69219,10,0.03203
0:0:17.70024,11,0.10092
0:0:17.70818,12,-0.01373
0:0:17.74823,10,0.02256
0:0:17.75617,11,0.10175
0:0:17.76423,12,-0.01373
0:0:17.80415,10,0.02214
0:0:17.81221,11,0.10177
0:0:17.82027,12,-0.01373
0:0:17.86020,10,0.02212
0:0:17.86825,11,0.10164
0:0:17.87619,12,-0.01373
0:0:17.91624,10,0.02201
0:0:17.92418,11,0.10161
0:0:17.93223,12,-0.0206
0:0:17.97228,10,0.02303
0:0:17.98022,11,0.10013
0:0:17.98828,12,-0.01373
0:0:18.02796,10,0.02245
0:0:18.03602,11,0.10165
0:0:18.04396,12,-0.0206
0:0:18.08401,10,0.02227
0:0:18.09206,11,0.1018
0:0:18.10000,12,-2.34379
0:0:18.14005,10,0.03311
0:0:18.14799,11,0.10087
0:0:18.15604,12,-0.01373
0:0:18.19609,10,0.0223
0:0:18.20403,11,0.10145
0:0:18.21197,12,-0.02747
0:0:18.25201,10,0.02184
0:0:18.26007,11,0.10173
0:0:18.26801,12,-0.00687
0:0:18.30806,10,0.02174
0:0:18.31612,11,0.10072
0:0:18.32405,12,-0.00687
0:0:18.36410,10,0.02132
0:0:18.37204,11,0.10219
0:0:18.38010,12,-0.01373
0:0:18.42015,10,0.0205
0:0:18.42808,11,0.10107
0:0:18.43614,12,-0.01373
0:0:18.47607,10,0.02074
0:0:18.48413,11,0.09924
0:0:18.49206,12,-0.01373
0:0:18.53211,10,0.02602
0:0:18.54017,11,0.0999
0:0:18.54811,12,-0.00687
0:0:18.58816,10,0.03491
0:0:18.59609,11,0.09892
0:0:18.60415,12,-0.01373
0:0:18.64408,10,0.02564
0:0:18.65214,11,0.10041
0:0:18.66019,12,-0.01373
0:0:18.70012,10,0.02633
0:0:18.70818,11,0.09912
0:0:18.71612,12,-0.02747
0:0:18.75617,10,0.02737
0:0:18.76410,11,0.09941
0:0:18.77216,12,-0.0206
0:0:18.81221,10,0.02771
0:0:18.82015,11,0.09858
0:0:18.82821,12,-0.01373
0:0:18.86813,10,0.02685
0:0:18.87619,11,0.09963
0:0:18.88413,12,-0.01373
0:0:18.92418,10,0.02022
0:0:18.93223,11,0.10132
0:0:18.94017,12,-0.00687
0:0:18.98022,10,0.01949
0:0:18.98816,11,0.09972
0:0:18.99622,12,-0.0206
0:0:19.03602,10,0.02015
0:0:19.04396,11,0.10085
0:0:19.05202,12,-0.0206
0:0:19.09194,10,0.01941
0:0:19.10000,11,0.10034
0:0:19.10794,12,-0.0206
0:0:19.14799,10,0.01918
0:0:19.15604,11,0.10054
0:0:19.16398,12,-0.01373
0:0:19.20403,10,0.01997
0:0:19.21197,11,0.10126
0:0:19.22002,12,-0.01373
0:0:19.25995,10,0.0203
0:0:19.26801,11,0.10132
0:0:19.27607,12,-0.01373
0:0:19.31599,10,0.01933
0:0:19.32405,11,0.10062
0:0:19.33199,12,-0.0206
0:0:19.37204,10,0.01955
0:0:19.37998,11,0.10163
0:0:19.38803,12,-0.01373
0:0:19.42808,10,0.01927
0:0:19.43602,11,0.10132
0:0:19.44408,12,-0.01373
0:0:19.48400,10,0.02099
0:0:19.49206,11,0.10149
0:0:19.50000,12,-0.0206
0:0:19.54005,10,0.021
0:0:19.54811,11,0.1012
0:0:19.55604,12,-0.0206
0:0:19.59609,10,0.0192
0:0:19.60403,11,0.10139
0:0:19.61209,12,-0.02747
0:0:19.65201,10,0.02054
0:0:19.66007,11,0.10082
0:0:19.66813,12,-0.0206
0:0:19.70806,10,0.02019
0:0:19.71612,11,0.10192
0:0:19.72405,12,-0.01373
0:0:19.76410,10,0.01989
0:0:19.77216,11,0.10148
0:0:19.78010,12,-0.0206
0:0:19.82015,10,0.01972
0:0:19.82808,11,0.10057
0:0:19.83614,12,-0.0206
0:0:19.87607,10,0.01865
0:0:19.88413,11,0.10185
0:0:19.89219,12,-0.0206
0:0:19.93211,10,0.01837
0:0:19.94017,11,0.10118
0:0:19.94811,12,-0.01373
0:0:19.98816,10,0.01779
0:0:19.99609,11,0.10107
0:0:20.00391,12,-0.01373
0:0:20.04298,10,0.01829
0:0:20.05189,11,0.10082
0:0:20.05995,12,-0.0206
0:0:20.09988,10,0.02525
0:0:20.10794,11,0.09863
0:0:20.11587,12,-0.01373
0:0:20.15592,10,0.02526
0:0:20.16398,11,0.09831
0:0:20.17192,12,-0.0206
0:0:20.21197,10,0.02564
0:0:20.21990,11,0.09737
0:0:20.22796,12,-0.01373
0:0:20.26801,10,0.02507
0:0:20.27595,11,0.0978
0:0:20.28376,12,-0.0206
0:0:20.32393,10,0.02508
0:0:20.33199,11,0.09834
0:0:20.33993,12,-0.01373
0:0:20.37998,10,0.02386
0:0:20.38803,11,0.09861
0:0:20.39597,12,-0.01373
0:0:20.43602,10,0.02259
0:0:20.44396,11,0.09762
0:0:20.45201,12,-0.0206
0:0:20.49194,10,0.02162
0:0:20.50000,11,0.09948
0:0:20.50806,12,-0.01373
0:0:20.54799,10,0.0159
0:0:20.55604,11,0.10151
0:0:20.56398,12,-0.00687
0:0:20.60403,10,0.01672
0:0:20.61197,11,0.1008
0:0:20.62002,12,-0.01373
0:0:20.66007,10,0.0161
0:0:20.66801,11,0.1012
0:0:20.67607,12,-0.00687
0:0:20.71600,10,0.01628
0:0:20.72405,11,0.09956
0:0:20.73199,12,-0.00687
0:0:20.77204,10,0.01503
0:0:20.78010,11,0.10029
0:0:20.78803,12,-0.02747
0:0:20.82808,10,0.01589
0:0:20.83602,11,0.10171
0:0:20.84408,12,-0.03891
0:0:20.88413,10,0.01492
0:0:20.89206,11,0.09944
0:0:20.90012,12,-0.0206
0:0:20.94005,10,0.01462
0:0:20.94811,11,0.10065
0:0:20.95604,12,-0.0206
0:0:20.99609,10,0.01532
0:0:21.00391,11,0.10066
0:0:21.01184,12,-0.0206
0:0:21.05189,10,0.01547
0:0:21.05983,11,0.09997
0:0:21.06789,12,-0.02747
0:0:21.10794,10,0.01558
0:0:21.11587,11,0.10084
0:0:21.12393,12,-0.03204
0:0:21.16386,10,0.01553
0:0:21.17192,11,0.10069
0:0:21.17985,12,-0.01373
0:0:21.21990,10,0.01472
0:0:21.22796,11,0.09998
0:0:21.23590,12,-0.00687
0:0:21.27595,10,0.01586
0:0:21.28388,11,0.09945
0:0:21.29194,12,-0.0206
0:0:21.33187,10,0.01384
0:0:21.33993,11,0.1002
0:0:21.34786,12,-0.01373
0:0:21.38791,10,0.01494
0:0:21.39597,11,0.10002
0:0:21.40391,12,-0.00687
0:0:21.44396,10,0.01457
0:0:21.45189,11,0.10029
0:0:21.45995,12,-0.02747
0:0:21.50000,10,0.0157
0:0:21.50794,11,0.09932
0:0:21.51600,12,-0.01373
0:0:21.55592,10,0.01519
0:0:21.56398,11,0.1003
0:0:21.57192,12,-0.01373
0:0:21.61197,10,0.01486
0:0:21.62002,11,0.09917
0:0:21.62796,12,-0.0206
0:0:21.66801,10,0.01393
0:0:21.67595,11,0.09956
0:0:21.68401,12,-0.0206
0:0:21.72405,10,0.01827
0:0:21.73199,11,0.09854
0:0:21.74005,12,-0.01373
0:0:21.77998,10,0.01807
0:0:21.78803,11,0.0983
0:0:21.79597,12,-0.01373
0:0:21.83602,10,0.01718
0:0:21.84408,11,0.09807
0:0:21.85201,12,-2.54978
0:0:21.89206,10,0.01805
0:0:21.90000,11,0.10017
0:0:21.90806,12,-2.55894
0:0:21.94798,10,0.01862
0:0:21.95604,11,0.09966
0:0:21.96361,12,-0.0206
0:0:22.00378,10,0.01879
0:0:22.01184,11,0.09919
0:0:22.01978,12,-0.0206
0:0:22.05983,10,0.0199
0:0:22.06777,11,0.09736
0:0:22.07582,12,-0.01373
0:0:22.11575,10,0.01453
0:0:22.12381,11,0.10012
0:0:22.13187,12,-0.0206
0:0:22.17179,10,0.01343
0:0:22.17985,11,0.09955
0:0:22.18779,12,-0.01373
0:0:22.22784,10,0.01339
0:0:22.23590,11,0.10027
0:0:22.24383,12,-0.01373
0:0:22.28388,10,0.01317
0:0:22.29182,11,0.10032
0:0:22.29988,12,-2.35752
0:0:22.30781,0,-72.88513
0:0:22.33993,10,0.01423
0:0:22.34786,11,0.10098
0:0:22.35592,12,-0.01373
0:0:22.39585,10,0.01348
0:0:22.40391,11,0.09991
0:0:22.41184,12,-3.74914
0:0:22.41978,0,-71.05408
0:0:22.45189,10,0.01556
0:0:22.45995,11,0.10116
0:0:22.46789,12,0
0:0:22.50794,10,0.01457
0:0:22.51587,11,0.10054
0:0:22.52393,12,-0.08698
0:0:22.56386,10,0.01515
0:0:22.57192,11,0.10144
0:0:22.57973,12,-2.35752
0:0:22.58791,0,-73.83728
0:0:22.61990,10,0.01449
0:0:22.62796,11,0.09987
0:0:22.63590,12,-3.74914
0:0:22.67595,10,0.01459
0:0:22.68388,11,0.10054
0:0:22.69194,12,-2.4033
0:0:22.69988,0,74.99084
0:0:22.73199,10,0.01409
0:0:22.73993,11,0.10022
0:0:22.74799,12,-0.20371
0:0:22.78791,10,0.01507
0:0:22.79597,11,0.10016
0:0:22.80391,12,0.56306
0:0:22.84396,10,0.01503
0:0:22.85201,11,0.10067
0:0:22.85995,12,0.02289
0:0:22.90000,10,0.01412
0:0:22.90794,11,0.1001
0:0:22.91599,12,-0.01373
0:0:22.95604,10,0.01491
0:0:22.96398,11,0.10028
0:0:22.97204,12,-0.01831
0:0:23.01172,10,0.01584
0:0:23.01978,11,0.10028
0:0:23.02772,12,0.05722
0:0:23.06777,10,0.01374
0:0:23.07582,11,0.10002
0:0:23.08376,12,-0.01602
0:0:23.12381,10,0.01387
0:0:23.13175,11,0.09996
0:0:23.13980,12,0.05722
0:0:23.17973,10,0.01398
0:0:23.18779,11,0.0998
0:0:23.19585,12,0.03891
0:0:23.23577,10,0.01343
0:0:23.24383,11,0.09993
0:0:23.25177,12,0.56992
0:0:23.29182,10,0.02125
0:0:23.29976,11,0.09885
0:0:23.30781,12,-0.0206
0:0:23.34786,10,0.02119
0:0:23.35580,11,0.09878
0:0:23.36386,12,-0.02747
0:0:23.40379,10,0.02229
0:0:23.41184,11,0.09776
0:0:23.41978,12,-0.0206
0:0:23.45983,10,0.02221
0:0:23.46691,11,0.09856
0:0:23.47582,12,-0.00687
0:0:23.51587,10,0.02136
0:0:23.52381,11,0.09761
0:0:23.53187,12,-2.54978
0:0:23.57143,10,0.02181
0:0:23.57985,11,0.09882
0:0:23.58791,12,-0.00687
0:0:23.62784,10,0.02119
0:0:23.63590,11,0.0983
0:0:23.64383,12,-0.00687
0:0:23.68388,10,0.0211
0:0:23.69194,11,0.0991
0:0:23.69988,12,-0.03204
0:0:23.73993,10,0.01549
0:0:23.74786,11,0.1003
0:0:23.75592,12,-0.01373
0:0:23.79585,10,0.01458
0:0:23.80391,11,0.10057
0:0:23.81197,12,-0.00687
0:0:23.85189,10,0.01535
0:0:23.85995,11,0.10033
0:0:23.86789,12,-0.01373
0:0:23.90794,10,0.01629
0:0:23.91587,11,0.0998
0:0:23.92393,12,-0.00687
0:0:23.96398,10,0.01528
0:0:23.97192,11,0.10237
0:0:23.97997,12,-0.02747
0:0:24.01966,10,0.01535
0:0:24.02772,11,0.10084
0:0:24.03565,12,-0.0206
0:0:24.07570,10,0.01534
0:0:24.08376,11,0.1007
0:0:24.09170,12,-0.01373
0:0:24.13175,10,0.01498
0:0:24.13968,11,0.10109
0:0:24.14774,12,-0.0206
0:0:24.18779,10,0.01574
0:0:24.19573,11,0.10128
0:0:24.20378,12,-0.01373
0:0:24.24371,10,0.01725
0:0:24.25177,11,0.10134
0:0:24.25971,12,-0.0206
0:0:24.29976,10,0.01726
0:0:24.30781,11,0.10066
0:0:24.31575,12,-2.51087
0:0:24.35580,10,0.01799
0:0:24.36374,11,0.10165
0:0:24.37180,12,-0.01373
0:0:24.41184,10,0.01712
0:0:24.41978,11,0.10222
0:0:24.42784,12,-0.00687
0:0:24.46777,10,0.01793
0:0:24.47582,11,0.10189
0:0:24.48376,12,-0.01373
0:0:24.52381,10,0.01695
0:0:24.53187,11,0.10126
0:0:24.53980,12,-0.0206
0:0:24.57985,10,0.01851
0:0:24.58779,11,0.10139
0:0:24.59585,12,-0.01373
0:0:24.63577,10,0.01705
0:0:24.64383,11,0.10159
0:0:24.65189,12,-0.0206
0:0:24.69182,10,0.01696
0:0:24.69939,11,0.10185
0:0:24.70782,12,-0.0206
0:0:24.74786,10,0.01901
0:0:24.75580,11,0.1019
0:0:24.76386,12,-0.02747
0:0:24.80391,10,0.01762
0:0:24.81184,11,0.10198
0:0:24.81990,12,-0.0206
0:0:24.85983,10,0.01781
0:0:24.86789,11,0.10148
0:0:24.87582,12,-0.01373
0:0:24.91587,10,0.02082
0:0:24.92393,11,0.09932
0:0:24.93187,12,-2.50401
0:0:24.93980,0,74.99084
0:0:24.97192,10,0.02102
0:0:24.97985,11,0.10046
0:0:24.98791,12,-0.01373
0:0:25.02772,10,0.02098
0:0:25.03565,11,0.10057
0:0:25.04371,12,-0.02747
0:0:25.08364,10,0.02057
0:0:25.09170,11,0.10053
0:0:25.09963,12,-0.00687
0:0:25.13968,10,0.02169
0:0:25.14750,11,0.10011
0:0:25.15568,12,-0.02747
0:0:25.19573,10,0.02196
0:0:25.20366,11,0.10129
0:0:25.21172,12,-0.0206
0:0:25.25165,10,0.02304
0:0:25.25971,11,0.09969
0:0:25.26777,12,-0.0206
0:0:25.30769,10,0.01979
0:0:25.31575,11,0.10095
0:0:25.32369,12,-0.02747
0:0:25.36374,10,0.01845
0:0:25.37167,11,0.10145
0:0:25.37973,12,-0.06867
0:0:25.41978,10,0.01947
0:0:25.42772,11,0.10204
0:0:25.43578,12,-0.0206
0:0:25.47570,10,0.01891
0:0:25.48376,11,0.10094
0:0:25.49170,12,-0.00687
0:0:25.53175,10,0.01877
0:0:25.53980,11,0.10093
0:0:25.54774,12,-0.01373
0:0:25.58779,10,0.01843
0:0:25.59573,11,0.10162
0:0:25.60378,12,-0.01373
0:0:25.64383,10,0.01865
0:0:25.65177,11,0.10114
0:0:25.65934,12,-0.00687
0:0:25.69976,10,0.01796
0:0:25.70782,11,0.10289
0:0:25.71575,12,-3.74228
0:0:25.75580,10,0.02014
0:0:25.76386,11,0.10132
0:0:25.77180,12,-3.74914
0:0:25.77973,0,-67.099
0:0:25.81184,10,0.01877
0:0:25.81978,11,0.10024
0:0:25.82784,12,-0.02747
0:0:25.86777,10,0.01853
0:0:25.87582,11,0.10105
0:0:25.88388,12,-0.01373
0:0:25.92381,10,0.01983
0:0:25.93187,11,0.10105
0:0:25.93980,12,-3.52941
0:0:25.94774,0,-73.83728
0:0:25.97985,10,0.01827
0:0:25.98779,11,0.10069
0:0:25.99585,12,-0.01373
0:0:26.00354,0,-73.83728
0:0:26.03565,10,0.01916
0:0:26.04359,11,0.1014
0:0:26.05165,12,0
0:0:26.09158,10,0.01853
0:0:26.09963,11,0.10113
0:0:26.10757,12,-0.01373
0:0:26.14762,10,0.0199
0:0:26.15568,11,0.10118
0:0:26.16361,12,-0.01373
0:0:26.20366,10,0.01829
0:0:26.21160,11,0.10029
0:0:26.21966,12,-0.00687
0:0:26.25971,10,0.01827
0:0:26.26764,11,0.1015
0:0:26.27570,12,-0.00687
0:0:26.31563,10,0.01885
0:0:26.32369,11,0.10184
0:0:26.33162,12,-0.00687
0:0:26.37167,10,0.01934
0:0:26.37973,11,0.10158
0:0:26.38767,12,0
0:0:26.42772,10,0.01857
0:0:26.43565,11,0.10151
0:0:26.44371,12,-0.00687
0:0:26.48364,10,0.0253
0:0:26.49170,11,0.09744
0:0:26.49963,12,-0.00687
0:0:26.53968,10,0.02412
0:0:26.54774,11,0.09799
0:0:26.55568,12,-0.00687
0:0:26.59573,10,0.0241
0:0:26.60366,11,0.09848
0:0:26.61172,12,-0.00687
0:0:26.65177,10,0.02411
0:0:26.65971,11,0.0983
0:0:26.66776,12,-0.00687
0:0:26.70769,10,0.02528
0:0:26.71575,11,0.09872
0:0:26.72369,12,-0.01373
0:0:26.76374,10,0.02526
0:0:26.77180,11,0.0987
0:0:26.77973,12,-3.74456
0:0:26.78767,0,-28.13416
0:0:26.81978,10,0.02411
0:0:26.82772,11,0.09867
0:0:26.83578,12,-0.0206
0:0:26.87582,10,0.02771
0:0:26.88376,11,0.09583
0:0:26.89182,12,-0.00687
0:0:26.93175,10,0.01937
0:0:26.93980,11,0.10133
0:0:26.94774,12,-0.01373
0:0:26.98779,10,0.0181
0:0:26.99585,11,0.10222
0:0:27.00354,12,-0.0206
0:0:27.04359,10,0.0189
0:0:27.05153,11,0.10141
0:0:27.05959,12,-0.0206
0:0:27.09963,10,0.01933
0:0:27.10757,11,0.1027
0:0:27.11551,12,-2.43076
0:0:27.12357,0,74.99084
0:0:27.15556,10,0.01837
0:0:27.16361,11,0.10114
0:0:27.17155,12,-0.01373
0:0:27.21160,10,0.01893
0:0:27.21954,11,0.10149
0:0:27.22759,12,-0.00687
0:0:27.26764,10,0.01921
0:0:27.27558,11,0.10134
0:0:27.28364,12,-0.0206
0:0:27.32356,10,0.01936
0:0:27.33162,11,0.10049
0:0:27.33968,12,-0.0206
0:0:27.37961,10,0.01925
0:0:27.38767,11,0.10058
0:0:27.39561,12,-0.02747
0:0:27.43565,10,0.01855
0:0:27.44359,11,0.10172
0:0:27.45165,12,-0.01373
0:0:27.49170,10,0.02044
0:0:27.49963,11,0.101
0:0:27.50769,12,-0.01373
0:0:27.54762,10,0.02435
0:0:27.55568,11,0.10126
0:0:27.56361,12,-3.74914
0:0:27.60366,10,0.01895
0:0:27.61148,11,0.10129
0:0:27.61966,12,-2.35752
0:0:27.65971,10,0.0188
0:0:27.66764,11,0.10107
0:0:27.67570,12,-3.74914
0:0:27.71575,10,0.01945
0:0:27.72369,11,0.10028
0:0:27.73175,12,-0.16938
0:0:27.73968,0,-0.00916
0:0:27.77167,10,0.01955
0:0:27.77973,11,0.10154
0:0:27.78767,12,-3.74914
0:0:27.79560,0,-37.50916
0:0:27.82772,10,0.01889
0:0:27.83578,11,0.10085
0:0:27.84371,12,-3.74685
0:0:27.88376,10,0.01941
0:0:27.89170,11,0.10003
0:0:27.89976,12,-3.74228
0:0:27.90769,0,-37.50916
0:0:27.93968,10,0.01833
0:0:27.94774,11,0.1013
0:0:27.95580,12,-3.74914
0:0:27.96374,0,-37.5
0:0:27.99573,10,0.02036
0:0:28.00354,11,0.10197
0:0:28.01148,12,-3.74914
0:0:28.01941,0,-72.72949
0:0:28.05153,10,0.01986
0:0:28.05946,11,0.09982
0:0:28.06752,12,-0.02747
0:0:28.07546,0,10.55603
0:0:28.10757,10,0.02624
0:0:28.11551,11,0.09846
0:0:28.12357,12,-0.01373
0:0:28.16349,10,0.0287
0:0:28.17155,11,0.09927
0:0:28.17949,12,-0.0206
0:0:28.21954,10,0.02788
0:0:28.22735,11,0.09924
0:0:28.23553,12,-0.00687
0:0:28.27558,10,0.03116
0:0:28.28352,11,0.10004
0:0:28.29157,12,-0.01373
0:0:28.33162,10,0.02656
0:0:28.33956,11,0.09882
0:0:28.34762,12,-0.01373
0:0:28.38755,10,0.02676
0:0:28.39561,11,0.09981
0:0:28.40354,12,-0.02747
0:0:28.44359,10,0.02811
0:0:28.45165,11,0.1
0:0:28.45959,12,-0.00687
0:0:28.49963,10,0.028
0:0:28.50757,11,0.09964
0:0:28.51563,12,-2.35065
0:0:28.55556,10,0.02062
0:0:28.56361,11,0.09996
0:0:28.57143,12,-0.00687
0:0:28.61160,10,0.0212
0:0:28.61966,11,0.10103
0:0:28.62759,12,-0.0206
0:0:28.66764,10,0.02048
0:0:28.67558,11,0.10051
0:0:28.68364,12,-0.00687
0:0:28.72369,10,0.02085
0:0:28.73162,11,0.10067
0:0:28.73968,12,-0.0206
0:0:28.77961,10,0.02039
0:0:28.78767,11,0.10062
0:0:28.79560,12,-0.0206
0:0:28.83565,10,0.02068
0:0:28.84371,11,0.1005
0:0:28.85165,12,-0.02747
0:0:28.89170,10,0.02013
0:0:28.89963,11,0.10098
0:0:28.90769,12,-0.00687
0:0:28.94774,10,0.0197
0:0:28.95568,11,0.10091
0:0:28.96374,12,0
0:0:29.00342,10,0.01923
0:0:29.01148,11,0.1011
0:0:29.01941,12,-0.00687
0:0:29.05946,10,0.0196
0:0:29.06752,11,0.1013
0:0:29.07546,12,-0.01373
0:0:29.11551,10,0.02107
0:0:29.12344,11,0.10148
0:0:29.13150,12,-0.00687
0:0:29.17143,10,0.01996
0:0:29.17949,11,0.10042
0:0:29.12503,12,-0.0206
0:0:29.22747,10,0.0205
0:0:29.23553,11,0.10134
0:0:29.24347,12,-0.01373
0:0:29.28352,10,0.0198
0:0:29.29145,11,0.10077
0:0:29.29951,12,-0.0206
0:0:29.33956,10,0.01855
0:0:29.34750,11,0.10052
0:0:29.35556,12,-0.16938
0:0:29.39548,10,0.0203
0:0:29.40354,11,0.10068
0:0:29.41148,12,-0.2266
0:0:29.45153,10,0.01979
0:0:29.45959,11,0.10007
0:0:29.46752,12,-0.00687
0:0:29.50757,10,0.02007
0:0:29.51551,11,0.10077
0:0:29.52357,12,-0.01373
0:0:29.56313,10,0.02005
0:0:29.57155,11,0.10113
0:0:29.57961,12,-0.01373
0:0:29.61954,10,0.01923
0:0:29.62759,11,0.1015
0:0:29.63553,12,-0.01373
0:0:29.67558,10,0.01955
0:0:29.68364,11,0.10158
0:0:29.69158,12,-0.00687
0:0:29.73162,10,0.04286
0:0:29.73956,11,0.0993
0:0:29.74762,12,-0.01373
0:0:29.78767,10,0.04673
0:0:29.79560,11,0.09919
0:0:29.80366,12,-0.01373
0:0:29.84359,10,0.04975
0:0:29.85165,11,0.0983
0:0:29.85958,12,-0.01373
0:0:29.86752,0,74.99084
0:0:29.89963,10,0.03465
0:0:29.90757,11,0.09982
0:0:29.91563,12,-0.02747
0:0:29.95568,10,0.03179
0:0:29.96361,11,0.09933
0:0:29.97167,12,-0.00687
0:0:30.01135,10,0.03943
0:0:30.01941,11,0.09944
0:0:30.02735,12,-0.01373
0:0:30.06740,10,0.03185
0:0:30.07546,11,0.09948
0:0:30.08340,12,-0.01373
0:0:30.12344,10,0.01912
0:0:30.13138,11,0.10188
0:0:30.13944,12,-0.00687
0:0:30.17949,10,0.01939
0:0:30.18742,11,0.10102
0:0:30.19548,12,-0.02747
0:0:30.23541,10,0.0199
0:0:30.24347,11,0.1001
0:0:30.25140,12,-0.0206
0:0:30.29145,10,0.01951
0:0:30.29951,11,0.10056
0:0:30.30745,12,-0.0206
0:0:30.34750,10,0.01978
0:0:30.35543,11,0.10093
0:0:30.36349,12,-0.01373
0:0:30.40354,10,0.02005
0:0:30.41148,11,0.10003
0:0:30.41954,12,-0.00687
0:0:30.45946,10,0.02048
0:0:30.46752,11,0.10112
0:0:30.47546,12,-0.00687
0:0:30.51551,10,0.02039
0:0:30.52357,11,0.10092
0:0:30.53150,12,-0.00687
0:0:30.57155,10,0.01935
0:0:30.57949,11,0.1002
0:0:30.58755,12,-0.00687
0:0:30.62747,10,0.02053
0:0:30.63553,11,0.10113
0:0:30.64359,12,-2.35752
0:0:30.68352,10,0.02138
0:0:30.69158,11,0.10071
0:0:30.69951,12,0
0:0:30.73956,10,0.0206
0:0:30.74750,11,0.10097
0:0:30.75556,12,-0.00687
0:0:30.79512,10,0.02085
0:0:30.80354,11,0.10067
0:0:30.81160,12,-0.01373
0:0:30.85153,10,0.01962
0:0:30.85958,11,0.10034
0:0:30.86752,12,-2.37125
0:0:30.90757,10,0.02137
0:0:30.91563,11,0.10082
0:0:30.92356,12,-2.4033
0:0:30.93150,0,74.99084
0:0:30.96361,10,0.02037
0:0:30.97155,11,0.10139
0:0:30.97961,12,-0.03204
0:0:31.01941,10,0.02132
0:0:31.02735,11,0.10139
0:0:31.03517,12,-2.4033
0:0:31.07534,10,0.02056
0:0:31.08340,11,0.10135
0:0:31.09133,12,-0.01373
0:0:31.13138,10,0.02085
0:0:31.13944,11,0.09957
0:0:31.14738,12,-0.0206
0:0:31.18742,10,0.02051
0:0:31.19536,11,0.10138
0:0:31.20342,12,-0.0206
0:0:31.24335,10,0.02152
0:0:31.25140,11,0.10156
0:0:31.25946,12,-0.0206
0:0:31.29939,10,0.04869
0:0:31.30745,11,0.10034
0:0:31.31538,12,-0.01373
0:0:31.35543,10,0.05086
0:0:31.36337,11,0.09887
0:0:31.37143,12,-0.01373
0:0:31.41148,10,0.0643
0:0:31.41941,11,0.0974
0:0:31.42747,12,-3.68505
0:0:31.46740,10,0.05094
0:0:31.47546,11,0.09866
0:0:31.48339,12,-0.00687
0:0:31.52344,10,0.04741
0:0:31.53150,11,0.0974
0:0:31.53944,12,-0.01373
0:0:31.57949,10,0.04452
0:0:31.58742,11,0.09924
0:0:31.59548,12,-2.37125
0:0:31.63553,10,0.04847
0:0:31.64347,11,0.09964
0:0:31.65153,12,-0.01373
0:0:31.65946,0,74.99084
0:0:31.69145,10,0.05062
0:0:31.69951,11,0.10019
0:0:31.70745,12,-3.66217
0:0:31.74750,10,0.02252
0:0:31.75556,11,0.102
0:0:31.76349,12,-3.74228
0:0:31.80354,10,0.02131
0:0:31.81148,11,0.10101
0:0:31.81954,12,-0.23346
0:0:31.85946,10,0.02279
0:0:31.86752,11,0.09975
0:0:31.87546,12,0.5539
0:0:31.91551,10,0.02203
0:0:31.92356,11,0.09989
0:0:31.93150,12,-3.74914
0:0:31.97155,10,0.02282
0:0:31.97949,11,0.10058
0:0:31.98755,12,-2.37125
0:0:32.02735,10,0.02306
0:0:32.03529,11,0.09983
0:0:32.04335,12,-0.00687
0:0:32.08327,10,0.0233
0:0:32.09133,11,0.10111
0:0:32.09927,12,-0.00687
0:0:32.13932,10,0.02314
0:0:32.14737,11,0.10106
0:0:32.15531,12,-0.00687
0:0:32.19536,10,0.02283
0:0:32.20330,11,0.09949
0:0:32.21136,12,-0.0206
0:0:32.25140,10,0.02384
0:0:32.25934,11,0.1003
0:0:32.26740,12,-0.00687
0:0:32.30733,10,0.02465
0:0:32.31538,11,0.1005
0:0:32.32332,12,-0.0206
0:0:32.36337,10,0.02488
0:0:32.37143,11,0.09971
0:0:32.37936,12,-0.01373
0:0:32.41941,10,0.02336
0:0:32.42735,11,0.10122
0:0:32.43541,12,-0.0206
0:0:32.47533,10,0.02477
0:0:32.48339,11,0.10107
0:0:32.49145,12,-0.01373
0:0:32.53138,10,0.02373
0:0:32.53944,11,0.10123
0:0:32.54737,12,-0.01373
0:0:32.58743,10,0.02381
0:0:32.59536,11,0.10055
0:0:32.60342,12,-0.00687
0:0:32.64347,10,0.02368
0:0:32.65141,11,0.10113
0:0:32.65946,12,-0.01373
0:0:32.69939,10,0.024
0:0:32.70745,11,0.10063
0:0:32.71539,12,-0.0206
0:0:32.75543,10,0.02449
0:0:32.76337,11,0.10061
0:0:32.77143,12,-0.02747
0:0:32.81148,10,0.02371
0:0:32.81941,11,0.10062
0:0:32.82747,12,-0.0206
0:0:32.86740,10,0.02417
0:0:32.87546,11,0.10161
0:0:32.88352,12,-0.00687
0:0:32.92344,10,0.07304
0:0:32.93150,11,0.09874
0:0:32.93944,12,-0.00687
0:0:32.97949,10,0.07147
0:0:32.98755,11,0.1011
0:0:32.99548,12,-3.74914
0:0:33.03529,10,0.09762
0:0:33.04322,11,0.10228
0:0:33.05128,12,-2.36439
0:0:33.09133,10,0.09315
0:0:33.09927,11,0.10036
0:0:33.10733,12,-0.0206
0:0:33.14725,10,0.08177
0:0:33.15531,11,0.10057
0:0:33.16325,12,-0.01373
0:0:33.20330,10,0.10705
0:0:33.21124,11,0.09934
0:0:33.21929,12,-0.00687
0:0:33.25934,10,0.07208
0:0:33.26728,11,0.10206
0:0:33.27534,12,-3.70794
0:0:33.31526,10,0.02174
0:0:33.32332,11,0.10052
0:0:33.33113,12,-0.0206
0:0:33.37131,10,0.02275
0:0:33.37936,11,0.10084
0:0:33.38730,12,-0.01373
0:0:33.42735,10,0.02168
0:0:33.43529,11,0.10014
0:0:33.44334,12,0.57221
0:0:33.48339,10,0.02286
0:0:33.49133,11,0.10146
0:0:33.49939,12,0.56535
0:0:33.53932,10,0.02167
0:0:33.54737,11,0.10112
0:0:33.55531,12,0.57908
0:0:33.59536,10,0.02159
0:0:33.60342,11,0.10004
0:0:33.61135,12,-0.00687
0:0:33.65141,10,0.02225
0:0:33.65934,11,0.10137
0:0:33.66740,12,-0.01373
0:0:33.70745,10,0.02149
0:0:33.71539,11,0.10033
0:0:33.72344,12,-0.03891
0:0:33.76337,10,0.02073
0:0:33.77143,11,0.09982
0:0:33.77937,12,0.6363
0:0:33.81941,10,0.02126
0:0:33.82747,11,0.10062
0:0:33.83541,12,-0.01373
0:0:33.87546,10,0.02134
0:0:33.88340,11,0.10112
0:0:33.89145,12,0.02976
0:0:33.93138,10,0.01916
0:0:33.93944,11,0.10123
0:0:33.94750,12,0.57221
0:0:33.98742,10,0.01981
0:0:33.99548,11,0.09996
0:0:34.00317,12,-3.74914
0:0:34.04322,10,0.0192
0:0:34.05116,11,0.09932
0:0:34.05922,12,-3.71481
0:0:34.06715,0,-56.31409
0:0:34.09927,10,0.02066
0:0:34.10720,11,0.09945
0:0:34.11526,12,-0.01373
0:0:34.15519,10,0.01862
0:0:34.16325,11,0.10041
0:0:34.17118,12,-0.08698
0:0:34.17924,0,-73.61755
0:0:34.21124,10,0.01813
0:0:34.21929,11,0.10148
0:0:34.22723,12,-0.05951
0:0:34.26728,10,0.01766
0:0:34.27522,11,0.10086
0:0:34.28327,12,-3.74914
0:0:34.32235,10,0.01801
0:0:34.33126,11,0.10175
0:0:34.33920,12,-3.57519
0:0:34.37924,10,0.01818
0:0:34.38730,11,0.0994
0:0:34.39524,12,-3.73999
0:0:34.43529,10,0.01789
0:0:34.44334,11,0.101
0:0:34.45128,12,-3.74456
0:0:34.49133,10,0.30558
0:0:34.49927,11,0.07686
0:0:34.50732,12,-0.01373
0:0:34.54725,10,0.27349
0:0:34.55531,11,0.05939
0:0:34.56337,12,-0.0206
0:0:34.60330,10,0.27617
0:0:34.61135,11,0.07461
0:0:34.61929,12,-0.0206
0:0:34.65934,10,0.29055
0:0:34.66728,11,0.05338
0:0:34.67533,12,-0.0206
0:0:34.71539,10,0.31639
0:0:34.72332,11,0.07289
0:0:34.73138,12,-0.00687
0:0:34.77131,10,0.28724
0:0:34.77937,11,0.07267
0:0:34.78730,12,-0.01373
0:0:34.82735,10,0.25731
0:0:34.83541,11,0.07071
0:0:34.84335,12,-0.23117
0:0:34.85128,0,-28.13416
0:0:34.88340,10,0.23938
0:0:34.89133,11,0.07201
0:0:34.89939,12,-3.74914
0:0:34.93944,10,0.01844
0:0:34.94738,11,0.09996
0:0:34.95543,12,-3.68505
0:0:34.99536,10,0.01785
0:0:35.00317,11,0.09993
0:0:35.01111,12,-3.74914
0:0:35.01905,0,-38.38806
0:0:35.05116,10,0.01893
0:0:35.05922,11,0.0999
0:0:35.06715,12,-3.6759
0:0:35.07509,0,-73.54431
0:0:35.10720,10,0.01796
0:0:35.11514,11,0.10006
0:0:35.12320,12,-3.74914
0:0:35.16312,10,0.01766
0:0:35.17118,11,0.09977
0:0:35.17924,12,-3.73999
0:0:35.21917,10,0.01902
0:0:35.22723,11,0.10024
0:0:35.23516,12,-3.74228
0:0:35.27522,10,0.01822
0:0:35.28315,11,0.10032
0:0:35.29121,12,-3.74914
0:0:35.33126,10,0.01741
0:0:35.33920,11,0.10003
0:0:35.34725,12,-3.74914
0:0:35.35519,0,-37.50916
0:0:35.38718,10,0.01797
0:0:35.39524,11,0.09992
0:0:35.40318,12,-3.74914
0:0:35.44322,10,0.01813
0:0:35.45128,11,0.10126
0:0:35.45922,12,-0.00687
0:0:35.49927,10,0.01794
0:0:35.50720,11,0.10144
0:0:35.51526,12,-0.01373
0:0:35.55531,10,0.01886
0:0:35.56325,11,0.10048
0:0:35.57131,12,-0.01373
0:0:35.61123,10,0.01901
0:0:35.61929,11,0.09962
0:0:35.62723,12,-0.00687
0:0:35.66728,10,0.0182
0:0:35.67521,11,0.10127
0:0:35.68327,12,-0.01373
0:0:35.72332,10,0.01803
0:0:35.73126,11,0.10075
0:0:35.73932,12,-0.01373
0:0:35.77924,10,0.01835
0:0:35.78730,11,0.10062
0:0:35.79536,12,-0.01373
0:0:35.83529,10,0.01889
0:0:35.84335,11,0.10061
0:0:35.85128,12,-0.01373
0:0:35.89133,10,0.01967
0:0:35.89927,11,0.10105
0:0:35.90733,12,-0.0206
0:0:35.94738,10,0.01928
0:0:35.95531,11,0.10138
0:0:35.96337,12,-0.00687
0:0:36.00305,10,0.02028
0:0:36.01111,11,0.10013
0:0:36.01905,12,-0.01373
0:0:36.05910,10,0.02022
0:0:36.06715,11,0.09964
0:0:36.07509,12,-0.0206
0:0:36.11514,10,0.40399
0:0:36.12308,11,0.16034
0:0:36.13113,12,-0.02747
0:0:36.17118,10,0.35932
0:0:36.17912,11,0.15593
0:0:36.18718,12,-0.0206
0:0:36.22711,10,0.45088
0:0:36.23516,11,0.17023
0:0:36.24310,12,-2.4033
0:0:36.25116,0,14.7583
0:0:36.28315,10,0.4468
0:0:36.29121,11,0.1669
0:0:36.29914,12,-3.74456
0:0:36.33920,10,0.48222
0:0:36.34713,11,0.17066
0:0:36.35519,12,-0.0206
0:0:36.39524,10,0.4312
0:0:36.40318,11,0.16087
0:0:36.41123,12,-0.0206
0:0:36.45116,10,0.38767
0:0:36.45922,11,0.1526
0:0:36.46716,12,-0.01373
0:0:36.50720,10,0.29401
0:0:36.51514,11,0.10025
0:0:36.52320,12,-0.00687
0:0:36.56325,10,0.01952
0:0:36.57119,11,0.09992
0:0:36.57924,12,-0.01373
0:0:36.61917,10,0.01997
0:0:36.62723,11,0.10054
0:0:36.63517,12,-0.00687
0:0:36.67521,10,0.02116
0:0:36.68327,11,0.09899
0:0:36.69121,12,-0.01373
0:0:36.73126,10,0.02044
0:0:36.73919,11,0.09981
0:0:36.74725,12,-0.00687
0:0:36.78730,10,0.02174
0:0:36.79524,11,0.10013
0:0:36.80330,12,-0.01373
0:0:36.84322,10,0.02115
0:0:36.85128,11,0.10075
0:0:36.85922,12,-0.0206
0:0:36.89927,10,0.02039
0:0:36.90733,11,0.09977
0:0:36.91526,12,-0.0206
0:0:36.95531,10,0.02041
0:0:36.96325,11,0.10033
0:0:36.97131,12,-0.0206
0:0:37.01111,10,0.02116
0:0:37.01905,11,0.10046
0:0:37.02686,12,-0.01373
0:0:37.06703,10,0.02189
0:0:37.07509,11,0.10048
0:0:37.08303,12,-0.01373
0:0:37.12308,10,0.02133
0:0:37.13113,11,0.09996
0:0:37.13907,12,-0.0206
0:0:37.17912,10,0.02096
0:0:37.18706,11,0.10036
0:0:37.19511,12,-0.01373
0:0:37.23504,10,0.02087
0:0:37.24310,11,0.09949
0:0:37.25116,12,-0.00687
0:0:37.29109,10,0.02089
0:0:37.29914,11,0.10067
0:0:37.30708,12,-0.00687
0:0:37.34713,10,0.02041
0:0:37.35507,11,0.10072
0:0:37.36312,12,-0.00687
0:0:37.40293,10,0.02104
0:0:37.41111,11,0.10075
0:0:37.41917,12,-0.01373
0:0:37.45910,10,0.0204
0:0:37.46716,11,0.09995
0:0:37.47509,12,-0.01373
0:0:37.51514,10,0.0209
0:0:37.52320,11,0.10033
0:0:37.53114,12,-0.0206
0:0:37.57119,10,0.02093
0:0:37.57912,11,0.10105
0:0:37.58718,12,-0.01373
0:0:37.62723,10,0.02168
0:0:37.63517,11,0.09989
0:0:37.64322,12,-0.01373
0:0:37.68315,10,0.24137
0:0:37.69121,11,0.13893
0:0:37.69915,12,-0.00687
0:0:37.73919,10,0.24399
0:0:37.74725,11,0.12992
0:0:37.75519,12,-0.00687
0:0:37.79524,10,0.26595
0:0:37.80317,11,0.12644
0:0:37.81123,12,-0.01373
0:0:37.85116,10,0.32003
0:0:37.85922,11,0.12661
0:0:37.86728,12,-0.02747
0:0:37.90720,10,0.68903
0:0:37.91526,11,0.17076
0:0:37.92320,12,-0.0206
0:0:37.96325,10,0.80945
0:0:37.97118,11,0.181
0:0:37.97924,12,-0.0206
0:0:38.01905,10,0.78729
0:0:38.02699,11,0.1844
0:0:38.03504,12,-0.01373
0:0:38.07497,10,0.50099
0:0:38.08303,11,0.16581
0:0:38.09097,12,-2.37125
0:0:38.13101,10,0.0196
0:0:38.13907,11,0.09981
0:0:38.14701,12,-0.01373
0:0:38.18706,10,0.0197
0:0:38.19499,11,0.10046
0:0:38.20305,12,-0.01373
0:0:38.24310,10,0.02069
0:0:38.25104,11,0.10122
0:0:38.25910,12,-0.0206
0:0:38.29902,10,0.01921
0:0:38.30708,11,0.10084
0:0:38.31502,12,-0.0206
0:0:38.35507,10,0.0207
0:0:38.36312,11,0.09934
0:0:38.37106,12,-0.0206
0:0:38.41111,10,0.02023
0:0:38.41905,11,0.1016
0:0:38.42710,12,-0.0206
0:0:38.46716,10,0.0206
0:0:38.47509,11,0.09955
0:0:38.48315,12,-0.00687
0:0:38.52308,10,0.01947
0:0:38.53114,11,0.10071
0:0:38.53907,12,-0.00687
0:0:38.57912,10,0.02082
0:0:38.58706,11,0.10024
0:0:38.59512,12,-0.00687
0:0:38.63517,10,0.02002
0:0:38.64310,11,0.1014
0:0:38.65116,12,-0.01373
0:0:38.69109,10,0.02024
0:0:38.69915,11,0.10039
0:0:38.70708,12,-0.01373
0:0:38.74713,10,0.02046
0:0:38.75519,11,0.10032
0:0:38.76313,12,-0.01373
0:0:38.80317,10,0.02046
0:0:38.81111,11,0.10018
0:0:38.81917,12,-0.01373
0:0:38.85922,10,0.01937
0:0:38.86716,11,0.10027
0:0:38.87521,12,-0.01373
0:0:38.91514,10,0.02054
0:0:38.92320,11,0.10057
0:0:38.93114,12,-0.00687
0:0:38.97118,10,0.02043
0:0:38.97924,11,0.10039
0:0:38.98718,12,-0.01373
0:0:39.02699,10,0.02088
0:0:39.03492,11,0.09991
0:0:39.04298,12,-0.0206
0:0:39.08303,10,0.02023
0:0:39.09097,11,0.09986
0:0:39.09902,12,-0.01373
0:0:39.13895,10,0.02041
0:0:39.14701,11,0.10044
0:0:39.15495,12,-0.0206
0:0:39.19499,10,0.02126
0:0:39.20293,11,0.10094
0:0:39.21099,12,-0.01373
0:0:39.25006,10,0.02218
0:0:39.25898,11,0.10062
0:0:39.26703,12,-0.01373
0:0:39.30696,10,0.53765
0:0:39.31502,11,0.11439
0:0:39.32296,12,-0.01373
0:0:39.36300,10,0.48786
0:0:39.37106,11,0.11688
0:0:39.37900,12,-0.00687
0:0:39.41905,10,0.52547
0:0:39.42698,11,0.11682
0:0:39.43504,12,-0.01373
0:0:39.47509,10,0.35051
0:0:39.48303,11,0.11013
0:0:39.49109,12,-0.00687
0:0:39.53101,10,0.34284
0:0:39.53907,11,0.11081
0:0:39.54701,12,-0.01373
0:0:39.58706,10,0.37656
0:0:39.59512,11,0.10822
0:0:39.60305,12,-0.02747
0:0:39.64310,10,0.38815
0:0:39.65104,11,0.11071
0:0:39.65910,12,-0.0206
0:0:39.69915,10,0.42897
0:0:39.70708,11,0.10956
0:0:39.71514,12,-0.02747
0:0:39.75507,10,0.0191
0:0:39.76313,11,0.10052
0:0:39.77106,12,-0.01373
0:0:39.81111,10,0.02116
0:0:39.81917,11,0.10044
0:0:39.82711,12,-0.01373
0:0:39.86716,10,0.02359
0:0:39.87509,11,0.10125
0:0:39.88315,12,-0.02747
0:0:39.92308,10,0.02408
0:0:39.93114,11,0.1023
0:0:39.93919,12,-0.01373
0:0:39.97912,10,0.02181
0:0:39.98718,11,0.10001
0:0:39.99512,12,-0.01373
0:0:40.03492,10,0.0222
0:0:40.04286,11,0.10119
0:0:40.05091,12,-0.0206
0:0:40.09097,10,0.02099
0:0:40.09890,11,0.09992
0:0:40.10696,12,-0.02747
0:0:40.14688,10,0.02173
0:0:40.15495,11,0.10073
0:0:40.16288,12,-0.0206
0:0:40.20293,10,0.01998
0:0:40.21099,11,0.09955
0:0:40.21893,12,-0.00687
0:0:40.25898,10,0.02118
0:0:40.26691,11,0.10027
0:0:40.27497,12,0
0:0:40.31453,10,0.02083
0:0:40.32296,11,0.10006
0:0:40.33101,12,-0.01373
0:0:40.37094,10,0.0212
0:0:40.37900,11,0.09992
0:0:40.38694,12,-0.0206
0:0:40.42698,10,0.02089
0:0:40.43504,11,0.09988
0:0:40.44298,12,-0.00687
0:0:40.48303,10,0.02104
0:0:40.49096,11,0.09969
0:0:40.49902,12,-2.36439
0:0:40.53895,10,0.02088
0:0:40.54701,11,0.10021
0:0:40.55507,12,-2.35752
0:0:40.59499,10,0.02088
0:0:40.60305,11,0.09997
0:0:40.61099,12,-2.36439
0:0:40.65104,10,0.02084
0:0:40.65897,11,0.10117
0:0:40.66703,12,-2.50401
0:0:40.70708,10,0.02259
0:0:40.71502,11,0.10186
0:0:40.72308,12,-0.01373
0:0:40.76300,10,0.02363
0:0:40.77106,11,0.10149
0:0:40.77900,12,-0.00687
0:0:40.81905,10,0.02496
0:0:40.82711,11,0.10118
0:0:40.83504,12,-0.01373
0:0:40.87509,10,0.02508
0:0:40.88303,11,0.10048
0:0:40.89109,12,-0.01373
0:0:40.93114,10,0.11327
0:0:40.93907,11,0.10185
0:0:40.94713,12,0
0:0:40.98706,10,0.11008
0:0:40.99512,11,0.1005
0:0:41.00281,12,-0.01373
0:0:41.04286,10,0.12087
0:0:41.05091,11,0.10134
0:0:41.05885,12,-0.01373
0:0:41.09890,10,0.1228
0:0:41.10684,11,0.10143
0:0:41.11489,12,-0.0206
0:0:41.15482,10,0.11619
0:0:41.16288,11,0.10031
0:0:41.17094,12,-0.02747
0:0:41.21087,10,0.12505
0:0:41.21893,11,0.10189
0:0:41.22686,12,-0.00687
0:0:41.26691,10,0.12554
0:0:41.27485,11,0.10173
0:0:41.28291,12,-0.01373
0:0:41.32296,10,0.02712
0:0:41.33089,11,0.1009
0:0:41.33895,12,-0.0206
0:0:41.37888,10,0.03104
0:0:41.38694,11,0.10271
0:0:41.39487,12,-0.0206
0:0:41.43492,10,0.03281
0:0:41.44298,11,0.10306
0:0:41.45092,12,-0.01373
0:0:41.49096,10,0.03355
0:0:41.49890,11,0.10259
0:0:41.50696,12,-0.00687
0:0:41.54701,10,0.03009
0:0:41.55495,11,0.10193
0:0:41.56300,12,-0.01373
0:0:41.60293,10,0.03026
0:0:41.61099,11,0.10188
0:0:41.61893,12,-0.01373
0:0:41.65897,10,0.03007
0:0:41.66703,11,0.10289
0:0:41.67497,12,-0.00687
0:0:41.71502,10,0.03127
0:0:41.72295,11,0.10233
0:0:41.73101,12,-0.01373
0:0:41.77094,10,0.02956
0:0:41.77900,11,0.10329
0:0:41.78706,12,-0.01373
0:0:41.82698,10,0.02994
0:0:41.83504,11,0.10227
0:0:41.84298,12,-0.01373
0:0:41.88303,10,0.0285
0:0:41.89096,11,0.10171
0:0:41.89902,12,-0.01373
0:0:41.93907,10,0.02935
0:0:41.94701,11,0.10137
0:0:41.95507,12,-0.01373
0:0:41.99500,10,0.02991
0:0:42.00281,11,0.1025
0:0:42.01075,12,-0.00687
0:0:42.05079,10,0.03074
0:0:42.05885,11,0.10283
0:0:42.06679,12,-0.01373
0:0:42.10684,10,0.0284
0:0:42.11477,11,0.10259
0:0:42.12283,12,0
0:0:42.16288,10,0.0304
0:0:42.17082,11,0.10173
0:0:42.17887,12,-0.00687
0:0:42.21880,10,0.03147
0:0:42.22686,11,0.10322
0:0:42.23480,12,-0.01373
0:0:42.27485,10,0.03034
0:0:42.28291,11,0.10274
0:0:42.29084,12,-0.01373
0:0:42.33089,10,0.03064
0:0:42.33883,11,0.10173
0:0:42.34689,12,-0.01373
0:0:42.38694,10,0.02621
0:0:42.39487,11,0.10237
0:0:42.40293,12,0
0:0:42.44286,10,0.02382
0:0:42.45092,11,0.1007
0:0:42.45885,12,-0.01373
0:0:42.49890,10,0.15782
0:0:42.50684,11,0.10391
0:0:42.51490,12,-0.03204
0:0:42.55495,10,0.08028
0:0:42.56288,11,0.09996
0:0:42.57094,12,-0.0206
0:0:42.61087,10,0.07693
0:0:42.61893,11,0.09809
0:0:42.62686,12,-0.01373
0:0:42.66691,10,0.10581
0:0:42.67497,11,0.09993
0:0:42.68291,12,-0.00687
0:0:42.72295,10,0.10618
0:0:42.73089,11,0.09952
0:0:42.73895,12,-0.01373
0:0:42.77851,10,0.10858
0:0:42.78693,11,0.10048
0:0:42.79499,12,-0.01373
0:0:42.83492,10,0.10961
0:0:42.84298,11,0.10016
0:0:42.85091,12,-0.00687
0:0:42.89096,10,0.10412
0:0:42.89902,11,0.10036
0:0:42.90696,12,-0.01373
0:0:42.94701,10,0.02368
0:0:42.95494,11,0.10109
0:0:42.96301,12,-0.0206
0:0:43.00281,10,0.02373
0:0:43.01075,11,0.10065
0:0:43.01880,12,-0.0206
0:0:43.05873,10,0.0239
0:0:43.06679,11,0.10143
0:0:43.07473,12,-0.00687
0:0:43.11477,10,0.02376
0:0:43.12283,11,0.10025
0:0:43.13077,12,-0.01373
0:0:43.17082,10,0.02447
0:0:43.17875,11,0.10035
0:0:43.18681,12,-0.0206
0:0:43.22674,10,0.02328
0:0:43.23480,11,0.10061
0:0:43.24274,12,-0.01373
0:0:43.28278,10,0.0246
0:0:43.29084,11,0.10005
0:0:43.29878,12,-0.01373
0:0:43.33883,10,0.02368
0:0:43.34676,11,0.09956
0:0:43.35482,12,-0.01373
0:0:43.39487,10,0.02345
0:0:43.40281,11,0.10039
0:0:43.41087,12,-0.00687
0:0:43.45079,10,0.02378
0:0:43.45885,11,0.10006
0:0:43.46679,12,-0.01373
0:0:43.50684,10,0.02418
0:0:43.51490,11,0.09983
0:0:43.52283,12,-0.01373
0:0:43.56288,10,0.02346
0:0:43.57082,11,0.10144
0:0:43.57888,12,-0.01373
0:0:43.61893,10,0.02428
0:0:43.62686,11,0.10072
0:0:43.63443,12,-0.01373
0:0:43.67485,10,0.02441
0:0:43.68291,11,0.10025
0:0:43.69084,12,-0.01373
0:0:43.73089,10,0.02307
0:0:43.73895,11,0.10089
0:0:43.74689,12,-0.00687
0:0:43.78693,10,0.02496
0:0:43.79487,11,0.10077
0:0:43.80293,12,-0.01373
0:0:43.84286,10,0.02501
0:0:43.85091,11,0.10025
0:0:43.85897,12,-0.00687
0:0:43.89890,10,0.02504
0:0:43.90696,11,0.10145
0:0:43.91490,12,-0.01373
0:0:43.95494,10,0.02485
0:0:43.96288,11,0.10161
0:0:43.97094,12,0
0:0:44.00977,10,0.02488
0:0:44.01868,11,0.20133
0:0:44.02674,12,-0.01373
0:0:44.06667,10,0.0256
0:0:44.07473,11,0.10057
0:0:44.08266,12,-0.01373
0:0:44.12271,10,0.10948
0:0:44.13065,11,0.09983
0:0:44.13871,12,-0.01373
0:0:44.17875,10,0.07857
0:0:44.18669,11,0.09611
0:0:44.19475,12,-0.01373
0:0:44.23480,10,0.08972
0:0:44.24274,11,0.09772
0:0:44.25079,12,-0.01373
0:0:44.29072,10,0.1235
0:0:44.29878,11,0.09943
0:0:44.30672,12,-0.01373
0:0:44.34676,10,0.19375
0:0:44.35482,11,0.10323
0:0:44.36276,12,-0.01373
0:0:44.40281,10,0.16009
0:0:44.41074,11,0.10097
0:0:44.41880,12,-0.0206
0:0:44.45873,10,0.12886
0:0:44.46679,11,0.09902
0:0:44.47485,12,-0.0206
0:0:44.51477,10,0.02591
0:0:44.52283,11,0.10047
0:0:44.53077,12,-0.00687
0:0:44.57082,10,0.02423
0:0:44.57875,11,0.09997
0:0:44.58681,12,-0.01373
0:0:44.62662,10,0.02361
0:0:44.63480,11,0.09945
0:0:44.64286,12,-0.01373
0:0:44.68279,10,0.0249
0:0:44.69084,11,0.1007
0:0:44.69878,12,-0.01373
0:0:44.73883,10,0.02497
0:0:44.74677,11,0.10086
0:0:44.75482,12,-0.01373
0:0:44.79487,10,0.02466
0:0:44.80281,11,0.10149
0:0:44.81087,12,-0.0206
0:0:44.85091,10,0.02482
0:0:44.85885,11,0.10082
0:0:44.86691,12,-0.01373
0:0:44.90684,10,0.02545
0:0:44.91490,11,0.10036
0:0:44.92283,12,-0.00687
0:0:44.96288,10,0.02522
0:0:44.97094,11,0.10097
0:0:44.97888,12,-0.00687
0:0:45.01868,10,0.02457
0:0:45.02662,11,0.10069
0:0:45.03468,12,-0.01373
0:0:45.07460,10,0.02488
0:0:45.08266,11,0.10029
0:0:45.09072,12,-0.00687
0:0:45.13065,10,0.0249
0:0:45.13871,11,0.10032
0:0:45.14664,12,-0.01373
0:0:45.18669,10,0.02601
0:0:45.19463,11,0.09968
0:0:45.20269,12,-0.00687
0:0:45.24274,10,0.02628
0:0:45.25067,11,0.1005
0:0:45.25873,12,-2.50401
0:0:45.29866,10,0.02452
0:0:45.30672,11,0.10127
0:0:45.31465,12,-0.0206
0:0:45.35470,10,0.0259
0:0:45.36276,11,0.09951
0:0:45.37070,12,-0.01373
0:0:45.41074,10,0.02478
0:0:45.41868,11,0.10002
0:0:45.42674,12,-0.01373
0:0:45.46679,10,0.02539
0:0:45.47472,11,0.10094
0:0:45.48254,12,-0.01373
0:0:45.52271,10,0.02464
0:0:45.53077,11,0.10046
0:0:45.53870,12,-0.0206
0:0:45.57875,10,0.02503
0:0:45.58681,11,0.10118
0:0:45.59475,12,-2.37125
0:0:45.63480,10,0.02515
0:0:45.64273,11,0.10077
0:0:45.65079,12,-2.36439
0:0:45.69084,10,0.07291
0:0:45.69878,11,0.09876
0:0:45.70684,12,-0.00687
0:0:45.74677,10,0.06989
0:0:45.75482,11,0.09949
0:0:45.76276,12,-0.01373
0:0:45.80281,10,0.06879
0:0:45.81087,11,0.09881
0:0:45.81880,12,-0.02747
0:0:45.85885,10,0.06787
0:0:45.86679,11,0.0996
0:0:45.87485,12,-0.0206
0:0:45.91478,10,0.06571
0:0:45.92283,11,0.09954
0:0:45.93089,12,-0.0206
0:0:45.97082,10,0.06655
0:0:45.97888,11,0.09873
0:0:45.98681,12,-0.00687
0:0:46.02662,10,0.06667
0:0:46.03455,11,0.09844
0:0:46.04261,12,-0.00687
0:0:46.08266,10,0.06844
0:0:46.09060,11,0.09926
0:0:46.09768,12,-0.00687
0:0:46.13858,10,0.02619
0:0:46.14664,11,0.09971
0:0:46.15458,12,-0.01373
0:0:46.19463,10,0.02368
0:0:46.20269,11,0.10061
0:0:46.21062,12,-0.0206
0:0:46.25067,10,0.02504
0:0:46.25861,11,0.10173
0:0:46.26667,12,-0.01373
0:0:46.30672,10,0.02508
0:0:46.31465,11,0.10173
0:0:46.32271,12,-0.01373
0:0:46.36264,10,0.02513
0:0:46.37070,11,0.1
0:0:46.37863,12,-0.01373
0:0:46.41868,10,0.02519
0:0:46.42674,11,0.10057
0:0:46.43468,12,-0.01373
0:0:46.47472,10,0.02461
0:0:46.48266,11,0.10054
0:0:46.49072,12,-0.01373
0:0:46.53065,10,0.02519
0:0:46.53870,11,0.1015
0:0:46.54676,12,-0.01373
0:0:46.58669,10,0.02551
0:0:46.59475,11,0.10065
0:0:46.60269,12,-0.01373
0:0:46.64273,10,0.02566
0:0:46.65067,11,0.10054
0:0:46.65873,12,-0.00687
0:0:46.69878,10,0.02667
0:0:46.70671,11,0.09971
0:0:46.71478,12,-0.00687
0:0:46.75470,10,0.02532
0:0:46.76276,11,0.10005
0:0:46.77069,12,-0.0206
0:0:46.81075,10,0.02563
0:0:46.81880,11,0.1013
0:0:46.82674,12,-0.01373
0:0:46.86679,10,0.02651
0:0:46.87473,11,0.10053
0:0:46.88278,12,0
0:0:46.92283,10,0.02666
0:0:46.93077,11,0.10029
0:0:46.93883,12,-0.00687
0:0:46.97876,10,0.02566
0:0:46.98681,11,0.10062
0:0:46.99475,12,-0.0206
0:0:47.03455,10,0.02653
0:0:47.04261,11,0.10027
0:0:47.05055,12,-0.00687
0:0:47.09060,10,0.02587
0:0:47.09853,11,0.10082
0:0:47.10659,12,-0.01373
0:0:47.14652,10,0.02646
0:0:47.15458,11,0.10065
0:0:47.16264,12,-0.01373
0:0:47.20256,10,0.02555
0:0:47.21062,11,0.10131
0:0:47.21856,12,-0.01373
0:0:47.25861,10,0.0265
0:0:47.26654,11,0.10084
0:0:47.27460,12,-0.0206
0:0:47.31465,10,0.37854
0:0:47.32259,11,0.11309
0:0:47.33065,12,-0.0206
0:0:47.37057,10,0.29643
0:0:47.37863,11,0.10829
0:0:47.38657,12,-0.00687
0:0:47.42662,10,0.19445
0:0:47.43468,11,0.10092
0:0:47.44261,12,-0.03204
0:0:47.48266,10,0.12806
0:0:47.49060,11,0.10067
0:0:47.49866,12,-0.0206
0:0:47.53870,10,0.13008
0:0:47.54664,11,0.09921
0:0:47.55470,12,-0.03204
0:0:47.59463,10,0.14093
0:0:47.60269,11,0.09951
0:0:47.61062,12,-0.01373
0:0:47.65067,10,0.20717
0:0:47.65873,11,0.10215
0:0:47.66667,12,-0.01373
0:0:47.70671,10,0.02547
0:0:47.71465,11,0.10084
0:0:47.72271,12,-0.00687
0:0:47.76276,10,0.02643
0:0:47.77069,11,0.09988
0:0:47.77876,12,-0.00687
0:0:47.81868,10,0.0266
0:0:47.82674,11,0.10088
0:0:47.83467,12,-0.0206
0:0:47.87473,10,0.02737
0:0:47.88266,11,0.10038
0:0:47.89072,12,-0.01373
0:0:47.93077,10,0.02637
0:0:47.93871,11,0.09957
0:0:47.94677,12,-0.01373
0:0:47.98669,10,0.02583
0:0:47.99475,11,0.09957
0:0:48.00244,12,-0.01373
0:0:48.04249,10,0.02556
0:0:48.05055,11,0.10025
0:0:48.05849,12,-0.00687
0:0:48.09853,10,0.02554
0:0:48.10647,11,0.10024
0:0:48.11453,12,-0.01373
0:0:48.15458,10,0.02584
0:0:48.16251,11,0.10007
0:0:48.17057,12,-0.01373
0:0:48.21050,10,0.02625
0:0:48.21856,11,0.10025
0:0:48.22649,12,-0.0206
0:0:48.26654,10,0.02667
0:0:48.27460,11,0.10007
0:0:48.28254,12,-0.0206
0:0:48.32259,10,0.02586
0:0:48.33052,11,0.10042
0:0:48.33858,12,-2.36439
0:0:48.37863,10,0.02532
0:0:48.38657,11,0.10093
0:0:48.39463,12,-2.35752
0:0:48.43456,10,0.02582
0:0:48.44261,11,0.10023
0:0:48.45055,12,-2.37125
0:0:48.49060,10,0.02568
0:0:48.49854,11,0.10079
0:0:48.50659,12,-3.73999
0:0:48.54664,10,0.02707
0:0:48.55458,11,0.09999
0:0:48.56264,12,-0.01373
0:0:48.57058,0,-72.66541
0:0:48.60257,10,0.02625
0:0:48.61062,11,0.10124
0:0:48.61856,12,-3.74914
0:0:48.65861,10,0.02682
0:0:48.66618,11,0.09888
0:0:48.67460,12,-2.4033
0:0:48.71465,10,0.0265
0:0:48.72259,11,0.10178
0:0:48.73065,12,-2.37125
0:0:48.76972,10,0.02643
0:0:48.77863,11,0.10066
0:0:48.78669,12,-0.02747
0:0:48.82662,10,0.02633
0:0:48.83467,11,0.10024
0:0:48.84261,12,-3.6759
0:0:48.88266,10,0.02689
0:0:48.89060,11,0.10065
0:0:48.89866,12,-0.0206
0:0:48.93871,10,0.17443
0:0:48.94664,11,0.1033
0:0:48.95470,12,-2.35752
0:0:48.96264,0,74.99084
0:0:48.99463,10,0.16932
0:0:49.00244,11,0.1013
0:0:49.01050,12,-2.4033
0:0:49.01844,0,74.99084
0:0:49.05043,10,0.17195
0:0:49.05849,11,0.10039
0:0:49.06642,12,-3.74914
0:0:49.10647,10,0.13062
0:0:49.11428,11,0.09957
0:0:49.12247,12,-3.72168
0:0:49.16251,10,0.13459
0:0:49.17045,11,0.09983
0:0:49.17851,12,-3.74914
0:0:49.18645,0,-51.57166
0:0:49.21844,10,0.13076
0:0:49.22649,11,0.09919
0:0:49.23455,12,-3.74456
0:0:49.24249,0,-51.57166
0:0:49.27448,10,0.12525
0:0:49.28254,11,0.09924
0:0:49.29048,12,-3.74914
0:0:49.33052,10,0.02674
0:0:49.33846,11,0.10039
0:0:49.34652,12,-2.35752
0:0:49.35446,0,-73.83728
0:0:49.38657,10,0.02692
0:0:49.39450,11,0.09991
0:0:49.40257,12,-3.74456
0:0:49.44249,10,0.02566
0:0:49.45055,11,0.09959
0:0:49.45848,12,-2.35752
0:0:49.49854,10,0.02741
0:0:49.50659,11,0.09874
0:0:49.51453,12,-0.00687
0:0:49.55458,10,0.02641
0:0:49.56252,11,0.09936
0:0:49.57058,12,-2.36439
0:0:49.61062,10,0.02796
0:0:49.61856,11,0.10044
0:0:49.62662,12,-0.16022
0:0:49.66655,10,0.02709
0:0:49.67460,11,0.10078
0:0:49.68254,12,0
0:0:49.72259,10,0.02705
0:0:49.72674,11,0.10057
0:0:49.73858,12,-0.01373
0:0:49.77863,10,0.02684
0:0:49.78657,11,0.10027
0:0:49.79463,12,-2.50401
0:0:49.83455,10,0.02626
0:0:49.84261,11,0.1
0:0:49.85067,12,-2.50401
0:0:49.89060,10,0.02656
0:0:49.89866,11,0.09979
0:0:49.90659,12,-2.35752
0:0:49.91453,0,-72.66541
0:0:49.94664,10,0.02627
0:0:49.95458,11,0.09991
0:0:49.96264,12,-3.74914
0:0:49.97057,0,74.99084
0:0:50.00244,10,0.02731
0:0:50.01038,11,0.10096
0:0:50.01844,12,-0.0206
0:0:50.05836,10,0.0275
0:0:50.06642,11,0.10062
0:0:50.07436,12,-2.35752
0:0:50.08242,0,74.99084
0:0:50.11441,10,0.02698
0:0:50.12247,11,0.10033
0:0:50.13040,12,-2.4033
0:0:50.17045,10,0.02666
0:0:50.17839,11,0.10019
0:0:50.18645,12,0
0:0:50.22649,10,0.02685
0:0:50.23443,11,0.09932
0:0:50.24249,12,-0.00687
0:0:50.28242,10,0.027
0:0:50.29048,11,0.10049
0:0:50.29841,12,-0.0206
0:0:50.33846,10,0.02666
0:0:50.34652,11,0.0998
0:0:50.35446,12,-2.35065
0:0:50.39450,10,0.02673
0:0:50.40244,11,0.10015
0:0:50.41050,12,-2.35065
0:0:50.45043,10,0.02714
0:0:50.45848,11,0.10058
0:0:50.46642,12,-2.36439
0:0:50.50647,10,0.1157
0:0:50.51453,11,0.09826
0:0:50.52246,12,-0.01373
0:0:50.56252,10,0.13084
0:0:50.57045,11,0.09914
0:0:50.57851,12,-0.00687
0:0:50.61856,10,0.20582
0:0:50.62650,11,0.10162
0:0:50.63456,12,-0.0206
0:0:50.67448,10,0.28345
0:0:50.68254,11,0.10463
0:0:50.69048,12,-0.02747
0:0:50.73053,10,0.37909
0:0:50.73846,11,0.10687
0:0:50.74652,12,-0.0206
0:0:50.78657,10,0.32204
0:0:50.79451,11,0.10513
0:0:50.80256,12,-0.0206
0:0:50.84261,10,0.21023
0:0:50.85055,11,0.10076
0:0:50.85763,12,-0.0206
0:0:50.89854,10,0.0279
0:0:50.90659,11,0.10021
0:0:50.91453,12,-0.0206
0:0:50.95458,10,0.02663
0:0:50.96264,11,0.10041
0:0:50.97057,12,-0.0206
0:0:51.01038,10,0.02831
0:0:51.01831,11,0.09993
0:0:51.02637,12,-0.0206
0:0:51.06642,10,0.02766
0:0:51.07436,11,0.09971
0:0:51.08242,12,-0.0206
0:0:51.12234,10,0.02727
0:0:51.13040,11,0.09996
0:0:51.13834,12,-0.01373
0:0:51.17839,10,0.02767
0:0:51.18633,11,0.10046
0:0:51.19438,12,-0.01373
0:0:51.23443,10,0.02782
0:0:51.24237,11,0.10071
0:0:51.25043,12,-0.01373
0:0:51.29036,10,0.02746
0:0:51.29841,11,0.10006
0:0:51.30635,12,-0.01373
0:0:51.34640,10,0.02802
0:0:51.35446,11,0.10014
0:0:51.36239,12,-0.00687
0:0:51.40244,10,0.02781
0:0:51.41038,11,0.10104
0:0:51.41844,12,-0.00687
0:0:51.45848,10,0.02719
0:0:51.46642,11,0.10035
0:0:51.47448,12,-0.00687
0:0:51.51441,10,0.02699
0:0:51.52246,11,0.09917
0:0:51.53040,12,-0.0206
0:0:51.57045,10,0.02587
0:0:51.57851,11,0.0992
0:0:51.58645,12,-0.0206
0:0:51.62650,10,0.02636
0:0:51.63443,11,0.09885
0:0:51.64249,12,-0.01373
0:0:51.68254,10,0.02512
0:0:51.69048,11,0.09982
0:0:51.69854,12,-0.01373
0:0:51.73846,10,0.02568
0:0:51.74652,11,0.09953
0:0:51.75446,12,-0.01373
0:0:51.79451,10,0.02623
0:0:51.80244,11,0.0995
0:0:51.81050,12,-0.03891
0:0:51.85055,10,0.02582
0:0:51.85849,11,0.09856
0:0:51.86654,12,-0.0206
0:0:51.90647,10,0.02738
0:0:51.91453,11,0.09901
0:0:51.92247,12,-0.01373
0:0:51.96252,10,0.02712
0:0:51.97057,11,0.10023
0:0:51.97851,12,-0.01373
0:0:52.01831,10,0.02734
0:0:52.02625,11,0.1013
0:0:52.03431,12,-0.0206
0:0:52.07436,10,0.19292
0:0:52.08229,11,0.10166
0:0:52.09035,12,-0.00687
0:0:52.13028,10,0.24618
0:0:52.13834,11,0.10031
0:0:52.14627,12,-0.01373
0:0:52.18633,10,0.29409
0:0:52.19438,11,0.09984
0:0:52.20232,12,-0.0206
0:0:52.24237,10,0.26241
0:0:52.25031,11,0.09849
0:0:52.25837,12,-0.0206
0:0:52.29841,10,0.27998
0:0:52.30635,11,0.09971
0:0:52.31441,12,-0.02747
0:0:52.35434,10,0.26442
0:0:52.36239,11,0.09851
0:0:52.37033,12,-0.01373
0:0:52.41038,10,0.25223
0:0:52.41844,11,0.09841
0:0:52.42637,12,-0.01373
0:0:52.46642,10,0.32996
0:0:52.47436,11,0.10019
0:0:52.48242,12,-0.01373
0:0:52.52234,10,0.02803
0:0:52.53040,11,0.10025
0:0:52.53846,12,-0.0206
0:0:52.57839,10,0.02802
0:0:52.58645,11,0.09923
0:0:52.59438,12,-0.0206
0:0:52.63443,10,0.02806
0:0:52.64237,11,0.10103
0:0:52.65043,12,-0.01373
0:0:52.69048,10,0.02642
0:0:52.69841,11,0.09907
0:0:52.70647,12,-0.01373
0:0:52.74640,10,0.02798
0:0:52.75446,11,0.09953
0:0:52.76239,12,-0.01373
0:0:52.80244,10,0.02762
0:0:52.81026,11,0.10143
0:0:52.81844,12,-0.00687
0:0:52.85849,10,0.02835
0:0:52.86642,11,0.10149
0:0:52.87448,12,-0.02747
0:0:52.91453,10,0.02762
0:0:52.92247,11,0.10022
0:0:52.93053,12,-0.01373
0:0:52.97045,10,0.02714
0:0:52.97851,11,0.10058
0:0:52.98645,12,-0.00687
0:0:53.02625,10,0.02804
0:0:53.03431,11,0.09927
0:0:53.04225,12,-0.01373
0:0:53.08229,10,0.02758
0:0:53.09023,11,0.10012
0:0:53.09829,12,-0.0206
0:0:53.13822,10,0.02759
0:0:53.14627,11,0.10005
0:0:53.15434,12,-0.0206
0:0:53.19426,10,0.02915
0:0:53.20232,11,0.10021
0:0:53.21025,12,-0.0206
0:0:53.25031,10,0.02794
0:0:53.25824,11,0.10081
0:0:53.26630,12,-0.0206
0:0:53.30635,10,0.02743
0:0:53.31429,11,0.10096
0:0:53.32235,12,-0.02747
0:0:53.36227,10,0.0302
0:0:53.37033,11,0.09972
0:0:53.37827,12,-0.0206
0:0:53.41832,10,0.02882
0:0:53.42637,11,0.1002
0:0:53.43431,12,-0.0206
0:0:53.47436,10,0.02864
0:0:53.48230,11,0.09957
0:0:53.49035,12,-0.01373
0:0:53.53040,10,0.0287
0:0:53.53834,11,0.10031
0:0:53.54640,12,-0.0206
0:0:53.58633,10,0.02926
0:0:53.59438,11,0.10096
0:0:53.60232,12,-0.0206
0:0:53.64237,10,0.02762
0:0:53.65031,11,0.10067
0:0:53.65836,12,-0.01373
0:0:53.69841,10,0.21032
0:0:53.70635,11,0.09939
0:0:53.71441,12,-0.01373
0:0:53.75433,10,0.20812
0:0:53.76239,11,0.09938
0:0:53.77045,12,-0.0206
0:0:53.81038,10,0.20371
0:0:53.81844,11,0.09995
0:0:53.82637,12,-0.01373
0:0:53.86642,10,0.15165
0:0:53.87436,11,0.09977
0:0:53.88242,12,-0.0206
0:0:53.92247,10,0.1869
0:0:53.93040,11,0.09848
0:0:53.93846,12,-0.01373
0:0:53.97839,10,0.22135
0:0:53.98645,11,0.09745
0:0:53.99438,12,-0.0206
0:0:54.03419,10,0.21835
0:0:54.04225,11,0.09698
0:0:54.05018,12,-0.01373
0:0:54.09023,10,0.21195
0:0:54.09817,11,0.09986
0:0:54.10623,12,-0.01373
0:0:54.14627,10,0.02764
0:0:54.15421,11,0.1
0:0:54.16215,12,-0.02747
0:0:54.20220,10,0.02963
0:0:54.21025,11,0.10025
0:0:54.21819,12,-0.02747
0:0:54.25824,10,0.02891
0:0:54.26630,11,0.10093
0:0:54.27424,12,-0.0206
0:0:54.31429,10,0.0286
0:0:54.32222,11,0.10022
0:0:54.33028,12,-0.0206
0:0:54.37033,10,0.02999
0:0:54.37827,11,0.10058
0:0:54.38584,12,-0.0206
0:0:54.42625,10,0.02901
0:0:54.43431,11,0.10092
0:0:54.44225,12,-0.02747
0:0:54.48230,10,0.02924
0:0:54.49023,11,0.09996
0:0:54.49829,12,-0.0206
0:0:54.53834,10,0.02901
0:0:54.54628,11,0.10143
0:0:54.55433,12,-0.01373
0:0:54.59426,10,0.02839
0:0:54.60232,11,0.1005
0:0:54.61026,12,-0.0206
0:0:54.65031,10,0.02893
0:0:54.65836,11,0.1007
0:0:54.66630,12,-0.01373
0:0:54.70635,10,0.02954
0:0:54.71429,11,0.10132
0:0:54.72234,12,-0.01373
0:0:54.76239,10,0.03009
0:0:54.77033,11,0.10007
0:0:54.77839,12,-0.0206
0:0:54.81831,10,0.03078
0:0:54.82637,11,0.10024
0:0:54.83431,12,-0.0206
0:0:54.87436,10,0.02835
0:0:54.88242,11,0.10039
0:0:54.89035,12,-0.0206
0:0:54.93040,10,0.02937
0:0:54.93834,11,0.10011
0:0:54.94640,12,-0.02747
0:0:54.98645,10,0.02838
0:0:54.99438,11,0.10064
0:0:55.00220,12,-0.0206
0:0:55.04213,10,0.02927
0:0:55.05018,11,0.10044
0:0:55.05812,12,-0.02747
0:0:55.09817,10,0.02971
0:0:55.10623,11,0.10061
0:0:55.11416,12,-0.0206
0:0:55.15421,10,0.02856
0:0:55.16215,11,0.10013
0:0:55.17021,12,-0.01373
0:0:55.21013,10,0.02937
0:0:55.21819,11,0.10116
0:0:55.22625,12,0
0:0:55.26618,10,0.03041
0:0:55.27424,11,0.0979
0:0:55.28217,12,-0.00687
0:0:55.32222,10,0.17339
0:0:55.33016,11,0.09856
0:0:55.33822,12,-0.03204
0:0:55.37827,10,0.2193
0:0:55.38620,11,0.10259
0:0:55.39426,12,-0.01373
0:0:55.43419,10,0.20199
0:0:55.44225,11,0.10143
0:0:55.45018,12,-0.01373
0:0:55.49023,10,0.22149
0:0:55.49829,11,0.10024
0:0:55.50623,12,-0.02747
0:0:55.54628,10,0.22248
0:0:55.55421,11,0.09985
0:0:55.56227,12,-0.01373
0:0:55.60232,10,0.21376
0:0:55.61026,11,0.10035
0:0:55.61734,12,-0.0206
0:0:55.65824,10,0.20565
0:0:55.66630,11,0.09958
0:0:55.67424,12,-0.0206
0:0:55.71429,10,0.0303
0:0:55.72234,11,0.10006
0:0:55.73028,12,-0.02747
0:0:55.77033,10,0.02912
0:0:55.77827,11,0.09999
0:0:55.78632,12,-0.0206
0:0:55.82625,10,0.02937
0:0:55.83431,11,0.10025
0:0:55.84237,12,-0.0206
0:0:55.88229,10,0.02961
0:0:55.89035,11,0.10022
0:0:55.89829,12,-0.0206
0:0:55.93834,10,0.02965
0:0:55.94628,11,0.10009
0:0:55.95433,12,-0.01373
0:0:55.99438,10,0.03069
0:0:56.00208,11,0.10063
0:0:56.01014,12,-0.0206
0:0:56.05006,10,0.0302
0:0:56.05812,11,0.10185
0:0:56.06606,12,-0.02747
0:0:56.10611,10,0.03088
0:0:56.11416,11,0.09993
0:0:56.12210,12,-0.02747
0:0:56.16215,10,0.03032
0:0:56.17009,11,0.1003
0:0:56.17814,12,-0.0206
0:0:56.21819,10,0.03034
0:0:56.22613,11,0.09995
0:0:56.23419,12,-0.0206
0:0:56.27412,10,0.03038
0:0:56.28217,11,0.10064
0:0:56.29011,12,-0.00687
0:0:56.33016,10,0.02914
0:0:56.33822,11,0.10094
0:0:56.34615,12,-0.01373
0:0:56.38620,10,0.03006
0:0:56.39414,11,0.10028
0:0:56.40220,12,-0.01373
0:0:56.44212,10,0.02998
0:0:56.45018,11,0.10112
0:0:56.45824,12,-0.01373
0:0:56.49817,10,0.03011
0:0:56.50623,11,0.10008
0:0:56.51416,12,-0.01373
0:0:56.55421,10,0.02981
0:0:56.56215,11,0.10113
0:0:56.57021,12,-0.01373
0:0:56.61026,10,0.03012
0:0:56.61819,11,0.10094
0:0:56.62625,12,0
0:0:56.66618,10,0.0307
0:0:56.67424,11,0.10096
0:0:56.68217,12,-0.01373
0:0:56.72222,10,0.03005
0:0:56.73028,11,0.10118
0:0:56.73822,12,-0.01373
0:0:56.77827,10,0.02972
0:0:56.78620,11,0.09994
0:0:56.79426,12,-0.01373
0:0:56.83431,10,0.03062
0:0:56.84225,11,0.10137
0:0:56.85030,12,-0.01373
0:0:56.89023,10,0.02948
0:0:56.89829,11,0.09926
0:0:56.90623,12,-0.01373
0:0:56.94628,10,0.13642
0:0:56.95336,11,0.09961
0:0:56.96227,12,-0.00687
0:0:57.00208,10,0.16034
0:0:57.01001,11,0.0994
0:0:57.01807,12,-0.00687
0:0:57.05800,10,0.16079
0:0:57.06606,11,0.10058
0:0:57.07412,12,-0.00687
0:0:57.11404,10,0.15914
0:0:57.12210,11,0.10114
0:0:57.13004,12,-0.01373
0:0:57.17009,10,0.17973
0:0:57.17802,11,0.10269
0:0:57.18608,12,-0.0206
0:0:57.22613,10,0.13603
0:0:57.23407,11,0.10419
0:0:57.24212,12,-0.00687
0:0:57.28205,10,0.13189
0:0:57.29011,11,0.10251
0:0:57.29805,12,-0.00687
0:0:57.33810,10,0.03089
0:0:57.34603,11,0.10013
0:0:57.35409,12,-0.00687
0:0:57.39414,10,0.03068
0:0:57.40208,11,0.10063
0:0:57.41013,12,-0.0206
0:0:57.45018,10,0.03011
0:0:57.45812,11,0.09932
0:0:57.46618,12,-0.0206
0:0:57.50610,10,0.03005
0:0:57.51416,11,0.10015
0:0:57.52210,12,-0.00687
0:0:57.56215,10,0.02984
0:0:57.57021,11,0.09953
0:0:57.57814,12,-0.01373
0:0:57.61819,10,0.02971
0:0:57.62613,11,0.09994
0:0:57.63419,12,-0.00687
0:0:57.67424,10,0.02981
0:0:57.68217,11,0.09972
0:0:57.69023,12,-0.00687
0:0:57.73016,10,0.03021
0:0:57.73822,11,0.1003
0:0:57.74615,12,-0.01373
0:0:57.78620,10,0.03095
0:0:57.79414,11,0.10086
0:0:57.80220,12,-0.00687
0:0:57.84225,10,0.02983
0:0:57.85018,11,0.10045
0:0:57.85824,12,-0.00687
0:0:57.89817,10,0.02981
0:0:57.90623,11,0.09985
0:0:57.90647,12,0
0:0:57.95421,10,0.03034
0:0:57.96227,11,0.09967
0:0:57.97021,12,-0.01373
0:0:58.01001,10,0.03054
0:0:58.01795,11,0.09944
0:0:58.02601,12,-0.01373
0:0:58.06606,10,0.0302
0:0:58.07399,11,0.09929
0:0:58.08205,12,-0.01373
0:0:58.12198,10,0.03098
0:0:58.13004,11,0.10084
0:0:58.13797,12,-0.02747
0:0:58.17802,10,0.03017
0:0:58.18608,11,0.10055
0:0:58.19402,12,-0.00687
0:0:58.23407,10,0.03124
0:0:58.24200,11,0.10055
0:0:58.25006,12,-0.02747
0:0:58.29011,10,0.03011
0:0:58.29805,11,0.1005
0:0:58.30611,12,-0.01373
0:0:58.34603,10,0.03043
0:0:58.35409,11,0.1018
0:0:58.36203,12,-0.0206
0:0:58.40208,10,0.03129
0:0:58.41013,11,0.10077
0:0:58.41807,12,0
0:0:58.45812,10,0.03092
0:0:58.46606,11,0.10046
0:0:58.47411,12,-0.01373
0:0:58.51404,10,0.27001
0:0:58.52210,11,0.1049
0:0:58.53016,12,-0.00687
0:0:58.57008,10,0.25553
0:0:58.57814,11,0.10507
0:0:58.58608,12,-0.0206
0:0:58.62613,10,0.2537
0:0:58.63407,11,0.10542
0:0:58.64212,12,-0.02747
0:0:58.68217,10,0.23053
0:0:58.69011,11,0.10357
0:0:58.69817,12,-0.01373
0:0:58.73809,10,0.21353
0:0:58.74615,11,0.10328
0:0:58.75409,12,-0.01373
0:0:58.79414,10,0.23416
0:0:58.80220,11,0.10442
0:0:58.81013,12,-0.0206
0:0:58.85018,10,0.21427
0:0:58.85812,11,0.10303
0:0:58.86618,12,-0.00687
0:0:58.90623,10,0.02994
0:0:58.91416,11,0.10098
0:0:58.92222,12,-0.00687
0:0:58.96215,10,0.02998
0:0:58.97021,11,0.10081
0:0:58.97815,12,-0.00687
0:0:59.01795,10,0.03016
0:0:59.02601,11,0.0993
0:0:59.03394,12,-0.01373
0:0:59.07399,10,0.03
0:0:59.08193,11,0.1007
0:0:59.08999,12,-0.0206
0:0:59.12991,10,0.03069
0:0:59.13797,11,0.10101
0:0:59.14603,12,-0.01373
0:0:59.18596,10,0.03053
0:0:59.19402,11,0.10088
0:0:59.20195,12,-0.01373
0:0:59.24200,10,0.03121
0:0:59.24994,11,0.1005
0:0:59.25800,12,-0.00687
0:0:59.29792,10,0.03097
0:0:59.30598,11,0.10106
0:0:59.31404,12,-0.0206
0:0:59.35397,10,0.0314
0:0:59.36203,11,0.10033
0:0:59.36996,12,-0.01373
0:0:59.41001,10,0.03078
0:0:59.41807,11,0.10069
0:0:59.42601,12,-0.0206
0:0:59.46606,10,0.03068
0:0:59.47399,11,0.10045
0:0:59.48205,12,-0.0206
0:0:59.52210,10,0.03135
0:0:59.53004,11,0.10012
0:0:59.53809,12,-0.01373
0:0:59.57802,10,0.03069
0:0:59.58608,11,0.1013
0:0:59.59402,12,-0.0206
0:0:59.63407,10,0.03124
0:0:59.64212,11,0.10052
0:0:59.65006,12,-0.01373
0:0:59.69011,10,0.03132
0:0:59.69805,11,0.10065
0:0:59.70610,12,-0.00687
0:0:59.74603,10,0.03255
0:0:59.75409,11,0.1009
0:0:59.76215,12,-0.00687
0:0:59.80207,10,0.03133
0:0:59.81013,11,0.10188
0:0:59.81807,12,-0.00687
0:0:59.85812,10,0.03066
0:0:59.86605,11,0.10017
0:0:59.87411,12,-0.01373
0:0:59.91416,10,0.03018
0:0:59.92210,11,0.10014
0:0:59.93016,12,-0.03204
0:0:59.97009,10,0.03162
0:0:59.97815,11,0.10101
0:0:59.98608,12,-0.01373
0:1:0.02589,10,0.03066
0:1:0.03394,11,0.10102
0:1:0.04188,12,-0.01373
0:1:0.08193,10,0.03083
0:1:0.08987,11,0.10034
0:1:0.09792,12,-2.36439
0:1:0.13797,10,0.3707
0:1:0.14591,11,0.1103
0:1:0.15397,12,-0.00687
0:1:0.19389,10,0.338
0:1:0.20195,11,0.11038
0:1:0.20989,12,-0.0206
0:1:0.24994,10,0.35324
0:1:0.25800,11,0.11094
0:1:0.26593,12,-0.00687
0:1:0.30598,10,0.36483
0:1:0.31392,11,0.10979
0:1:0.32198,12,-0.00687
0:1:0.36190,10,0.26484
0:1:0.36996,11,0.10453
0:1:0.37802,12,-0.01373
0:1:0.41795,10,0.24244
0:1:0.42601,11,0.10803
0:1:0.43394,12,-0.01373
0:1:0.47399,10,0.1669
0:1:0.48193,11,0.10649
0:1:0.48999,12,-0.02747
0:1:0.53004,10,0.03037
0:1:0.53797,11,0.09962
0:1:0.54603,12,-2.36439
0:1:0.58596,10,0.03144
0:1:0.59402,11,0.10024
0:1:0.60195,12,-3.74914
0:1:0.64200,10,0.02999
0:1:0.65006,11,0.10096
0:1:0.65800,12,-0.05951
0:1:0.69805,10,0.03017
0:1:0.70598,11,0.1369
0:1:0.71404,12,-3.74914
0:1:0.72198,0,-37.50916
0:1:0.75409,10,0.02988
0:1:0.76203,11,0.10095
0:1:0.77009,12,-3.6759
0:1:0.77802,0,74.99084
0:1:0.81001,10,0.03039
0:1:0.81807,11,0.10019
0:1:0.82601,12,-0.0206
0:1:0.86606,10,0.03107
0:1:0.87411,11,0.1002
0:1:0.88205,12,-2.35752
0:1:0.92210,10,0.03056
0:1:0.93004,11,0.10916
0:1:0.93810,12,-2.35752
0:1:0.94603,0,74.99084
0:1:0.97802,10,0.03149
0:1:0.98608,11,0.10952
0:1:0.99414,12,-2.35752
0:1:1.03382,10,0.03059
0:1:1.04188,11,0.10025
0:1:1.04982,12,-2.36439
0:1:1.08987,10,0.03073
0:1:1.09792,11,0.11054
0:1:1.10586,12,-0.0206
0:1:1.14591,10,0.03105
0:1:1.15385,11,0.11021
0:1:1.16190,12,-0.0206
0:1:1.20183,10,0.03022
0:1:1.20989,11,0.10024
0:1:1.21795,12,-0.0206
0:1:1.25788,10,0.0302
0:1:1.26593,11,0.10916
0:1:1.27387,12,-0.01373
0:1:1.31392,10,0.02981
0:1:1.32186,11,0.10937
0:1:1.32991,12,-0.0206
0:1:1.36972,10,0.03022
0:1:1.37790,11,0.11374
0:1:1.38596,12,-0.01373
0:1:1.42589,10,0.02958
0:1:1.43394,11,0.09999
0:1:1.44188,12,-0.01373
0:1:1.48193,10,0.03058
0:1:1.48999,11,0.09988
0:1:1.49792,12,-0.01373
0:1:1.53797,10,0.02951
0:1:1.54591,11,0.10006
0:1:1.55397,12,-0.01373
0:1:1.59402,10,0.03062
0:1:1.60195,11,0.10127
0:1:1.61001,12,-0.0206
0:1:1.64994,10,0.02947
0:1:1.65800,11,0.10141
0:1:1.66593,12,-0.01373
0:1:1.70598,10,0.10187
0:1:1.71404,11,0.1079
0:1:1.72198,12,-0.0206
0:1:1.76203,10,0.0986
0:1:1.76996,11,0.10537
0:1:1.77802,12,-0.01373
0:1:1.81795,10,0.08755
0:1:1.82601,11,0.10125
0:1:1.83407,12,-0.00687
0:1:1.87399,10,0.07645
0:1:1.88205,11,0.10212
0:1:1.88999,12,-0.00687
0:1:1.93004,10,0.0639
0:1:1.93797,11,0.10242
0:1:1.94603,12,-0.00687
0:1:1.98608,10,0.06035
0:1:1.99402,11,0.10109
0:1:2.00183,12,-0.02747
0:1:2.04176,10,0.06817
0:1:2.04982,11,0.10309
0:1:2.05775,12,-0.02747
0:1:2.09780,10,0.02979
0:1:2.10586,11,0.09915
0:1:2.11380,12,-0.0206
0:1:2.15385,10,0.02998
0:1:2.16178,11,0.09934
0:1:2.16984,12,-0.0206
0:1:2.20977,10,0.03022
0:1:2.21783,11,0.09951
0:1:2.22589,12,0
0:1:2.26581,10,0.0299
0:1:2.27387,11,0.10007
0:1:2.28181,12,0
0:1:2.32186,10,0.03119
0:1:2.32991,11,0.09992
0:1:2.33785,12,-2.35752
0:1:2.37790,10,0.03082
0:1:2.38584,11,0.10014
0:1:2.39389,12,-2.35752
0:1:2.40183,0,-37.50916
0:1:2.43382,10,0.02955
0:1:2.44188,11,0.10008
0:1:2.44994,12,-0.01373
0:1:2.45788,0,74.99084
0:1:2.48987,10,0.0308
0:1:2.49792,11,0.1005
0:1:2.50586,12,-3.6759
0:1:2.51380,0,74.99084
0:1:2.54591,10,0.0312
0:1:2.55385,11,0.10017
0:1:2.56190,12,-0.06867
0:1:2.56984,0,74.99084
0:1:2.60195,10,0.03027
0:1:2.60989,11,0.10046
0:1:2.61795,12,-0.0206
0:1:2.65788,10,0.02966
0:1:2.66593,11,0.09984
0:1:2.67387,12,-2.36439
0:1:2.71392,10,0.02933
0:1:2.72198,11,0.09977
0:1:2.72991,12,-2.35752
0:1:2.76996,10,0.03014
0:1:2.77790,11,0.09998
0:1:2.78596,12,-2.35065
0:1:2.82601,10,0.02983
0:1:2.83394,11,0.10085
0:1:2.84200,12,-0.01373
0:1:2.88193,10,0.02976
0:1:2.88999,11,0.09973
0:1:2.89792,12,-0.01373
0:1:2.93797,10,0.03011
0:1:2.94603,11,0.10017
0:1:2.95397,12,-0.00687
0:1:2.99402,10,0.02954
0:1:3.00171,11,0.10048
0:1:3.00977,12,-0.00687
0:1:3.04969,10,0.02921
0:1:3.05775,11,0.10066
0:1:3.06581,12,-0.01373
0:1:3.10574,10,0.03036
0:1:3.11380,11,0.0993
0:1:3.12173,12,-0.0206
0:1:3.16178,10,0.03071
0:1:3.16972,11,0.10062
0:1:3.17778,12,-0.0206
0:1:3.21685,10,0.03059
0:1:3.22576,11,0.10018
0:1:3.23382,12,-0.0206
0:1:3.27375,10,0.03031
0:1:3.28181,11,0.09947
0:1:3.28974,12,-0.00687
0:1:3.32979,10,0.06225
0:1:3.33785,11,0.11054
0:1:3.34579,12,-0.00687
0:1:3.38584,10,0.06178
0:1:3.39377,11,0.1109
0:1:3.40183,12,-0.0206
0:1:3.44188,10,0.05923
0:1:3.44982,11,0.11541
0:1:3.45788,12,-0.0206
0:1:3.49780,10,0.10588
0:1:3.50586,11,0.12236
0:1:3.51380,12,-0.01373
0:1:3.55385,10,0.14264
0:1:3.56190,11,0.12184
0:1:3.56984,12,0
0:1:3.60989,10,0.05207
0:1:3.61783,11,0.11505
0:1:3.62589,12,-0.00687
0:1:3.66581,10,0.06044
0:1:3.67387,11,0.11846
0:1:3.68193,12,-0.0206
0:1:3.72186,10,0.03047
0:1:3.72991,11,0.10061
0:1:3.73785,12,-0.01373
0:1:3.77790,10,0.03065
0:1:3.78584,11,0.1004
0:1:3.79390,12,-0.01373
0:1:3.83394,10,0.03112
0:1:3.84188,11,0.09998
0:1:3.84994,12,-0.01373
0:1:3.88987,10,0.03017
0:1:3.89792,11,0.09991
0:1:3.90586,12,-0.01373
0:1:3.94591,10,0.03059
0:1:3.95397,11,0.10018
0:1:3.96190,12,-0.00687
0:1:4.00171,10,0.03068
0:1:4.00965,11,0.0998
0:1:4.01770,12,-0.01373
0:1:4.05775,10,0.03138
0:1:4.06569,11,0.09955
0:1:4.07375,12,-0.0206
0:1:4.11368,10,0.03022
0:1:4.12173,11,0.10072
0:1:4.12967,12,-0.0206
0:1:4.16972,10,0.0299
0:1:4.17778,11,0.09968
0:1:4.18571,12,-0.00687
0:1:4.22576,10,0.03065
0:1:4.23370,11,0.10087
0:1:4.24176,12,0
0:1:4.28181,10,0.02971
0:1:4.28974,11,0.09987
0:1:4.29780,12,-0.00687
0:1:4.33773,10,0.02982
0:1:4.34579,11,0.09942
0:1:4.35372,12,-0.00687
0:1:4.39377,10,0.03015
0:1:4.40183,11,0.10011
0:1:4.40977,12,-0.01373
0:1:4.44982,10,0.02937
0:1:4.45775,11,0.09874
0:1:4.46581,12,-0.00687
0:1:4.50574,10,0.02893
0:1:4.51380,11,0.09852
0:1:4.52186,12,-0.0206
0:1:4.56178,10,0.02942
0:1:4.56984,11,0.09956
0:1:4.57778,12,-0.0206
0:1:4.61783,10,0.02967
0:1:4.62576,11,0.09754
0:1:4.63382,12,-0.0206
0:1:4.67387,10,0.02955
0:1:4.68181,11,0.10045
0:1:4.68987,12,-0.0206
0:1:4.72979,10,0.02878
0:1:4.73785,11,0.09895
0:1:4.74579,12,-0.01373
0:1:4.78584,10,0.02768
0:1:4.79389,11,0.09922
0:1:4.80183,12,-0.01373
0:1:4.84188,10,0.02772
0:1:4.84982,11,0.09839
0:1:4.85788,12,-0.00687
0:1:4.89792,10,0.1476
0:1:4.90586,11,0.09012
0:1:4.91392,12,-0.0206
0:1:4.95385,10,0.14866
0:1:4.96190,11,0.08911
0:1:4.96984,12,-0.01373
0:1:5.00965,10,0.19997
0:1:5.01770,11,0.09395
0:1:5.02564,12,0
0:1:5.06569,10,0.27989
0:1:5.07363,11,0.10324
0:1:5.08169,12,-0.00687
0:1:5.12161,10,0.311
0:1:5.12967,11,0.10227
0:1:5.13773,12,-0.01373
0:1:5.17766,10,0.41684
0:1:5.18571,11,0.11145
0:1:5.19365,12,-0.01373
0:1:5.23370,10,0.29658
0:1:5.24164,11,0.10603
0:1:5.24969,12,-2.36439
0:1:5.28974,10,0.02864
0:1:5.29768,11,0.09921
0:1:5.30574,12,-0.06867
0:1:5.31368,0,74.99084
0:1:5.34567,10,0.02891
0:1:5.35372,11,0.09968
0:1:5.36166,12,-0.00687
0:1:5.40171,10,0.02919
0:1:5.40928,11,0.09925
0:1:5.41770,12,-0.01373
0:1:5.45775,10,0.02889
0:1:5.46569,11,0.09857
0:1:5.47375,12,-0.00687
0:1:5.51380,10,0.02991
0:1:5.52173,11,0.09899
0:1:5.52967,12,-0.06867
0:1:5.56972,10,0.02826
0:1:5.57778,11,0.09883
0:1:5.58571,12,-0.16709
0:1:5.59365,0,-0.58594
0:1:5.62576,10,0.02895
0:1:5.63382,11,0.09922
0:1:5.64176,12,-0.23346
0:1:5.68181,10,0.02867
0:1:5.68974,11,0.09838
0:1:5.69780,12,-0.08469
0:1:5.73773,10,0.02952
0:1:5.74579,11,0.09894
0:1:5.75385,12,-0.0206
0:1:5.79377,10,0.02897
0:1:5.80183,11,0.0985
0:1:5.80977,12,-0.0206
0:1:5.84982,10,0.02862
0:1:5.85775,11,0.0987
0:1:5.86581,12,-0.05951
0:1:5.87375,0,74.99084
0:1:5.90586,10,0.02964
0:1:5.91380,11,0.09928
0:1:5.92186,12,-0.01373
0:1:5.96178,10,0.0289
0:1:5.96984,11,0.09839
0:1:5.97778,12,-0.01373
0:1:6.01758,10,0.02991
0:1:6.02564,11,0.09825
0:1:6.03358,12,-2.33463
0:1:6.07363,10,0.02926
0:1:6.08156,11,0.1009
0:1:6.08962,12,-0.0206
0:1:6.12967,10,0.02908
0:1:6.13761,11,0.09932
0:1:6.14567,12,-0.01373
0:1:6.18559,10,0.02846
0:1:6.19365,11,0.1
0:1:6.20159,12,-0.00687
0:1:6.24164,10,0.02906
0:1:6.24969,11,0.09925
0:1:6.25763,12,-0.00687
0:1:6.29768,10,0.02998
0:1:6.30562,11,0.102
0:1:6.31368,12,-0.00687
0:1:6.35360,10,0.02896
0:1:6.36166,11,0.09859
0:1:6.36972,12,-2.51087
0:1:6.40965,10,0.02863
0:1:6.41770,11,0.09911
0:1:6.42564,12,-0.0206
0:1:6.46569,10,0.02869
0:1:6.47363,11,0.10097
0:1:6.48169,12,-0.08698
0:1:6.52173,10,0.15678
0:1:6.52967,11,0.10494
0:1:6.53773,12,-3.53628
0:1:6.57766,10,0.15311
0:1:6.58571,11,0.10491
0:1:6.59365,12,-0.16022
0:1:6.60171,0,-8.20312
0:1:6.63370,10,0.15462
0:1:6.64176,11,0.10684
0:1:6.64969,12,-0.02289
0:1:6.68974,10,0.17737
0:1:6.69768,11,0.11116
0:1:6.70574,12,-3.69421
0:1:6.74579,10,0.18385
0:1:6.75372,11,0.09796
0:1:6.76178,12,-0.03204
0:1:6.80171,10,0.16115
0:1:6.80977,11,0.09395
0:1:6.81770,12,-0.20371
0:1:6.82564,0,-56.28662
0:1:6.85775,10,0.16922
0:1:6.86581,11,0.09497
0:1:6.87375,12,-2.35752
0:1:6.88168,0,74.99084
0:1:6.91380,10,0.02783
0:1:6.92173,11,0.09885
0:1:6.92979,12,-2.35752
0:1:6.96984,10,0.02968
0:1:6.97778,11,0.09741
0:1:6.98584,12,-0.06867
0:1:6.99377,0,74.99084
0:1:7.02552,10,0.02899
0:1:7.03358,11,0.09903
0:1:7.04151,12,-0.01144
0:1:7.04945,0,74.99084
0:1:7.08156,10,0.02939
0:1:7.08950,11,0.10048
0:1:7.09756,12,-2.35752
0:1:7.10549,0,74.99084
0:1:7.13761,10,0.02796
0:1:7.14554,11,0.10036
0:1:7.15360,12,-0.02747
0:1:7.19353,10,0.02916
0:1:7.20159,11,0.0998
0:1:7.20952,12,-0.01373
0:1:7.24957,10,0.02834
0:1:7.25763,11,0.09895
0:1:7.26557,12,-0.06867
0:1:7.27350,0,74.99084
0:1:7.30562,10,0.02828
0:1:7.31355,11,0.09833
0:1:7.32161,12,-3.74914
0:1:7.32955,0,-37.50916
0:1:7.36166,10,0.0279
0:1:7.36960,11,0.09954
0:1:7.37766,12,-0.06867
0:1:7.38559,0,74.99084
0:1:7.41758,10,0.02866
0:1:7.42564,11,0.09879
0:1:7.43358,12,-3.74914
0:1:7.44151,0,-37.50916
0:1:7.47363,10,0.02821
0:1:7.48169,11,0.0994
0:1:7.48962,12,-0.23346
0:1:7.52967,10,0.02895
0:1:7.53761,11,0.09938
0:1:7.54567,12,-0.01373
0:1:7.58571,10,0.02918
0:1:7.59365,11,0.09985
0:1:7.59389,12,-0.16938
0:1:7.60965,0,-2.27966
0:1:7.64164,10,0.02886
0:1:7.64969,11,0.1
0:1:7.65763,12,-0.14649
0:1:7.69768,10,0.02796
0:1:7.70525,11,0.09854
0:1:7.71368,12,-0.00687
0:1:7.75372,10,0.02818
0:1:7.76166,11,0.0993
0:1:7.76972,12,-0.01373
0:1:7.80965,10,0.02872
0:1:7.81770,11,0.09925
0:1:7.82576,12,0.02289
0:1:7.86569,10,0.02889
0:1:7.87375,11,0.09953
0:1:7.88168,12,0.02289
0:1:7.92173,10,0.0289
0:1:7.92967,11,0.0986
0:1:7.93773,12,-0.23346
0:1:7.97778,10,0.02919
0:1:7.98571,11,0.09969
0:1:7.99377,12,-3.74914
0:1:8.00146,0,-43.32275
0:1:8.03346,10,0.0286
0:1:8.04151,11,0.09963
0:1:8.04945,12,-0.23117
0:1:8.08950,10,0.03732
0:1:8.09756,11,0.10187
0:1:8.10549,12,-3.74914
0:1:8.11343,0,-51.57166
0:1:8.14554,10,0.04806
0:1:8.15348,11,0.10655
0:1:8.16154,12,-0.02747
0:1:8.20159,10,0.17427
0:1:8.20952,11,0.11617
0:1:8.21758,12,-0.01373
0:1:8.25751,10,0.25816
0:1:8.26557,11,0.11739
0:1:8.27350,12,-0.01373
0:1:8.31355,10,0.25996
0:1:8.32137,11,0.11615
0:1:8.32955,12,-2.37583
0:1:8.36960,10,0.24629
0:1:8.37753,11,0.11609
0:1:8.38559,12,-0.01373
0:1:8.42552,10,0.2503
0:1:8.43358,11,0.11583
0:1:8.44164,12,0
0:1:8.48156,10,0.23128
0:1:8.48962,11,0.11551
0:1:8.49756,12,-0.00687
0:1:8.53761,10,0.02755
0:1:8.54554,11,0.09785
0:1:8.55360,12,-0.00687
0:1:8.59341,10,0.02781
0:1:8.60159,11,0.0993
0:1:8.60965,12,0
0:1:8.64957,10,0.02853
0:1:8.65763,11,0.09932
0:1:8.66557,12,-0.01373
0:1:8.70562,10,0.02909
0:1:8.71368,11,0.09916
0:1:8.72161,12,-0.00687
0:1:8.76166,10,0.02801
0:1:8.76960,11,0.09903
0:1:8.77766,12,0
0:1:8.81770,10,0.0284
0:1:8.82564,11,0.10021
0:1:8.83370,12,-0.0206
0:1:8.87363,10,0.02707
0:1:8.88169,11,0.09749
0:1:8.88962,12,-0.0206
0:1:8.92967,10,0.02826
0:1:8.93773,11,0.09837
0:1:8.94567,12,-0.0206
0:1:8.98571,10,0.0283
0:1:8.99365,11,0.09855
0:1:9.00146,12,-0.01373
0:1:9.04139,10,0.02792
0:1:9.04945,11,0.09962
0:1:9.05751,12,-0.0206
0:1:9.09744,10,0.02806
0:1:9.10549,11,0.09955
0:1:9.11343,12,-0.01373
0:1:9.12137,0,0.01831
0:1:9.15348,10,0.02792
0:1:9.16142,11,0.09999
0:1:9.16947,12,-0.01373
0:1:9.17741,0,-72.88513
0:1:9.20952,10,0.0293
0:1:9.21746,11,0.09938
0:1:9.22552,12,-0.06867
0:1:9.26545,10,0.02906
0:1:9.27350,11,0.10019
0:1:9.28144,12,-0.22202
0:1:9.32149,10,0.02881
0:1:9.32955,11,0.09862
0:1:9.33748,12,0.57908
0:1:9.37753,10,0.02773
0:1:9.38547,11,0.09877
0:1:9.39353,12,-0.17395
0:1:9.40147,0,-8.20312
0:1:9.43358,10,0.02812
0:1:9.44151,11,0.0991
0:1:9.44957,12,-0.23346
0:1:9.48950,10,0.02736
0:1:9.49756,11,0.10029
0:1:9.50549,12,-3.53857
0:1:9.54554,10,0.02716
0:1:9.55360,11,0.09878
0:1:9.56154,12,-0.0206
0:1:9.60159,10,0.02733
0:1:9.60952,11,0.09848
0:1:9.61758,12,-0.23346
0:1:9.65763,10,0.02839
0:1:9.66557,11,0.09835
0:1:9.67363,12,-3.74914
0:1:9.68156,0,-63.29041
0:1:9.71355,10,0.08936
0:1:9.72161,11,0.10007
0:1:9.72955,12,-2.35752
0:1:9.73748,0,-73.54431
0:1:9.76960,10,0.08953
0:1:9.77753,11,0.09853
0:1:9.78559,12,-3.74914
0:1:9.79353,0,-72.66541
0:1:9.82564,10,0.08912
0:1:9.83358,11,0.09952
0:1:9.84164,12,-3.74914
0:1:9.84957,0,-70.32166
0:1:9.88156,10,0.08616
0:1:9.88962,11,0.09704
0:1:9.89756,12,-0.01373
0:1:9.90562,0,-72.88513
0:1:9.93761,10,0.08852
0:1:9.94567,11,0.09819
0:1:9.95360,12,-3.74914
0:1:9.96154,0,-51.57166
0:1:9.99365,10,0.09002
0:1:10.00134,11,0.09732
0:1:10.00940,12,-3.74914
0:1:10.01734,0,-73.54431
0:1:10.04945,10,0.09666
0:1:10.05739,11,0.09719
0:1:10.06545,12,-3.74914
0:1:10.07338,0,-63.29041
0:1:10.10537,10,0.02802
0:1:10.11343,11,0.0985
0:1:10.12137,12,-2.35752
0:1:10.12930,0,-70.32166
0:1:10.16142,10,0.0288
0:1:10.16899,11,0.09789
0:1:10.17741,12,-0.0206
0:1:10.21746,10,0.0287
0:1:10.22540,11,0.0978
0:1:10.23346,12,-0.01373
0:1:10.27350,10,0.02815
0:1:10.28144,11,0.1002
0:1:10.28938,12,-0.01373
0:1:10.32943,10,0.02794
0:1:10.33748,11,0.0981
0:1:10.34542,12,-0.01373
0:1:10.38547,10,0.02737
0:1:10.39341,11,0.09838
0:1:10.40147,12,-0.01373
0:1:10.44151,10,0.02944
0:1:10.44945,11,0.09868
0:1:10.45751,12,-0.0206
0:1:10.49744,10,0.02899
0:1:10.50549,11,0.09846
0:1:10.51355,12,-0.0206
0:1:10.55348,10,0.02919
0:1:10.56154,11,0.09972
0:1:10.56948,12,-0.01373
0:1:10.60952,10,0.02778
0:1:10.61746,11,0.09852
0:1:10.62552,12,-0.01373
0:1:10.66557,10,0.02918
0:1:10.67350,11,0.10032
0:1:10.68156,12,-0.0206
0:1:10.72149,10,0.02859
0:1:10.72955,11,0.0991
0:1:10.73748,12,-0.01373
0:1:10.77753,10,0.02852
0:1:10.78559,11,0.09875
0:1:10.79353,12,-0.01373
0:1:10.83358,10,0.02831
0:1:10.84151,11,0.09931
0:1:10.84957,12,-0.01373
0:1:10.88938,10,0.02931
0:1:10.89756,11,0.09995
0:1:10.90562,12,-0.0206
0:1:10.94554,10,0.0284
0:1:10.95360,11,0.10012
0:1:10.96154,12,-0.01373
0:1:11.00134,10,0.02907
0:1:11.00940,11,0.09843
0:1:11.01734,12,-0.01373
0:1:11.05739,10,0.02843
0:1:11.06532,11,0.09859
0:1:11.07338,12,-0.0206
0:1:11.11331,10,0.02913
0:1:11.12137,11,0.09847
0:1:11.12943,12,-0.01373
0:1:11.16935,10,0.02965
0:1:11.17741,11,0.09856
0:1:11.18535,12,-0.01373
0:1:11.22540,10,0.02815
0:1:11.23333,11,0.0998
0:1:11.24139,12,-0.00687
0:1:11.28144,10,0.02965
0:1:11.28938,11,0.09385
0:1:11.29744,12,-0.01373
0:1:11.33736,10,0.06539
0:1:11.34542,11,0.09369
0:1:11.35336,12,-0.02747
0:1:11.39341,10,0.06244
0:1:11.40147,11,0.09476
0:1:11.40940,12,-0.01373
0:1:11.44945,10,0.05714
0:1:11.45739,11,0.09559
0:1:11.46545,12,-0.00687
0:1:11.50549,10,0.06178
0:1:11.51343,11,0.09557
0:1:11.52149,12,-0.01373
0:1:11.56142,10,0.06167
0:1:11.56948,11,0.09551
0:1:11.57741,12,-0.01373
0:1:11.61746,10,0.05909
0:1:11.62552,11,0.09586
0:1:11.63346,12,-0.0206
0:1:11.67350,10,0.06861
0:1:11.68144,11,0.09478
0:1:11.68950,12,-0.01373
0:1:11.72943,10,0.02927
0:1:11.73748,11,0.09916
0:1:11.74554,12,-0.01373
0:1:11.78547,10,0.02887
0:1:11.79353,11,0.09917
0:1:11.80147,12,-0.0206
0:1:11.84151,10,0.02963
0:1:11.84945,11,0.09881
0:1:11.85751,12,-0.0206
0:1:11.89756,10,0.02756
0:1:11.90549,11,0.09917
0:1:11.91355,12,-0.0206
0:1:11.95348,10,0.02999
0:1:11.96154,11,0.09939
0:1:11.96947,12,-0.02747
0:1:12.00928,10,0.02835
0:1:12.01734,11,0.09871
0:1:12.02527,12,-0.0206
0:1:12.06532,10,0.02942
0:1:12.07326,11,0.09902
0:1:12.08132,12,-0.01373
0:1:12.12137,10,0.02935
0:1:12.12930,11,0.09906
0:1:12.13736,12,-0.01373
0:1:12.17729,10,0.02919
0:1:12.18535,11,0.09988
0:1:12.19328,12,-0.01373
0:1:12.23333,10,0.02956
0:1:12.24139,11,0.09889
0:1:12.24933,12,-0.01373
0:1:12.28938,10,0.0299
0:1:12.29731,11,0.09971
0:1:12.30537,12,-0.00687
0:1:12.34530,10,0.02923
0:1:12.35336,11,0.09936
0:1:12.36142,12,-0.01373
0:1:12.40134,10,0.02915
0:1:12.40940,11,0.09939
0:1:12.41734,12,-0.0206
0:1:12.45739,10,0.02852
0:1:12.46532,11,0.10037
0:1:12.47338,12,-0.01373
0:1:12.51343,10,0.02902
0:1:12.52137,11,0.09856
0:1:12.52943,12,-0.0206
0:1:12.56935,10,0.02924
0:1:12.57741,11,0.09951
0:1:12.58535,12,-0.01373
0:1:12.62540,10,0.02919
0:1:12.63346,11,0.09837
0:1:12.64139,12,-0.00687
0:1:12.68144,10,0.03034
0:1:12.68938,11,0.0986
0:1:12.69744,12,-2.36439
0:1:12.73748,10,0.02892
0:1:12.74542,11,0.09852
0:1:12.75348,12,-2.35752
0:1:12.79341,10,0.03012
0:1:12.80147,11,0.09922
0:1:12.80940,12,-0.02747
0:1:12.84945,10,0.02965
0:1:12.85751,11,0.09853
0:1:12.86545,12,-0.0206
0:1:12.90549,10,0.16196
0:1:12.91343,11,0.11506
0:1:12.92149,12,-0.0206
0:1:12.96154,10,0.1563
0:1:12.96947,11,0.11255
0:1:12.97753,12,-0.00687
0:1:13.01722,10,0.11638
0:1:13.02527,11,0.10793
0:1:13.03321,12,-0.00687
0:1:13.07326,10,0.17191
0:1:13.08120,11,0.11149
0:1:13.08926,12,-0.0206
0:1:13.12930,10,0.22176
0:1:13.13724,11,0.11496
0:1:13.14530,12,-0.0206
0:1:13.18523,10,0.20026
0:1:13.19328,11,0.10624
0:1:13.20122,12,-0.0206
0:1:13.24127,10,0.21698
0:1:13.24933,11,0.10913
0:1:13.25727,12,-0.0206
0:1:13.29731,10,0.0301
0:1:13.30525,11,0.10028
0:1:13.31331,12,-0.02747
0:1:13.35336,10,0.02976
0:1:13.36129,11,0.09848
0:1:13.36935,12,-0.0206
0:1:13.40928,10,0.03003
0:1:13.41734,11,0.09932
0:1:13.42527,12,-0.01373
0:1:13.46532,10,0.03007
0:1:13.47338,11,0.09873
0:1:13.48132,12,-0.0206
0:1:13.52137,10,0.03006
0:1:13.52930,11,0.09859
0:1:13.53736,12,-0.02747
0:1:13.57741,10,0.02969
0:1:13.58535,11,0.09913
0:1:13.59292,12,-0.0206
0:1:13.63333,10,0.03051
0:1:13.64139,11,0.09854
0:1:13.64933,12,0
0:1:13.68938,10,0.0288
0:1:13.69731,11,0.09866
0:1:13.70537,12,-0.00687
0:1:13.74542,10,0.03072
0:1:13.75336,11,0.09989
0:1:13.76142,12,-2.35752
0:1:13.80134,10,0.02999
0:1:13.80940,11,0.09973
0:1:13.81746,12,-2.35752
0:1:13.85739,10,0.02903
0:1:13.86545,11,0.0989
0:1:13.87338,12,-2.35752
0:1:13.91343,10,0.0291
0:1:13.92137,11,0.09905
0:1:13.92943,12,-2.36439
0:1:13.96947,10,0.03057
0:1:13.97741,11,0.09772
0:1:13.98547,12,-2.37583
0:1:14.02515,10,0.03027
0:1:14.03321,11,0.0991
0:1:14.04115,12,-2.37125
0:1:14.08120,10,0.03085
0:1:14.08926,11,0.09907
0:1:14.09719,12,-2.36439
0:1:14.13724,10,0.03
0:1:14.14518,11,0.09871
0:1:14.15324,12,-2.36439
0:1:14.19328,10,0.03041
0:1:14.20122,11,0.09945
0:1:14.20928,12,-2.35752
0:1:14.24921,10,0.03056
0:1:14.25727,11,0.10006
0:1:14.26520,12,0
0:1:14.30525,10,0.03022
0:1:14.31331,11,0.10059
0:1:14.32125,12,-0.01373
0:1:14.36129,10,0.02968
0:1:14.36923,11,0.09915
0:1:14.37729,12,-0.0206
0:1:14.41722,10,0.03058
0:1:14.42527,11,0.09946
0:1:14.43333,12,-0.01373
0:1:14.47326,10,0.0304
0:1:14.48132,11,0.12155
0:1:14.48925,12,-0.01373
0:1:14.52930,10,0.45597
0:1:14.53724,11,0.12085
0:1:14.54530,12,-0.01373
0:1:14.58535,10,0.43095
0:1:14.59328,11,0.11947
0:1:14.60134,12,-0.01373
0:1:14.64127,10,0.42379
0:1:14.64933,11,0.11999
0:1:14.65726,12,-0.01373
0:1:14.69731,10,0.38652
0:1:14.70537,11,0.12013
0:1:14.71331,12,-0.0206
0:1:14.75336,10,0.3835
0:1:14.76129,11,0.11786
0:1:14.76935,12,-0.01373
0:1:14.80940,10,0.39123
0:1:14.81734,11,0.11712
0:1:14.82540,12,0
0:1:14.86532,10,0.34962
0:1:14.87338,11,0.11794
0:1:14.88132,12,-0.01373
0:1:14.92137,10,0.0306
0:1:14.92943,11,0.09886
0:1:14.93736,12,-0.01373
0:1:14.97741,10,0.02962
0:1:14.98535,11,0.10057
0:1:14.99341,12,-0.0206
0:1:15.03309,10,0.03044
0:1:15.04115,11,0.09905
0:1:15.04921,12,-0.02747
0:1:15.08913,10,0.03024
0:1:15.09719,11,0.09892
0:1:15.10513,12,-0.01373
0:1:15.14518,10,0.0299
0:1:15.15311,11,0.09974
0:1:15.16117,12,-0.01373
0:1:15.20122,10,0.03054
0:1:15.20916,11,0.09861
0:1:15.21722,12,-0.01373
0:1:15.25714,10,0.03078
0:1:15.26520,11,0.0992
0:1:15.27314,12,-0.01373
0:1:15.31319,10,0.02993
0:1:15.32125,11,0.09923
0:1:15.32918,12,-0.00687
0:1:15.36923,10,0.0303
0:1:15.37717,11,0.09978
0:1:15.38523,12,-0.00687
0:1:15.42527,10,0.03052
0:1:15.43321,11,0.1003
0:1:15.44127,12,-0.00687
0:1:15.48120,10,0.03137
0:1:15.48925,11,0.09998
0:1:15.49719,12,-0.02747
0:1:15.53724,10,0.03102
0:1:15.54506,11,0.09972
0:1:15.55324,12,-0.0206
0:1:15.59328,10,0.03048
0:1:15.60122,11,0.09977
0:1:15.60928,12,-0.0206
0:1:15.64933,10,0.03039
0:1:15.65726,11,0.0996
0:1:15.66532,12,-0.01373
0:1:15.70525,10,0.03141
0:1:15.71331,11,0.09936
0:1:15.72125,12,-0.00687
0:1:15.76129,10,0.03166
0:1:15.76923,11,0.10037
0:1:15.77729,12,-0.00687
0:1:15.81709,10,0.03151
0:1:15.82527,11,0.0997
0:1:15.83333,12,-0.0206
0:1:15.87326,10,0.03051
0:1:15.88132,11,0.10003
0:1:15.88926,12,-0.01373
0:1:15.92930,10,0.03156
0:1:15.93736,11,0.09802
0:1:15.94530,12,-0.01373
0:1:15.98535,10,0.03212
0:1:15.99328,11,0.10022
0:1:16.00110,12,-0.00687
0:1:16.04115,10,0.03224
0:1:16.04908,11,0.09879
0:1:16.05714,12,-0.00687
0:1:16.09707,10,0.42885
0:1:16.10513,11,0.12086
0:1:16.11306,12,-0.0206
0:1:16.15311,10,0.41135
0:1:16.16117,11,0.11756
0:1:16.16911,12,-0.01373
0:1:16.20916,10,0.40914
0:1:16.21709,11,0.12076
0:1:16.22515,12,-0.01373
0:1:16.26520,10,0.42149
0:1:16.27314,11,0.11927
0:1:16.28120,12,0
0:1:16.32112,10,0.40321
0:1:16.32918,11,0.11927
0:1:16.33712,12,-0.01373
0:1:16.37717,10,0.40646
0:1:16.38510,11,0.12025
0:1:16.39316,12,-0.01373
0:1:16.43272,10,0.42263
0:1:16.44115,11,0.11809
0:1:16.44921,12,-0.01373
0:1:16.48913,10,0.40637
0:1:16.49719,11,0.09895
0:1:16.50513,12,-0.0206
0:1:16.54518,10,0.03058
0:1:16.55324,11,0.09955
0:1:16.56117,12,-0.01373
0:1:16.60122,10,0.03111
0:1:16.60916,11,0.09917
0:1:16.61722,12,-2.36667
0:1:16.65726,10,0.0322
0:1:16.66520,11,0.101
0:1:16.67326,12,-0.01373
0:1:16.71319,10,0.03273
0:1:16.72124,11,0.09896
0:1:16.72918,12,-0.01373
0:1:16.76923,10,0.03251
0:1:16.77729,11,0.10036
0:1:16.78522,12,-2.36439
0:1:16.82528,10,0.03737
0:1:16.83321,11,0.10002
0:1:16.84127,12,-2.36439
0:1:16.88132,10,0.04282
0:1:16.88926,11,0.09933
0:1:16.89731,12,-0.00687
0:1:16.93724,10,0.03427
0:1:16.94530,11,0.0998
0:1:16.95324,12,-0.0206
0:1:16.99328,10,0.03305
0:1:17.00110,11,0.09961
0:1:17.00904,12,-0.0206
0:1:17.04908,10,0.03277
0:1:17.05702,11,0.09854
0:1:17.06508,12,-0.0206
0:1:17.10501,10,0.03266
0:1:17.11306,11,0.09905
0:1:17.12100,12,-0.01373
0:1:17.16105,10,0.03315
0:1:17.16911,11,0.09909
0:1:17.17705,12,-0.0206
0:1:17.21709,10,0.03308
0:1:17.22503,11,0.09872
0:1:17.23309,12,-0.01373
0:1:17.27314,10,0.03388
0:1:17.28107,11,0.09908
0:1:17.28913,12,-0.0206
0:1:17.32906,10,0.03261
0:1:17.33712,11,0.10045
0:1:17.34505,12,-0.01373
0:1:17.38510,10,0.03392
0:1:17.39316,11,0.09913
0:1:17.40110,12,-0.01373
0:1:17.44115,10,0.03472
0:1:17.44908,11,0.10014
0:1:17.45714,12,-0.0206
0:1:17.49719,10,0.03344
0:1:17.50513,11,0.09985
0:1:17.51319,12,-0.01373
0:1:17.55311,10,0.03347
0:1:17.56117,11,0.10006
0:1:17.56911,12,-0.01373
0:1:17.60916,10,0.03318
0:1:17.61722,11,0.10082
0:1:17.62515,12,-0.00687
0:1:17.66520,10,0.03365
0:1:17.67314,11,0.1002
0:1:17.68120,12,-0.0206
0:1:17.72112,10,0.07364
0:1:17.72918,11,0.09442
0:1:17.73724,12,-0.01373
0:1:17.77717,10,0.07586
0:1:17.78522,11,0.09423
0:1:17.79316,12,-0.01373
0:1:17.83321,10,0.08327
0:1:17.84115,11,0.09508
0:1:17.84921,12,-0.00687
0:1:17.88926,10,0.081
0:1:17.89719,11,0.09685
0:1:17.90525,12,-0.01373
0:1:17.94518,10,0.09128
0:1:17.95324,11,0.09894
0:1:17.96117,12,-0.00687
0:1:18.00098,10,0.2296
0:1:18.00904,11,0.10847
0:1:18.01697,12,-3.74914
0:1:18.02491,0,-51.57166
0:1:18.05702,10,0.39401
0:1:18.06496,11,0.11876
0:1:18.07302,12,-0.16938
0:1:18.11306,10,0.03345
0:1:18.12100,11,0.10063
0:1:18.12906,12,-3.74456
0:1:18.13700,0,-51.57166
0:1:18.16899,10,0.03404
0:1:18.17705,11,0.10062
0:1:18.18498,12,-0.23346
0:1:18.22503,10,0.03357
0:1:18.23309,11,0.09983
0:1:18.24103,12,-0.01373
0:1:18.28107,10,0.03398
0:1:18.28901,11,0.09808
0:1:18.29707,12,-0.01373
0:1:18.33700,10,0.03499
0:1:18.34505,11,0.09923
0:1:18.35311,12,-3.69421
0:1:18.39304,10,0.03379
0:1:18.40110,11,0.09966
0:1:18.40903,12,-0.0206
0:1:18.44908,10,0.03404
0:1:18.45702,11,0.09949
0:1:18.46508,12,-0.01373
0:1:18.50513,10,0.03417
0:1:18.51307,11,0.10039
0:1:18.52112,12,-0.0206
0:1:18.56105,10,0.03342
0:1:18.56911,11,0.10042
0:1:18.57705,12,-0.01373
0:1:18.61709,10,0.03366
0:1:18.62515,11,0.09955
0:1:18.63309,12,-0.01373
0:1:18.67314,10,0.03393
0:1:18.68107,11,0.10082
0:1:18.68913,12,-0.01373
0:1:18.72918,10,0.03385
0:1:18.73712,11,0.10082
0:1:18.74518,12,-2.4033
0:1:18.75311,0,74.99084
0:1:18.78510,10,0.03331
0:1:18.79316,11,0.09903
0:1:18.80110,12,-2.35065
0:1:18.84115,10,0.0332
0:1:18.84921,11,0.10045
0:1:18.85714,12,-0.05951
0:1:18.86508,0,74.99084
0:1:18.89719,10,0.03368
0:1:18.90513,11,0.09935
0:1:18.91319,12,-0.0206
0:1:18.95311,10,0.03403
0:1:18.96117,11,0.0994
0:1:18.96923,12,-0.01373
0:1:19.00891,10,0.03392
0:1:19.01697,11,0.10012
0:1:19.02491,12,-0.01373
0:1:19.06496,10,0.03507
0:1:19.07289,11,0.09983
0:1:19.08095,12,-0.01373
0:1:19.12100,10,0.03344
0:1:19.12894,11,0.09957
0:1:19.13700,12,-3.72168
0:1:19.17692,10,0.0341
0:1:19.18498,11,0.10044
0:1:19.19292,12,-3.57519
0:1:19.23297,10,0.03477
0:1:19.24078,11,0.09941
0:1:19.24896,12,-0.22202
0:1:19.28901,10,0.23391
0:1:19.29695,11,0.10931
0:1:19.30501,12,-0.01373
0:1:19.31294,0,-63.29041
0:1:19.34505,10,0.15395
0:1:19.35299,11,0.10602
0:1:19.36105,12,-0.23346
0:1:19.40098,10,0.16201
0:1:19.40903,11,0.10702
0:1:19.41697,12,-3.72854
0:1:19.42491,0,-51.57166
0:1:19.45702,10,0.26299
0:1:19.46508,11,0.11502
0:1:19.47302,12,-3.74914
0:1:19.48095,0,-72.66541
0:1:19.51307,10,0.18653
0:1:19.52100,11,0.11165
0:1:19.52906,12,-3.74914
0:1:19.53700,0,-75
0:1:19.56911,10,0.14433
0:1:19.57705,11,0.11022
0:1:19.58510,12,-1.40536
0:1:19.62503,10,0.14834
0:1:19.63309,11,0.10961
0:1:19.64103,12,-1.40536
0:1:19.68107,10,0.14008
0:1:19.68901,11,0.11009
0:1:19.69707,12,-3.74914
0:1:19.70501,0,-75
0:1:19.73712,10,0.03384
0:1:19.74505,11,0.10071
0:1:19.75311,12,-3.74914
0:1:19.76105,0,-75
0:1:19.79304,10,0.03399
0:1:19.80110,11,0.09943
0:1:19.80904,12,-3.74914
0:1:19.81709,0,-75
0:1:19.84908,10,0.03315
0:1:19.85714,11,0.09957
0:1:19.86508,12,-3.74914
0:1:19.87302,0,-75
0:1:19.90513,10,0.03417
0:1:19.91306,11,0.10052
0:1:19.92112,12,-3.74914
0:1:19.92906,0,-75
0:1:19.96117,10,0.03378
0:1:19.96911,11,0.10015
0:1:19.97717,12,-3.74914
0:1:19.98510,0,-75
0:1:20.01685,10,0.03383
0:1:20.02491,11,0.1017
0:1:20.03284,12,-3.74914
0:1:20.04078,0,-75
0:1:20.07289,10,0.03348
0:1:20.08095,11,0.09909
0:1:20.08889,12,-0.0206
0:1:20.12894,10,0.03329
0:1:20.13688,11,0.10085
0:1:20.14493,12,-0.0206
0:1:20.18498,10,0.03364
0:1:20.19292,11,0.09983
0:1:20.20098,12,-0.23346
0:1:20.20891,0,-42.1875
0:1:20.24090,10,0.03367
0:1:20.24896,11,0.10031
0:1:20.25690,12,-0.23346
0:1:20.26484,0,-72.67456
0:1:20.29695,10,0.03499
0:1:20.30501,11,0.09923
0:1:20.31294,12,-0.03204
0:1:20.35299,10,0.03442
0:1:20.36093,11,0.09937
0:1:20.36899,12,-0.0206
0:1:20.40891,10,0.03462
0:1:20.41697,11,0.0994
0:1:20.42503,12,-0.01373
0:1:20.46496,10,0.03341
0:1:20.47302,11,0.10025
0:1:20.48095,12,-0.02747
0:1:20.52100,10,0.03384
0:1:20.52894,11,0.09993
0:1:20.53700,12,-0.01373
0:1:20.57705,10,0.03403
0:1:20.58498,11,0.10047
0:1:20.59292,12,-0.0206
0:1:20.63297,10,0.03383
0:1:20.64103,11,0.09928
0:1:20.64896,12,-0.0206
0:1:20.68901,10,0.03402
0:1:20.69695,11,0.09974
0:1:20.70501,12,-0.0206
0:1:20.74505,10,0.03505
0:1:20.75299,11,0.10003
0:1:20.76105,12,-0.01373
0:1:20.80110,10,0.03499
0:1:20.80904,11,0.09991
0:1:20.81709,12,-0.01373
0:1:20.85702,10,0.03424
0:1:20.86508,11,0.10069
0:1:20.87302,12,-0.01373
0:1:20.91306,10,0.13861
0:1:20.92112,11,0.10305
0:1:20.92906,12,-0.0206
0:1:20.96911,10,0.13211
0:1:20.97705,11,0.1016
0:1:20.98510,12,-3.69421
0:1:21.02479,10,0.14071
0:1:21.03284,11,0.10095
0:1:21.04090,12,-3.52941
0:1:21.08083,10,0.12554
0:1:21.08889,11,0.09962
0:1:21.09682,12,-3.74685
0:1:21.10476,0,-63.86719
0:1:21.13688,10,0.11306
0:1:21.14481,11,0.09968
0:1:21.15287,12,-3.66217
0:1:21.16081,0,-28.13416
0:1:21.19292,10,0.10044
0:1:21.20086,11,0.09919
0:1:21.20891,12,-0.02747
0:1:21.24884,10,0.10656
0:1:21.25690,11,0.09782
0:1:21.26484,12,-0.02747
0:1:21.30488,10,0.13604
0:1:21.31294,11,0.10018
0:1:21.32088,12,-0.01373
0:1:21.36093,10,0.03505
0:1:21.36886,11,0.09906
0:1:21.37692,12,-0.01373
0:1:21.41697,10,0.03455
0:1:21.42491,11,0.09968
0:1:21.43297,12,-0.01373
0:1:21.47289,10,0.03424
0:1:21.48095,11,0.09926
0:1:21.48889,12,-0.0206
0:1:21.52894,10,0.03459
0:1:21.53700,11,0.10101
0:1:21.54493,12,-0.01373
0:1:21.58498,10,0.03488
0:1:21.59292,11,0.09915
0:1:21.60098,12,-0.0206
0:1:21.64090,10,0.03397
0:1:21.64896,11,0.09867
0:1:21.65702,12,-0.00687
0:1:21.69695,10,0.03477
0:1:21.70501,11,0.09932
0:1:21.71294,12,-0.0206
0:1:21.75299,10,0.03539
0:1:21.76093,11,0.10052
0:1:21.76899,12,-0.01373
0:1:21.77692,0,-74.01123
0:1:21.80904,10,0.03391
0:1:21.81697,11,0.09955
0:1:21.82503,12,-0.01373
0:1:21.86496,10,0.03566
0:1:21.87302,11,0.09924
0:1:21.88095,12,-0.16709
0:1:21.92100,10,0.03446
0:1:21.92906,11,0.09908
0:1:21.93700,12,-3.52941
0:1:21.94493,0,65.625
0:1:21.97705,10,0.03533
0:1:21.98498,11,0.09925
0:1:21.99304,12,-3.53628
0:1:22.00073,0,73.96545
0:1:22.03284,10,0.03482
0:1:22.04078,11,0.10008
0:1:22.04884,12,-2.36439
0:1:22.08877,10,0.0336
0:1:22.09682,11,0.10037
0:1:22.10476,12,-0.01373
0:1:22.14481,10,0.03353
0:1:22.15287,11,0.10059
0:1:22.16081,12,-0.01373
0:1:22.20086,10,0.03448
0:1:22.20879,11,0.10039
0:1:22.21685,12,-3.58434
0:1:22.25678,10,0.03453
0:1:22.26484,11,0.09895
0:1:22.27289,12,-0.01373
0:1:22.31282,10,0.03449
0:1:22.32088,11,0.09987
0:1:22.32882,12,0
0:1:22.36886,10,0.03543
0:1:22.37680,11,0.1004
0:1:22.38486,12,-3.74228
0:1:22.42491,10,0.0356
0:1:22.43284,11,0.10023
0:1:22.44090,12,-0.0206
0:1:22.48083,10,0.15321
0:1:22.48889,11,0.10117
0:1:22.49683,12,-0.0206
0:1:22.53687,10,0.14633
0:1:22.54493,11,0.10071
0:1:22.55287,12,-0.01373
0:1:22.59292,10,0.17924
0:1:22.60085,11,0.1005
0:1:22.60891,12,-0.08698
0:1:22.64896,10,0.23407
0:1:22.65690,11,0.10013
0:1:22.66496,12,-0.01373
0:1:22.70488,10,0.2342
0:1:22.71294,11,0.10456
0:1:22.72088,12,-0.01373
0:1:22.76093,10,0.16589
0:1:22.76874,11,0.11199
0:1:22.77692,12,-0.01373
0:1:22.81697,10,0.14962
0:1:22.82491,11,0.1106
0:1:22.83297,12,-0.01373
0:1:22.87302,10,0.15602
0:1:22.88095,11,0.11354
0:1:22.88901,12,-0.0206
0:1:22.92894,10,0.03556
0:1:22.93700,11,0.09977
0:1:22.94493,12,-2.37125
0:1:22.98498,10,0.03529
0:1:22.99292,11,0.09974
0:1:23.00073,12,-0.0206
0:1:23.04078,10,0.03593
0:1:23.04872,11,0.09935
0:1:23.05678,12,-3.74685
0:1:23.06471,0,-70.32166
0:1:23.09670,10,0.03574
0:1:23.10476,11,0.09953
0:1:23.11270,12,-3.74914
0:1:23.12076,0,-37.50916
0:1:23.15275,10,0.03463
0:1:23.16081,11,0.0998
0:1:23.16874,12,-2.4033
0:1:23.20879,10,0.03396
0:1:23.21673,11,0.09977
0:1:23.22479,12,-0.206
0:1:23.26484,10,0.03495
0:1:23.27277,11,0.09962
0:1:23.28083,12,-0.16709
0:1:23.28877,0,-37.7655
0:1:23.32076,10,0.03459
0:1:23.32882,11,0.09986
0:1:23.33675,12,-0.01373
0:1:23.37680,10,0.03465
0:1:23.38486,11,0.09943
0:1:23.39280,12,-0.0206
0:1:23.43284,10,0.03521
0:1:23.44078,11,0.09977
0:1:23.44884,12,-3.74914
0:1:23.45678,0,-37.50916
0:1:23.48889,10,0.03424
0:1:23.49683,11,0.1011
0:1:23.50488,12,-0.05722
0:1:23.51233,0,54.91333
0:1:23.54481,10,0.03451
0:1:23.55287,11,0.1007
0:1:23.56081,12,-3.74914
0:1:23.60085,10,0.03573
0:1:23.60891,11,0.10075
0:1:23.61685,12,-0.01373
0:1:23.65690,10,0.03435
0:1:23.66483,11,0.10098
0:1:23.67289,12,-0.0206
0:1:23.71282,10,0.03466
0:1:23.72088,11,0.10023
0:1:23.72894,12,-0.0206
0:1:23.76886,10,0.03401
0:1:23.77692,11,0.10045
0:1:23.78486,12,-0.00687
0:1:23.82491,10,0.03633
0:1:23.83285,11,0.09993
0:1:23.84090,12,-0.01373
0:1:23.88095,10,0.03543
0:1:23.88889,11,0.09995
0:1:23.89695,12,-0.00687
0:1:23.93687,10,0.03546
0:1:23.94493,11,0.10062
0:1:23.95287,12,-0.01373
0:1:23.99292,10,0.03467
0:1:24.00073,11,0.10091
0:1:24.00867,12,-0.01373
0:1:24.04872,10,0.03543
0:1:24.05665,11,0.10001
0:1:24.06471,12,-2.34379
0:1:24.10476,10,0.03348
0:1:24.11270,11,0.09031
0:1:24.12076,12,-2.35065
0:1:24.16068,10,0.0333
0:1:24.16874,11,0.09084
0:1:24.17668,12,-3.6759
0:1:24.21673,10,0.03823
0:1:24.22479,11,0.09231
0:1:24.23272,12,-3.74914
0:1:24.24066,0,-37.50916
0:1:24.27277,10,0.04731
0:1:24.28071,11,0.10094
0:1:24.28877,12,-0.00687
0:1:24.32869,10,0.04834
0:1:24.33675,11,0.09962
0:1:24.34481,12,-0.0206
0:1:24.38474,10,0.0482
0:1:24.39280,11,0.10052
0:1:24.40073,12,-0.0206
0:1:24.44078,10,0.04326
0:1:24.44872,11,0.09724
0:1:24.45678,12,-1.40536
0:1:24.46471,0,-37.50916
0:1:24.49683,10,0.03891
0:1:24.50476,11,0.09969
0:1:24.51282,12,-0.0206
0:1:24.55275,10,0.03348
0:1:24.56081,11,0.10037
0:1:24.56874,12,-0.23346
0:1:24.60879,10,0.03416
0:1:24.61685,11,0.10028
0:1:24.62479,12,-3.53857
0:1:24.66483,10,0.03231
0:1:24.67277,11,0.09986
0:1:24.68083,12,0.02289
0:1:24.72088,10,0.03082
0:1:24.72882,11,0.09997
0:1:24.73687,12,-0.01373
0:1:24.77680,10,0.03071
0:1:24.78486,11,0.09873
0:1:24.79280,12,-0.01373
0:1:24.83285,10,0.03097
0:1:24.84090,11,0.10032
0:1:24.84884,12,-0.00687
0:1:24.88889,10,0.03
0:1:24.89683,11,0.10064
0:1:24.90488,12,-2.4033
0:1:24.94481,10,0.03045
0:1:24.95287,11,0.0985
0:1:24.96093,12,-0.0206
0:1:25.00061,10,0.02983
0:1:25.00867,11,0.10001
0:1:25.01661,12,-0.01373
0:1:25.05665,10,0.03086
0:1:25.06459,11,0.09887
0:1:25.07265,12,-3.74685
0:1:25.11270,10,0.03006
0:1:25.12063,11,0.09944
0:1:25.12869,12,-0.02747
0:1:25.16862,10,0.03041
0:1:25.17668,11,0.10023
0:1:25.18462,12,-2.35752
0:1:25.19267,0,0.02747
0:1:25.22466,10,0.03145
0:1:25.23272,11,0.09915
0:1:25.24066,12,-0.21973
0:1:25.24860,0,-37.54578
0:1:25.28071,10,0.02969
0:1:25.28864,11,0.09972
0:1:25.29670,12,-0.00687
0:1:25.33675,10,0.03113
0:1:25.34469,11,0.09831
0:1:25.35275,12,-0.01373
0:1:25.39267,10,0.0303
0:1:25.40073,11,0.0994
0:1:25.40867,12,-0.0206
0:1:25.44872,10,0.03038
0:1:25.45678,11,0.09983
0:1:25.46471,12,-0.01373
0:1:25.50476,10,0.0305
0:1:25.51270,11,0.09961
0:1:25.52076,12,-0.01373
0:1:25.56068,10,0.03006
0:1:25.56874,11,0.09987
0:1:25.57631,12,-0.01373
0:1:25.61673,10,0.02908
0:1:25.62479,11,0.09858
0:1:25.63272,12,-0.01373
0:1:25.67277,10,0.0752
0:1:25.68071,11,0.11288
0:1:25.68877,12,-0.01373
0:1:25.72882,10,0.07028
0:1:25.73675,11,0.11189
0:1:25.74481,12,-0.00687
0:1:25.75275,0,0.02747
0:1:25.78474,10,0.05847
0:1:25.79280,11,0.10888
0:1:25.80073,12,-0.02976
0:1:25.84078,10,0.03722
0:1:25.84884,11,0.10668
0:1:25.85678,12,-0.01373
0:1:25.89683,10,0.03897
0:1:25.90476,11,0.1034
0:1:25.91282,12,-3.52255
0:1:25.95287,10,0.03833
0:1:25.96081,11,0.10615
0:1:25.96886,12,-3.52941
0:1:25.97680,0,51.77307
0:1:26.00855,10,0.0356
0:1:26.01661,11,0.1039
0:1:26.02454,12,-0.0206
0:1:26.03248,0,0.04578
0:1:26.06459,10,0.03455
0:1:26.07265,11,0.09892
0:1:26.08059,12,-0.0206
0:1:26.08852,0,0.01831
0:1:26.12063,10,0.02987
0:1:26.12857,11,0.10013
0:1:26.13663,12,-0.01373
0:1:26.14457,0,0.02747
0:1:26.17668,10,0.03042
0:1:26.18462,11,0.09869
0:1:26.19267,12,-0.0206
0:1:26.20061,0,0.01831
0:1:26.23260,10,0.03161
0:1:26.24066,11,0.0993
0:1:26.24860,12,-0.01373
0:1:26.28864,10,0.03087
0:1:26.29658,11,0.09903
0:1:26.30464,12,-0.01373
0:1:26.34469,10,0.03071
0:1:26.35262,11,0.101
0:1:26.36068,12,-2.4033
0:1:26.40061,10,0.02984
0:1:26.40867,11,0.10072
0:1:26.41660,12,-3.57519
0:1:26.45665,10,0.03116
0:1:26.46471,11,0.09907
0:1:26.47265,12,-0.23346
0:1:26.51270,10,0.02963
0:1:26.52064,11,0.09779
0:1:26.52869,12,-0.01373
0:1:26.56874,10,0.02995
0:1:26.57668,11,0.0986
0:1:26.58474,12,-0.05951
0:1:26.59267,0,74.99084
0:1:26.62466,10,0.0313
0:1:26.63272,11,0.09975
0:1:26.64066,12,-3.74914
0:1:26.64860,0,-37.50916
0:1:26.68071,10,0.02948
0:1:26.68864,11,0.09895
0:1:26.69670,12,-3.52941
0:1:26.70464,0,-0.00916
0:1:26.73675,10,0.03043
0:1:26.74469,11,0.09971
0:1:26.75275,12,-0.23346
0:1:26.76068,0,74.99084
0:1:26.79280,10,0.0305
0:1:26.80073,11,0.09921
0:1:26.80488,12,-0.20371
0:1:26.84872,10,0.02974
0:1:26.85678,11,0.09966
0:1:26.86471,12,-0.0206
0:1:26.90476,10,0.03104
0:1:26.91282,11,0.0996
0:1:26.92076,12,-0.01373
0:1:26.96081,10,0.03033
0:1:26.96874,11,0.09936
0:1:26.97680,12,-0.0206
0:1:27.01648,10,0.02891
0:1:27.02454,11,0.09893
0:1:27.03260,12,-0.0206
0:1:27.07253,10,0.03036
0:1:27.08059,11,0.0986
0:1:27.08852,12,-0.01373
0:1:27.12857,10,0.03032
0:1:27.13651,11,0.09978
0:1:27.14457,12,-0.01373
0:1:27.18462,10,0.0306
0:1:27.19255,11,0.09907
0:1:27.20061,12,-0.0206
0:1:27.24054,10,0.02898
0:1:27.24860,11,0.09894
0:1:27.25653,12,-0.00687
0:1:27.29658,10,0.04465
0:1:27.30464,11,0.0971
0:1:27.31258,12,-0.01373
0:1:27.35262,10,0.04553
0:1:27.36056,11,0.09736
0:1:27.36862,12,-0.01373
0:1:27.40867,10,0.0437
0:1:27.41660,11,0.09625
0:1:27.42466,12,-0.00687
0:1:27.46459,10,0.04229
0:1:27.47265,11,0.09607
0:1:27.48059,12,-0.0206
0:1:27.52064,10,0.04233
0:1:27.52869,11,0.09638
0:1:27.53663,12,-0.01373
0:1:27.57668,10,0.04143
0:1:27.58462,11,0.09838
0:1:27.59267,12,-0.01373
0:1:27.60061,0,74.99084
0:1:27.63260,10,0.03997
0:1:27.64066,11,0.1005
0:1:27.64872,12,-0.01373
0:1:27.68864,10,0.03944
0:1:27.69670,11,0.10251
0:1:27.70464,12,-0.23346
0:1:27.74469,10,0.02965
0:1:27.75262,11,0.09898
0:1:27.76068,12,0.56306
0:1:27.80073,10,0.02901
0:1:27.80867,11,0.10029
0:1:27.81673,12,-0.0206
0:1:27.85666,10,0.02942
0:1:27.86471,11,0.09842
0:1:27.87265,12,-0.01373
0:1:27.91270,10,0.02894
0:1:27.92076,11,0.0989
0:1:27.92869,12,-0.00687
0:1:27.96874,10,0.02941
0:1:27.97668,11,0.10002
0:1:27.98474,12,-0.01373
